Date,Adj Close,Close,High,Low,Open,Volume
2015-01-02,170.589599609375,205.42999267578125,206.8800048828125,204.17999267578125,206.3800048828125,121465900
2015-01-05,167.5088653564453,201.72000122070312,204.3699951171875,201.3500061035156,204.1699981689453,169632600
2015-01-06,165.9310302734375,199.82000732421875,202.72000122070312,198.8600006103516,202.08999633789065,209151400
2015-01-07,167.9987335205078,202.30999755859372,202.72000122070312,200.8800048828125,201.4199981689453,125346700
2015-01-08,170.9799346923828,205.8999938964844,206.16000366210935,203.9900054931641,204.00999450683597,147217800
2015-01-09,169.60971069335938,204.25,206.4199981689453,203.50999450683597,206.3999938964844,158567300
2015-01-12,168.28106689453125,202.6499938964844,204.6000061035156,201.9199981689453,204.41000366210935,144396100
2015-01-13,167.80776977539062,202.0800018310547,205.47999572753903,200.50999450683597,204.1199951171875,214553300
2015-01-14,166.7947540283203,200.8600006103516,201.1000061035156,198.57000732421875,199.6499938964844,192991100
2015-01-15,165.26669311523438,199.0200042724609,202.00999450683597,198.8800048828125,201.6300048828125,176613900
2015-01-16,167.4340362548828,201.6300048828125,201.82000732421875,198.5500030517578,198.7700042724609,211879600
2015-01-20,167.7911376953125,202.05999755859372,202.72000122070312,200.1699981689453,202.3999938964844,130991100
2015-01-21,168.6382293701172,203.0800018310547,203.66000366210935,200.94000244140625,201.5,122942700
2015-01-22,171.14598083496094,206.1000061035156,206.25999450683597,202.3300018310547,203.9900054931641,174356000
2015-01-23,170.20761108398438,204.97000122070312,206.1000061035156,204.80999755859372,205.7899932861328,117516800
2015-01-26,170.6062469482422,205.4499969482422,205.55999755859372,203.8500061035156,204.7100067138672,92009700
2015-01-27,168.3557891845703,202.7400054931641,204.1199951171875,201.7400054931641,202.97000122070312,134044600
2015-01-28,166.19679260253906,200.13999938964844,204.2899932861328,199.91000366210935,204.1699981689453,168514300
2015-01-29,167.73304748535156,201.9900054931641,202.3000030517578,198.67999267578125,200.3800048828125,173585400
2015-01-30,165.62379455566406,199.4499969482422,202.1699981689453,199.1300048828125,200.57000732421875,197729700
2015-02-02,167.67489624023438,201.9199981689453,202.02999877929688,197.8600006103516,200.0500030517578,163107000
2015-02-03,170.0996856689453,204.83999633789065,204.8500061035156,202.5500030517578,203.0,124212900
2015-02-04,169.45196533203125,204.05999755859372,205.3800048828125,203.50999450683597,203.9199981689453,134306700
2015-02-05,171.16261291503906,206.1199951171875,206.3000030517578,204.7700042724609,204.8600006103516,97953200
2015-02-06,170.6893310546875,205.5500030517578,207.2400054931641,204.9199981689453,206.55999755859372,125672000
2015-02-09,169.92530822753906,204.6300048828125,205.63999938964844,204.13999938964844,204.7700042724609,87219000
2015-02-10,171.73556518554688,206.80999755859372,207.1199951171875,204.67999267578125,205.8800048828125,96164200
2015-02-11,171.83522033691406,206.92999267578125,207.4499969482422,205.8300018310547,206.6100006103516,91087800
2015-02-12,173.4877166748047,208.9199981689453,208.9900054931641,206.97000122070312,207.88999938964844,97545900
2015-02-13,174.2018585205078,209.77999877929688,209.83999633789065,208.75999450683597,209.07000732421875,93670400
2015-02-17,174.4758758544922,210.1100006103516,210.32000732421875,209.1000061035156,209.3999938964844,76968200
2015-02-18,174.4925079345703,210.1300048828125,210.22000122070312,209.33999633789065,209.66000366210935,80652900
2015-02-19,174.36798095703125,209.97999572753903,210.4199981689453,209.2400054931641,209.41000366210935,91462500
2015-02-20,175.41421508789062,211.2400054931641,211.3300018310547,208.72999572753903,209.47999572753903,140896400
2015-02-23,175.38937377929688,211.2100067138672,211.2100067138672,210.47999572753903,210.94000244140625,74411100
2015-02-24,175.88755798339844,211.80999755859372,212.0500030517578,210.75999450683597,211.1199951171875,72472300
2015-02-25,175.73809814453125,211.6300048828125,212.2400054931641,211.22000122070312,211.66000366210935,73061700
2015-02-26,175.5305633544922,211.3800048828125,211.7100067138672,210.6499938964844,211.5200042724609,72697900
2015-02-27,174.93263244628906,210.66000366210935,211.5800018310547,210.6000061035156,211.25999450683597,108076000
2015-03-02,176.03709411621094,211.9900054931641,212.05999755859372,210.72000122070312,210.77999877929688,87491400
2015-03-03,175.31459045410156,211.1199951171875,212.0500030517578,210.0800018310547,211.47000122070312,110325800
2015-03-04,174.5755615234375,210.22999572753903,210.4900054931641,209.05999755859372,210.3999938964844,114497200
2015-03-05,174.76649475097656,210.4600067138672,210.8000030517578,209.8500061035156,210.6199951171875,76873000
2015-03-06,172.30850219726562,207.5,209.94000244140625,207.1000061035156,209.4199981689453,188128000
2015-03-09,173.02268981933594,208.3600006103516,208.7899932861328,207.5500030517578,207.7400054931641,89818900
2015-03-10,170.21591186523438,204.97999572753903,206.80999755859372,204.92999267578125,206.7100067138672,157121300
2015-03-11,169.81735229492188,204.5,205.5,204.3999938964844,205.2899932861328,110145700
2015-03-12,171.9763946533203,207.1000061035156,207.17999267578125,205.1999969482422,205.25999450683597,93993500
2015-03-13,170.92178344726562,205.8300018310547,207.92999267578125,204.5800018310547,206.7700042724609,162410900
2015-03-16,173.20538330078125,208.5800018310547,208.69000244140625,205.8600006103516,206.7100067138672,136099200
2015-03-17,172.6905517578125,207.9600067138672,208.4199981689453,206.97999572753903,207.69000244140625,94510400
2015-03-18,174.76649475097656,210.4600067138672,211.2700042724609,206.6199951171875,207.38999938964844,228808500
2015-03-19,173.96937561035156,209.5,210.47000122070312,209.02999877929688,209.9600067138672,117917300
2015-03-20,175.50497436523438,210.41000366210935,211.0200042724609,209.4900054931641,209.7100067138672,177715100
2015-03-23,175.16294860839844,210.0,211.1100006103516,210.0,210.4199981689453,71784500
2015-03-24,174.17877197265625,208.82000732421875,210.3999938964844,208.7400054931641,209.8500061035156,77805300
2015-03-25,171.6262969970703,205.75999450683597,209.3500061035156,205.7100067138672,209.07000732421875,159521700
2015-03-26,171.21766662597656,205.2700042724609,206.3699951171875,204.1199951171875,204.9600067138672,153067200
2015-03-27,171.6096954345703,205.7400054931641,205.9499969482422,204.8999938964844,205.1300048828125,118939000
2015-03-30,173.70327758789062,208.25,208.6100006103516,206.9600067138672,206.97999572753903,96180400
2015-03-31,172.18521118164062,206.42999267578125,208.1000061035156,206.3600006103516,207.25999450683597,126768700
2015-04-01,171.57630920410156,205.6999969482422,206.4199981689453,204.50999450683597,206.38999938964844,137303600
2015-04-02,172.19354248046875,206.44000244140625,206.97999572753903,205.3999938964844,205.6199951171875,86900900
2015-04-06,173.35293579101562,207.8300018310547,208.4499969482422,205.2100067138672,205.3699951171875,114368200
2015-04-07,172.89419555664062,207.27999877929688,208.75999450683597,207.2400054931641,207.8600006103516,81236300
2015-04-08,173.47808837890625,207.97999572753903,208.50999450683597,207.0800018310547,207.5500030517578,89351900
2015-04-09,174.24539184570312,208.8999938964844,209.17999267578125,207.19000244140625,207.77999877929688,85548900
2015-04-10,175.1963348388672,210.0399932861328,210.08999633789065,208.9600067138672,209.1999969482422,72722900
2015-04-13,174.40394592285156,209.08999633789065,210.6300048828125,209.02999877929688,209.8699951171875,74436600
2015-04-14,174.73760986328125,209.4900054931641,209.7100067138672,208.1000061035156,208.8500061035156,75099900
2015-04-15,175.52163696289062,210.42999267578125,211.0399932861328,209.9499969482422,210.0500030517578,99529300
2015-04-16,175.47158813476562,210.3699951171875,210.97999572753903,209.7899932861328,210.02999877929688,68934900
2015-04-17,173.4530487060547,207.9499969482422,209.22999572753903,207.00999450683597,208.94000244140625,191113200
2015-04-20,175.03787231445312,209.8500061035156,210.25,208.9600067138672,209.05999755859372,92189500
2015-04-21,174.829345703125,209.6000061035156,210.8600006103516,209.2400054931641,210.6699981689453,72559800
2015-04-22,175.68844604492188,210.6300048828125,210.8500061035156,208.8999938964844,210.00999450683597,78264600
2015-04-23,176.1304931640625,211.16000366210935,211.94000244140625,210.00999450683597,210.1499938964844,102585900
2015-04-24,176.5392303466797,211.6499938964844,211.97000122070312,211.1100006103516,211.66000366210935,61327400
2015-04-27,175.8052520751953,210.7700042724609,212.47999572753903,210.5399932861328,212.3300018310547,79358100
2015-04-28,176.36404418945312,211.44000244140625,211.5,209.3300018310547,210.7400054931641,86863500
2015-04-29,175.6383819580078,210.57000732421875,211.2899932861328,209.6000061035156,210.3699951171875,125684900
2015-04-30,173.8784942626953,208.4600067138672,210.3500061035156,207.6199951171875,209.8800048828125,161304900
2015-05-01,175.7635498046875,210.72000122070312,210.7700042724609,209.27999877929688,209.3999938964844,103399700
2015-05-04,176.26402282714844,211.32000732421875,212.0200042724609,211.1000061035156,211.22999572753903,70927200
2015-05-05,174.24539184570312,208.8999938964844,211.4600067138672,208.72999572753903,211.02999877929688,113326200
2015-05-06,173.52810668945312,208.0399932861328,209.92999267578125,206.75999450683597,209.55999755859372,135060200
2015-05-07,174.2204132080078,208.8699951171875,209.3800048828125,207.5200042724609,207.9199981689453,88244900
2015-05-08,176.5142364501953,211.6199951171875,211.8600006103516,210.77999877929688,210.8800048828125,155877300
2015-05-11,175.67178344726562,210.6100006103516,211.88999938964844,210.5200042724609,211.57000732421875,75708100
2015-05-12,175.14630126953125,209.97999572753903,210.6300048828125,208.6199951171875,209.6100006103516,119727600
2015-05-13,175.1796875,210.0200042724609,211.22000122070312,209.7400054931641,210.47000122070312,94667900
2015-05-14,177.00631713867188,212.2100067138672,212.32000732421875,210.91000366210935,211.2400054931641,95934000
2015-05-15,177.19821166992188,212.44000244140625,212.6100006103516,211.8600006103516,212.44000244140625,76510100
2015-05-18,177.74871826171875,213.1000061035156,213.3999938964844,212.16000366210935,212.2400054931641,74549700
2015-05-19,177.69033813476562,213.02999877929688,213.57000732421875,212.69000244140625,213.2400054931641,72114600
2015-05-20,177.5652313232422,212.8800048828125,213.77999877929688,212.5,213.1499938964844,76857500
2015-05-21,178.0823516845703,213.5,213.75,212.50999450683597,212.7100067138672,64764600
2015-05-22,177.65695190429688,212.9900054931641,213.5399932861328,212.91000366210935,213.0399932861328,57433500
2015-05-26,175.746826171875,210.6999969482422,212.91000366210935,210.1999969482422,212.3999938964844,124308600
2015-05-27,177.41510009765625,212.6999969482422,212.97999572753903,210.75999450683597,211.25,93214000
2015-05-28,177.2148895263672,212.4600067138672,212.58999633789065,211.6300048828125,212.3300018310547,74974600
2015-05-29,176.11390686035156,211.13999938964844,212.42999267578125,210.82000732421875,212.3800048828125,124919600
2015-06-01,176.4725341796875,211.57000732421875,212.33999633789065,210.6199951171875,211.94000244140625,93338800
2015-06-02,176.29736328125,211.3600006103516,212.19000244140625,210.2700042724609,211.0200042724609,91531000
2015-06-03,176.76443481445312,211.9199981689453,212.6699981689453,211.3300018310547,212.0,87820900
2015-06-04,175.27142333984375,210.1300048828125,211.8600006103516,209.75,211.07000732421875,151882800
2015-06-05,174.97109985351562,209.7700042724609,210.5800018310547,208.97999572753903,209.9499969482422,121704700
2015-06-08,173.8951873779297,208.47999572753903,209.82000732421875,208.38999938964844,209.63999938964844,89063300
2015-06-09,173.87010192871094,208.4499969482422,209.1000061035156,207.69000244140625,208.4499969482422,105034700
2015-06-10,175.95538330078125,210.9499969482422,211.41000366210935,209.3000030517578,209.3699951171875,134551300
2015-06-11,176.52256774902344,211.6300048828125,212.08999633789065,211.1999969482422,211.47999572753903,73876400
2015-06-12,175.17129516601562,210.00999450683597,211.47999572753903,209.67999267578125,210.63999938964844,135382400
2015-06-15,174.42062377929688,209.1100006103516,209.4499969482422,207.7899932861328,208.63999938964844,124384200
2015-06-16,175.37155151367188,210.25,210.3500061035156,208.72000122070312,208.92999267578125,85308200
2015-06-17,175.65512084960938,210.58999633789065,211.32000732421875,209.3600006103516,210.58999633789065,126708600
2015-06-18,177.4818115234375,212.77999877929688,213.33999633789065,210.6300048828125,211.30999755859372,165867900
2015-06-19,176.69393920898438,210.80999755859372,211.5500030517578,210.3600006103516,211.4600067138672,130478700
2015-06-22,177.59915161132812,211.88999938964844,212.58999633789065,211.63999938964844,211.91000366210935,70696000
2015-06-23,177.72486877441406,212.0399932861328,212.44000244140625,211.57000732421875,212.13999938964844,68476800
2015-06-24,176.43406677246094,210.5,212.1699981689453,210.47000122070312,211.72000122070312,92307300
2015-06-25,175.89764404296875,209.8600006103516,211.25,209.7700042724609,211.1000061035156,97107400
2015-06-26,175.86410522460938,209.82000732421875,210.5800018310547,209.16000366210935,210.2899932861328,104174800
2015-06-29,172.1762237548828,205.4199981689453,209.8300018310547,205.3300018310547,208.0500030517578,202621300
2015-06-30,172.5366973876953,205.8500061035156,207.32000732421875,205.27999877929688,207.25999450683597,182925100
2015-07-01,173.9195556640625,207.5,208.02999877929688,206.55999755859372,207.72999572753903,135979900
2015-07-02,173.7603302001953,207.30999755859372,208.2700042724609,206.80999755859372,208.07000732421875,104373700
2015-07-06,173.26583862304688,206.72000122070312,207.6499938964844,205.52999877929688,205.7700042724609,117975400
2015-07-07,174.35545349121094,208.0200042724609,208.1699981689453,204.1100006103516,206.9600067138672,173820200
2015-07-08,171.43020629882812,204.52999877929688,206.75999450683597,204.25,206.4199981689453,164020100
2015-07-09,171.74032592773438,204.8999938964844,207.3500061035156,204.7700042724609,207.0399932861328,144113100
2015-07-10,173.90283203125,207.47999572753903,207.97999572753903,204.9499969482422,207.2899932861328,129456900
2015-07-13,175.82220458984375,209.7700042724609,209.8999938964844,208.94000244140625,208.9900054931641,106069400
2015-07-14,176.58497619628906,210.67999267578125,211.0500030517578,209.6499938964844,209.72000122070312,81709600
2015-07-15,176.52627563476562,210.6100006103516,211.27999877929688,210.0399932861328,210.72999572753903,97914100
2015-07-16,177.94281005859375,212.3000030517578,212.3000030517578,211.5800018310547,211.8699951171875,106683300
2015-07-17,178.09359741210938,212.47999572753903,212.5500030517578,211.8000030517578,212.2899932861328,89030000
2015-07-20,178.18588256835938,212.58999633789065,213.17999267578125,212.2100067138672,212.75,70446800
2015-07-21,177.48179626464844,211.75,212.7400054931641,211.38999938964844,212.42999267578125,77965000
2015-07-22,177.16326904296875,211.3699951171875,211.7700042724609,210.88999938964844,210.92999267578125,88667900
2015-07-23,176.16586303710938,210.17999267578125,211.6499938964844,209.75,211.52999877929688,90509100
2015-07-24,174.3386688232422,208.0,210.3699951171875,207.6000061035156,210.3000030517578,117755000
2015-07-27,173.32449340820312,206.7899932861328,207.5500030517578,206.25999450683597,206.94000244140625,132361100
2015-07-28,175.45347595214844,209.3300018310547,209.5,206.8000030517578,207.7899932861328,123544800
2015-07-29,176.66036987304688,210.7700042724609,211.0399932861328,209.30999755859372,209.47999572753903,105791300
2015-07-30,176.70225524902344,210.82000732421875,211.0200042724609,209.4199981689453,210.16000366210935,91304400
2015-07-31,176.43406677246094,210.5,211.4499969482422,210.16000366210935,211.4199981689453,103266900
2015-08-03,175.83897399902344,209.7899932861328,210.52999877929688,208.6499938964844,210.4600067138672,113965700
2015-08-04,175.49534606933594,209.3800048828125,210.25,208.8000030517578,209.6999969482422,81820800
2015-08-05,176.0736846923828,210.07000732421875,211.30999755859372,209.72999572753903,210.4499969482422,85786800
2015-08-06,174.63201904296875,208.3500061035156,210.4199981689453,207.6499938964844,210.2899932861328,116030800
2015-08-07,174.29676818847656,207.9499969482422,208.33999633789065,206.8699951171875,208.16000366210935,117858000
2015-08-10,176.49276733398438,210.57000732421875,210.6699981689453,209.27999877929688,209.27999877929688,80270700
2015-08-11,174.90023803710938,208.6699981689453,209.47000122070312,207.75999450683597,208.97000122070312,126081400
2015-08-12,175.10975646972656,208.9199981689453,209.13999938964844,205.3600006103516,207.1100006103516,172123700
2015-08-13,174.89183044433594,208.66000366210935,209.5500030517578,208.00999450683597,208.72999572753903,89383300
2015-08-14,175.52886962890625,209.4199981689453,209.50999450683597,208.25999450683597,208.42999267578125,72786500
2015-08-17,176.50955200195312,210.58999633789065,210.58999633789065,208.16000366210935,208.7100067138672,79072600
2015-08-18,175.9982452392578,209.97999572753903,210.67999267578125,209.6999969482422,210.25999450683597,71692700
2015-08-19,174.60690307617188,208.32000732421875,210.00999450683597,207.3500061035156,209.08999633789065,172946000
2015-08-20,170.96084594726562,203.97000122070312,208.2899932861328,203.8999938964844,206.50999450683597,194327900
2015-08-21,165.81451416015625,197.8300018310547,203.94000244140625,197.5200042724609,201.72999572753903,346588500
2015-08-24,158.83258056640625,189.5,197.47999572753903,182.3999938964844,187.4900054931641,507244300
2015-08-25,156.9634552001953,187.2700042724609,195.4499969482422,186.9199981689453,195.42999267578125,369833100
2015-08-26,162.98988342285156,194.4600067138672,194.7899932861328,188.3699951171875,192.0800018310547,339257000
2015-08-27,167.02149963378906,199.2700042724609,199.4199981689453,195.2100067138672,197.0200042724609,274143900
2015-08-28,167.0298309326172,199.27999877929688,199.83999633789065,197.9199981689453,198.5,160414400
2015-08-31,165.68038940429688,197.6699981689453,199.1300048828125,197.00999450683597,198.1100006103516,163298800
2015-09-01,160.7352294921875,191.7700042724609,194.7700042724609,190.72999572753903,193.1199951171875,256000400
2015-09-02,163.78614807128906,195.41000366210935,195.4600067138672,192.4199981689453,194.6199951171875,160269300
2015-09-03,163.9034881591797,195.5500030517578,198.0500030517578,194.9600067138672,196.25999450683597,152087800
2015-09-04,161.42251586914062,192.58999633789065,193.8600006103516,191.6100006103516,192.8500061035156,207081000
2015-09-08,165.47926330566406,197.42999267578125,197.6100006103516,195.1699981689453,195.94000244140625,116025700
2015-09-09,163.2664794921875,194.7899932861328,199.47000122070312,194.3500061035156,199.32000732421875,149347700
2015-09-10,164.15496826171875,195.8500061035156,197.22000122070312,194.25,194.55999755859372,158611100
2015-09-11,164.90090942382812,196.7400054931641,196.82000732421875,194.52999877929688,195.3800048828125,119691200
2015-09-14,164.2890625,196.00999450683597,197.00999450683597,195.42999267578125,196.9499969482422,79452000
2015-09-15,166.34259033203125,198.4600067138672,198.9900054931641,195.9600067138672,196.6100006103516,113806200
2015-09-16,167.7841796875,200.17999267578125,200.41000366210935,198.41000366210935,198.82000732421875,99581600
2015-09-17,167.4070281982422,199.72999572753903,202.88999938964844,199.27999877929688,200.0200042724609,276046600
2015-09-18,164.67137145996094,195.4499969482422,198.67999267578125,194.9600067138672,195.7100067138672,223657500
2015-09-21,165.52230834960938,196.4600067138672,197.67999267578125,195.2100067138672,196.44000244140625,105726200
2015-09-22,163.3738250732422,193.91000366210935,194.4600067138672,192.55999755859372,193.8800048828125,153890900
2015-09-23,163.1127166748047,193.6000061035156,194.6699981689453,192.91000366210935,194.1100006103516,92790600
2015-09-24,162.52296447753906,192.8999938964844,193.4499969482422,190.55999755859372,192.1499938964844,159378800
2015-09-25,162.4807891845703,192.8500061035156,195.0,191.80999755859372,194.63999938964844,155054800
2015-09-28,158.40292358398438,188.00999450683597,191.91000366210935,187.63999938964844,191.77999877929688,178515900
2015-09-29,158.4956817626953,188.1199951171875,189.7400054931641,186.92999267578125,188.2700042724609,159045600
2015-09-30,161.45291137695312,191.6300048828125,191.8300018310547,189.44000244140625,190.3699951171875,163452000
2015-10-01,161.8741455078125,192.1300048828125,192.4900054931641,189.82000732421875,192.0800018310547,131079000
2015-10-02,164.29222106933594,195.0,195.02999877929688,189.1199951171875,189.7700042724609,211003300
2015-10-05,167.21578979492188,198.47000122070312,198.7400054931641,196.3300018310547,196.4600067138672,126320800
2015-10-06,166.64285278320312,197.7899932861328,198.97999572753903,197.0,198.30999755859372,110274500
2015-10-07,168.00778198242188,199.41000366210935,199.8300018310547,197.47999572753903,198.8999938964844,124307300
2015-10-08,169.5242919921875,201.2100067138672,201.5500030517578,198.58999633789065,198.9499969482422,153055200
2015-10-09,169.62539672851562,201.3300018310547,201.8999938964844,200.5800018310547,201.3800048828125,107069200
2015-10-12,169.7854766845703,201.5200042724609,201.75999450683597,200.91000366210935,201.4199981689453,56395600
2015-10-13,168.71539306640625,200.25,202.16000366210935,200.0500030517578,200.6499938964844,88038700
2015-10-14,167.90663146972656,199.2899932861328,200.8699951171875,198.94000244140625,200.17999267578125,99106200
2015-10-15,170.48475646972656,202.3500061035156,202.3600006103516,199.63999938964844,200.0800018310547,134142200
2015-10-16,171.25990295410156,203.2700042724609,203.2899932861328,201.9199981689453,202.8300018310547,114580100
2015-10-19,171.34413146972656,203.3699951171875,203.3699951171875,202.1300048828125,202.5,76523900
2015-10-20,171.1250762939453,203.1100006103516,203.83999633789065,202.5500030517578,202.8500061035156,78448500
2015-10-21,170.06356811523438,201.8500061035156,203.7899932861328,201.6499938964844,203.6100006103516,102038000
2015-10-22,172.93646240234375,205.25999450683597,205.50999450683597,201.8500061035156,202.97999572753903,174911700
2015-10-23,174.83216857910156,207.50999450683597,207.9499969482422,206.3000030517578,207.25,144442300
2015-10-26,174.40252685546875,207.0,207.3699951171875,206.55999755859372,207.3000030517578,69033000
2015-10-27,174.0655059814453,206.6000061035156,207.0,205.7899932861328,206.1999969482422,77905800
2015-10-28,176.04537963867188,208.9499969482422,208.97999572753903,206.2100067138672,207.0,135906700
2015-10-29,175.94432067871094,208.8300018310547,209.2700042724609,208.2100067138672,208.3500061035156,90525500
2015-10-30,175.18606567382812,207.92999267578125,209.44000244140625,207.7400054931641,209.05999755859372,131076900
2015-11-02,177.25860595703125,210.38999938964844,210.6199951171875,208.1699981689453,208.32000732421875,86270800
2015-11-03,177.77261352539062,211.0,211.66000366210935,209.6999969482422,209.97000122070312,95246100
2015-11-04,177.2334442138672,210.3600006103516,211.5,209.72000122070312,211.3500061035156,96224500
2015-11-05,177.0564422607422,210.1499938964844,210.97999572753903,209.08999633789065,210.42999267578125,78408700
2015-11-06,176.96377563476562,210.0399932861328,210.32000732421875,208.4600067138672,209.7400054931641,110471500
2015-11-09,175.31239318847656,208.0800018310547,209.4900054931641,206.9499969482422,209.30999755859372,131008700
2015-11-10,175.7168426513672,208.55999755859372,208.6000061035156,207.19000244140625,207.50999450683597,75874600
2015-11-11,175.02597045898438,207.7400054931641,208.94000244140625,207.66000366210935,208.8800048828125,67846000
2015-11-12,172.58261108398438,204.83999633789065,207.05999755859372,204.82000732421875,206.5,121315200
2015-11-13,170.64486694335938,202.5399932861328,204.6699981689453,202.44000244140625,204.3500061035156,153577100
2015-11-16,173.23983764648438,205.6199951171875,205.69000244140625,202.17999267578125,202.32000732421875,117645200
2015-11-17,173.1134490966797,205.47000122070312,207.0399932861328,204.8800048828125,205.9900054931641,121123700
2015-11-18,175.8600311279297,208.72999572753903,208.8999938964844,205.9900054931641,206.0399932861328,121342500
2015-11-19,175.7084503173828,208.5500030517578,209.0500030517578,208.1999969482422,208.58999633789065,88220500
2015-11-20,176.34872436523438,209.30999755859372,210.1199951171875,208.8600006103516,209.4499969482422,94011500
2015-11-23,176.1465606689453,209.07000732421875,209.97999572753903,208.5200042724609,209.3800048828125,64931200
2015-11-24,176.38241577148438,209.3500061035156,209.8300018310547,207.41000366210935,207.8699951171875,98874400
2015-11-25,176.35716247558594,209.32000732421875,209.7400054931641,209.00999450683597,209.5,51980100
2015-11-27,176.55938720703125,209.55999755859372,209.8000030517578,208.8600006103516,209.42999267578125,37317800
2015-11-30,175.8263397216797,208.69000244140625,209.88999938964844,208.55999755859372,209.75,112822700
2015-12-01,177.50303649902344,210.67999267578125,210.82000732421875,209.1100006103516,209.44000244140625,97858400
2015-12-02,175.69155883789062,208.52999877929688,211.0,208.22999572753903,210.6199951171875,108441300
2015-12-03,173.23146057128906,205.6100006103516,209.1499938964844,204.75,208.8300018310547,166224200
2015-12-04,176.60992431640625,209.6199951171875,209.97000122070312,205.6100006103516,205.6100006103516,192913900
2015-12-07,175.5399169921875,208.3500061035156,209.72999572753903,207.1999969482422,209.22999572753903,102027100
2015-12-08,174.36038208007812,206.9499969482422,208.2899932861328,205.77999877929688,206.4900054931641,103372400
2015-12-09,173.00393676757812,205.33999633789065,208.67999267578125,204.17999267578125,206.19000244140625,162401500
2015-12-10,173.45045471191406,205.8699951171875,207.42999267578125,205.13999938964844,205.4199981689453,116128900
2015-12-11,170.08877563476562,201.8800048828125,204.13999938964844,201.50999450683597,203.3500061035156,211173300
2015-12-14,170.94818115234375,202.8999938964844,203.0500030517578,199.9499969482422,202.07000732421875,182385200
2015-12-15,172.74270629882812,205.02999877929688,206.1100006103516,202.8699951171875,204.6999969482422,154069600
2015-12-16,175.2703094482422,208.02999877929688,208.38999938964844,204.8000030517578,206.3699951171875,197017000
2015-12-17,172.59947204589844,204.8600006103516,208.47999572753903,204.83999633789065,208.3999938964844,173092500
2015-12-18,169.52464294433594,200.0200042724609,202.92999267578125,199.8300018310547,202.7700042724609,251393500
2015-12-21,170.9230194091797,201.6699981689453,201.8800048828125,200.08999633789065,201.41000366210935,99094300
2015-12-22,172.47409057617188,203.5,203.8500061035156,201.5500030517578,202.72000122070312,111026200
2015-12-23,174.60984802246094,206.0200042724609,206.07000732421875,204.5800018310547,204.69000244140625,110987200
2015-12-24,174.32168579101562,205.67999267578125,206.3300018310547,205.4199981689453,205.72000122070312,48539600
2015-12-28,173.9233856201172,205.2100067138672,205.25999450683597,203.94000244140625,204.8600006103516,65899900
2015-12-29,175.77944946289062,207.3999938964844,207.7899932861328,206.47000122070312,206.50999450683597,92640700
2015-12-30,174.53355407714844,205.92999267578125,207.2100067138672,205.75999450683597,207.1100006103516,63317700
2015-12-31,172.78765869140625,203.8699951171875,205.88999938964844,203.8699951171875,205.1300048828125,114877900
2016-01-04,170.3721923828125,201.0200042724609,201.02999877929688,198.58999633789065,200.4900054931641,222353500
2016-01-05,170.66036987304688,201.3600006103516,201.8999938964844,200.0500030517578,201.3999938964844,110845800
2016-01-06,168.50759887695312,198.82000732421875,200.05999755859372,197.6000061035156,198.33999633789065,152112600
2016-01-07,164.46484375,194.0500030517578,197.44000244140625,193.58999633789065,195.3300018310547,213436100
2016-01-08,162.65957641601562,191.9199981689453,195.8500061035156,191.5800018310547,195.19000244140625,209817200
2016-01-11,162.82057189941406,192.1100006103516,193.41000366210935,189.82000732421875,193.00999450683597,187941300
2016-01-12,164.13424682617188,193.66000366210935,194.5500030517578,191.13999938964844,193.82000732421875,172330500
2016-01-13,160.04067993164062,188.8300018310547,194.8600006103516,188.3800048828125,194.4499969482422,221168900
2016-01-14,162.66807556152344,191.92999267578125,193.25999450683597,187.66000366210935,189.5500030517578,240795600
2016-01-15,159.17617797851562,187.80999755859372,188.75999450683597,185.5200042724609,186.7700042724609,324846400
2016-01-19,159.38809204101562,188.05999755859372,190.1100006103516,186.1999969482422,189.9600067138672,195244400
2016-01-20,157.34555053710938,185.6499938964844,187.5,181.0200042724609,185.02999877929688,286547800
2016-01-21,158.2269744873047,186.69000244140625,188.8699951171875,184.63999938964844,186.2100067138672,195772900
2016-01-22,161.4730224609375,190.5200042724609,190.75999450683597,188.8800048828125,189.77999877929688,168319600
2016-01-25,159.03211975097656,187.63999938964844,190.1499938964844,187.41000366210935,189.9199981689453,130371700
2016-01-26,161.20181274414062,190.1999969482422,190.52999877929688,188.0200042724609,188.4199981689453,141036800
2016-01-27,159.4473876953125,188.1300048828125,191.55999755859372,187.05999755859372,189.5800018310547,185681700
2016-01-28,160.2779998779297,189.1100006103516,190.1999969482422,187.16000366210935,189.9600067138672,143798800
2016-01-29,164.18515014648438,193.72000122070312,193.8800048828125,189.8800048828125,190.0200042724609,210529300
2016-02-01,164.1258087158203,193.6499938964844,194.5800018310547,191.83999633789065,192.52999877929688,136061600
2016-02-02,161.1678924560547,190.16000366210935,191.97000122070312,189.5399932861328,191.9600067138672,182564900
2016-02-03,162.1341094970703,191.3000030517578,191.77999877929688,187.1000061035156,191.41000366210935,205054900
2016-02-04,162.3883514404297,191.6000061035156,192.75,189.9600067138672,190.7100067138672,139531800
2016-02-05,159.2948455810547,187.9499969482422,191.6699981689453,187.1999969482422,190.9900054931641,180788300
2016-02-08,157.1505889892578,185.4199981689453,186.1199951171875,182.8000030517578,185.7700042724609,191526700
2016-02-09,157.1590118408203,185.42999267578125,186.94000244140625,183.1999969482422,183.3600006103516,184513100
2016-02-10,157.0233917236328,185.2700042724609,188.33999633789065,185.1199951171875,186.41000366210935,148214100
2016-02-11,154.98089599609375,182.8600006103516,184.1000061035156,181.08999633789065,182.33999633789065,219058900
2016-02-12,158.1761016845703,186.6300048828125,186.6499938964844,183.9600067138672,184.9600067138672,127632400
2016-02-16,160.8458251953125,189.77999877929688,189.80999755859372,187.6300048828125,188.7700042724609,120250700
2016-02-17,163.47323608398438,192.8800048828125,193.32000732421875,191.00999450683597,191.16000366210935,136009500
2016-02-18,162.8036651611328,192.08999633789065,193.2700042724609,191.72000122070312,193.1999969482422,102343000
2016-02-19,162.72738647460938,192.0,192.17999267578125,190.4499969482422,191.1699981689453,114793000
2016-02-22,165.0835418701172,194.77999877929688,194.9499969482422,193.7899932861328,193.8699951171875,103640300
2016-02-23,162.9985809326172,192.32000732421875,194.32000732421875,192.17999267578125,194.0,111455300
2016-02-24,163.74440002441406,193.1999969482422,193.52999877929688,189.32000732421875,190.6300048828125,150812200
2016-02-25,165.72764587402344,195.5399932861328,195.5500030517578,192.8300018310547,193.72999572753903,110728300
2016-02-26,165.34629821777344,195.08999633789065,196.67999267578125,194.8999938964844,196.57000732421875,129833700
2016-02-29,164.04954528808594,193.55999755859372,196.22999572753903,193.3300018310547,195.1100006103516,125918100
2016-03-01,167.90585327148438,198.1100006103516,198.2100067138672,194.4499969482422,195.00999450683597,141799700
2016-03-02,168.66014099121094,199.0,199.05999755859372,197.25,197.7400054931641,102415000
2016-03-03,169.3212127685547,199.77999877929688,199.8000030517578,198.1100006103516,198.7899932861328,95172200
2016-03-04,169.8721160888672,200.42999267578125,201.3500061035156,199.02999877929688,200.00999450683597,129293600
2016-03-07,170.0077362060547,200.58999633789065,201.07000732421875,199.25,199.33999633789065,100219000
2016-03-08,168.151611328125,198.3999938964844,199.9199981689453,198.2100067138672,199.32000732421875,123974900
2016-03-09,168.98219299316406,199.3800048828125,199.7899932861328,198.42999267578125,199.3600006103516,94801200
2016-03-10,169.11776733398438,199.5399932861328,201.07000732421875,197.3800048828125,199.9600067138672,156838700
2016-03-11,171.84693908691406,202.75999450683597,202.80999755859372,199.5200042724609,201.25999450683597,137964500
2016-03-14,171.6265106201172,202.5,203.0399932861328,201.7700042724609,202.16000366210935,73612000
2016-03-15,171.3468017578125,202.1699981689453,202.52999877929688,201.0500030517578,201.3600006103516,93169100
2016-03-16,172.33843994140625,203.33999633789065,203.82000732421875,201.5500030517578,201.6000061035156,129303200
2016-03-17,173.43177795410156,204.6300048828125,205.22999572753903,202.7700042724609,203.2400054931641,134278500
2016-03-18,174.11328125,204.3800048828125,204.77999877929688,203.8000030517578,204.1699981689453,138372400
2016-03-21,174.3603515625,204.6699981689453,204.94000244140625,203.8000030517578,204.07000732421875,72926700
2016-03-22,174.26666259765625,204.55999755859372,205.22999572753903,203.57000732421875,203.75999450683597,97471900
2016-03-23,173.1165771484375,203.2100067138672,204.3300018310547,203.00999450683597,204.1100006103516,81052500
2016-03-24,173.03990173339844,203.1199951171875,203.16000366210935,201.7400054931641,202.0,84360900
2016-03-28,173.14215087890625,203.2400054931641,203.8600006103516,202.7100067138672,203.6100006103516,62408200
2016-03-29,174.74365234375,205.1199951171875,205.25,202.3999938964844,202.75999450683597,92922900
2016-03-30,175.51048278808594,206.0200042724609,206.8699951171875,205.58999633789065,206.3000030517578,86365300
2016-03-31,175.08448791503906,205.5200042724609,206.41000366210935,205.3300018310547,205.91000366210935,94584100
2016-04-01,176.2771759033203,206.9199981689453,207.13999938964844,203.97999572753903,204.3500061035156,114423500
2016-04-04,175.70640563964844,206.25,207.07000732421875,205.88999938964844,206.8300018310547,63497000
2016-04-05,173.9514617919922,204.19000244140625,206.25999450683597,203.88999938964844,204.6699981689453,99662200
2016-04-06,175.85122680664062,206.4199981689453,206.4900054931641,203.97999572753903,204.19000244140625,91839800
2016-04-07,173.74697875976562,203.9499969482422,205.55999755859372,203.08999633789065,205.13999938964844,113859000
2016-04-08,174.215576171875,204.5,205.8500061035156,203.8699951171875,205.33999633789065,95040600
2016-04-11,173.806640625,204.0200042724609,206.07000732421875,203.91000366210935,205.25,83757500
2016-04-12,175.4252471923828,205.9199981689453,206.25,203.6999969482422,204.22000122070312,115350600
2016-04-13,177.19723510742188,208.0,208.1000061035156,206.83999633789065,207.0,96336400
2016-04-14,177.2057647705078,208.00999450683597,208.6000061035156,207.6000061035156,208.07000732421875,65212900
2016-04-15,177.0098419189453,207.77999877929688,208.1699981689453,207.3999938964844,208.00999450683597,75761600
2016-04-18,178.25360107421875,209.2400054931641,209.27999877929688,207.0,207.77999877929688,82531000
2016-04-19,178.81582641601562,209.8999938964844,210.1999969482422,208.94000244140625,209.7400054931641,88316100
2016-04-20,178.98626708984375,210.1000061035156,210.9199981689453,209.38999938964844,209.9499969482422,81100300
2016-04-21,178.02359008789062,208.97000122070312,210.25,208.6499938964844,210.1199951171875,85695000
2016-04-22,178.02359008789062,208.97000122070312,209.2899932861328,207.91000366210935,208.5500030517578,99251700
2016-04-25,177.71694946289062,208.6100006103516,208.66000366210935,207.5399932861328,208.25999450683597,66166500
2016-04-26,177.98098754882812,208.9199981689453,209.5200042724609,208.3600006103516,209.0399932861328,75864200
2016-04-27,178.34730529785156,209.3500061035156,209.80999755859372,208.0500030517578,208.47000122070312,77329400
2016-04-28,176.72865295410156,207.4499969482422,209.75999450683597,206.9600067138672,208.4600067138672,97216200
2016-04-29,175.7744903564453,206.3300018310547,207.1300048828125,205.02999877929688,206.72000122070312,142424100
2016-05-02,177.17164611816406,207.97000122070312,208.17999267578125,206.41000366210935,206.9199981689453,62188000
2016-05-03,175.62973022460938,206.16000366210935,206.8000030517578,205.27999877929688,206.5200042724609,106422100
2016-05-04,174.64999389648438,205.00999450683597,205.8500061035156,204.4199981689453,204.9900054931641,92243800
2016-05-05,174.61587524414062,204.97000122070312,205.97999572753903,204.47000122070312,205.55999755859372,67619200
2016-05-06,175.25482177734375,205.72000122070312,205.7700042724609,203.8800048828125,204.05999755859372,89315000
2016-05-09,175.399658203125,205.88999938964844,206.3999938964844,205.3600006103516,205.57000732421875,74374900
2016-05-10,177.5806121826172,208.4499969482422,208.47000122070312,206.63999938964844,206.72000122070312,77472200
2016-05-11,175.91937255859375,206.5,208.5399932861328,206.5,207.91000366210935,81727000
2016-05-12,175.97047424316406,206.55999755859372,207.4900054931641,205.3699951171875,207.2899932861328,89586300
2016-05-13,174.43701171875,204.75999450683597,206.8600006103516,204.3800048828125,206.2100067138672,96474600
2016-05-16,176.15789794921875,206.77999877929688,207.33999633789065,204.88999938964844,204.9600067138672,77486800
2016-05-17,174.5137176513672,204.8500061035156,206.8000030517578,204.22999572753903,206.4600067138672,114924900
2016-05-18,174.56478881835938,204.91000366210935,206.3000030517578,203.6300048828125,204.44000244140625,120062100
2016-05-19,173.95993041992188,204.1999969482422,204.5399932861328,202.77999877929688,204.05999755859372,115430500
2016-05-20,175.05892944335938,205.4900054931641,206.1000061035156,204.8600006103516,204.9199981689453,104990400
2016-05-23,174.82040405273438,205.2100067138672,205.83999633789065,204.9900054931641,205.50999450683597,58682600
2016-05-24,177.08648681640625,207.8699951171875,208.2400054931641,206.13999938964844,206.1699981689453,93537800
2016-05-25,178.28765869140625,209.27999877929688,209.7700042724609,207.8699951171875,208.6699981689453,76621400
2016-05-26,178.33877563476562,209.33999633789065,209.7100067138672,208.97000122070312,209.44000244140625,55280700
2016-05-27,179.1055450439453,210.2400054931641,210.25,209.47000122070312,209.52999877929688,64211200
2016-05-31,178.76475524902344,209.83999633789065,210.69000244140625,209.17999267578125,210.55999755859372,109879400
2016-06-01,179.13107299804688,210.2700042724609,210.47999572753903,208.88999938964844,209.1199951171875,69936200
2016-06-02,179.67628479003906,210.91000366210935,210.92999267578125,209.2400054931641,209.8000030517578,63044700
2016-06-03,179.1395721435547,210.27999877929688,210.69000244140625,208.8600006103516,210.25,101757100
2016-06-06,180.05113220214844,211.3500061035156,211.7700042724609,210.50999450683597,210.6999969482422,64887000
2016-06-07,180.3321990966797,211.67999267578125,212.33999633789065,211.5,211.52999877929688,60974800
2016-06-08,180.92007446289065,212.3699951171875,212.5200042724609,211.69000244140625,211.83999633789065,66170900
2016-06-09,180.6730194091797,212.0800018310547,212.22000122070312,211.19000244140625,211.50999450683597,73786900
2016-06-10,178.960693359375,210.07000732421875,210.8600006103516,209.42999267578125,210.4600067138672,113829200
2016-06-13,177.5806121826172,208.4499969482422,210.3699951171875,208.3500061035156,209.3600006103516,117751200
2016-06-14,177.2313232421875,208.0399932861328,208.7400054931641,206.9199981689453,208.0,125059300
2016-06-15,176.98426818847656,207.75,209.3600006103516,207.52999877929688,208.0399932861328,109124500
2016-06-16,177.5124053955078,208.3699951171875,208.57000732421875,205.58999633789065,207.75,149533100
2016-06-17,176.85133361816406,206.5200042724609,207.1999969482422,205.75,207.1699981689453,117055700
2016-06-20,177.99029541015625,207.8500061035156,209.6100006103516,207.75,208.82000732421875,82789600
2016-06-21,178.49551391601562,208.44000244140625,208.9199981689453,207.77999877929688,208.3000030517578,72461700
2016-06-22,178.20437622070312,208.1000061035156,209.5,207.92999267578125,208.6499938964844,95560500
2016-06-23,180.52500915527344,210.80999755859372,210.8699951171875,209.2700042724609,209.80999755859372,102731400
2016-06-24,174.0425567626953,203.2400054931641,210.8500061035156,202.72000122070312,203.6300048828125,333444400
2016-06-27,170.92547607421875,199.6000061035156,201.6000061035156,198.6499938964844,201.58999633789065,230775800
2016-06-28,174.00828552246094,203.1999969482422,203.22999572753903,201.1199951171875,201.47999572753903,159382400
2016-06-29,176.9712371826172,206.66000366210935,206.92999267578125,204.72000122070312,204.83999633789065,137328600
2016-06-30,179.3861083984375,209.47999572753903,209.5399932861328,206.55999755859372,207.2100067138672,165021900
2016-07-01,179.76287841796875,209.9199981689453,210.4900054931641,209.2899932861328,209.47999572753903,106055300
2016-07-05,178.46986389160156,208.41000366210935,209.0800018310547,207.7100067138672,208.9499969482422,109803700
2016-07-06,179.5402374267578,209.66000366210935,209.8000030517578,207.05999755859372,207.8300018310547,96021500
2016-07-07,179.42892456054688,209.52999877929688,210.6499938964844,208.6300048828125,209.8699951171875,85593800
2016-07-08,182.10069274902344,212.6499938964844,212.94000244140625,210.77999877929688,211.0500030517578,133971000
2016-07-11,182.7429656982422,213.3999938964844,214.07000732421875,212.9499969482422,213.19000244140625,73633900
2016-07-12,184.0703125,214.9499969482422,215.3000030517578,213.42999267578125,214.52999877929688,101275600
2016-07-13,184.0445556640625,214.9199981689453,215.4499969482422,214.3500061035156,215.44000244140625,87324100
2016-07-14,185.0721740722656,216.1199951171875,216.6699981689453,215.66000366210935,216.3999938964844,91230900
2016-07-15,184.82383728027344,215.8300018310547,217.00999450683597,215.30999755859372,216.77999877929688,107155400
2016-07-18,185.32052612304688,216.41000366210935,216.6000061035156,215.6699981689453,215.97000122070312,58725900
2016-07-19,185.13217163085935,216.19000244140625,216.22999572753903,215.6300048828125,215.9199981689453,54345700
2016-07-20,185.9028167724609,217.08999633789065,217.3699951171875,216.19000244140625,216.19000244140625,58159500
2016-07-21,185.2006378173828,216.2700042724609,217.22000122070312,215.75,216.9600067138672,67777300
2016-07-22,186.03128051757807,217.2400054931641,217.3000030517578,216.1000061035156,216.41000366210935,62787500
2016-07-25,185.52606201171875,216.6499938964844,217.05999755859372,215.97000122070312,217.0,55873100
2016-07-26,185.6116943359375,216.75,217.1699981689453,215.75999450683597,216.52999877929688,70080500
2016-07-27,185.41473388671875,216.5200042724609,217.2700042724609,215.6199951171875,217.19000244140625,84083900
2016-07-28,185.62875366210935,216.7700042724609,217.1100006103516,215.75,216.2899932861328,65035700
2016-07-29,185.9285125732422,217.1199951171875,217.5399932861328,216.1300048828125,216.4600067138672,79519400
2016-08-01,185.77444458007807,216.94000244140625,217.6499938964844,216.41000366210935,217.19000244140625,73311400
2016-08-02,184.58409118652344,215.5500030517578,216.8300018310547,214.57000732421875,216.6499938964844,92295500
2016-08-03,185.1235809326172,216.17999267578125,216.25,215.1300048828125,215.47999572753903,53993600
2016-08-04,185.32052612304688,216.41000366210935,216.77999877929688,214.25,216.30999755859372,46585500
2016-08-05,186.83624267578125,218.17999267578125,218.22999572753903,216.41000366210935,216.41000366210935,71892200
2016-08-08,186.72494506835935,218.0500030517578,218.5200042724609,217.7400054931641,218.3999938964844,39906500
2016-08-09,186.83624267578125,218.17999267578125,218.75999450683597,217.8000030517578,218.1300048828125,51251700
2016-08-10,186.3738555908203,217.63999938964844,218.3999938964844,217.22999572753903,218.30999755859372,57941100
2016-08-11,187.2387237548828,218.6499938964844,218.94000244140625,217.9499969482422,218.25999450683597,72504300
2016-08-12,187.07601928710935,218.4600067138672,218.7100067138672,217.9900054931641,218.2899932861328,61313500
2016-08-15,187.61553955078125,219.08999633789065,219.5,218.8800048828125,218.88999938964844,49813500
2016-08-16,186.64788818359372,217.9600067138672,218.67999267578125,217.9600067138672,218.6000061035156,53213600
2016-08-17,186.99896240234372,218.3699951171875,218.52999877929688,217.0200042724609,218.0,75134300
2016-08-18,187.41856384277344,218.8600006103516,218.8999938964844,218.2100067138672,218.33999633789065,52989300
2016-08-19,187.14450073242188,218.5399932861328,218.75,217.7400054931641,218.30999755859372,75443000
2016-08-22,187.13597106933597,218.52999877929688,218.8000030517578,217.8300018310547,218.25999450683597,61368800
2016-08-23,187.5127716064453,218.97000122070312,219.6000061035156,218.8999938964844,219.25,53399200
2016-08-24,186.5536956787109,217.8500061035156,218.91000366210935,217.3600006103516,218.8000030517578,71728900
2016-08-25,186.4252471923828,217.6999969482422,218.19000244140625,217.22000122070312,217.3999938964844,69224800
2016-08-26,186.0741424560547,217.2899932861328,219.1199951171875,216.25,217.9199981689453,122506300
2016-08-29,186.99044799804688,218.3600006103516,218.6699981689453,217.3999938964844,217.44000244140625,70502200
2016-08-30,186.68214416503903,218.0,218.58999633789065,217.3500061035156,218.25999450683597,58114500
2016-08-31,186.1511688232422,217.3800048828125,217.75,216.47000122070312,217.6100006103516,85269500
2016-09-01,186.15977478027344,217.38999938964844,217.72999572753903,216.02999877929688,217.3699951171875,97844200
2016-09-02,186.99896240234372,218.3699951171875,218.8699951171875,217.6999969482422,218.38999938964844,79293900
2016-09-06,187.5641632080078,219.02999877929688,219.1199951171875,217.8600006103516,218.6999969482422,56702100
2016-09-07,187.54705810546875,219.00999450683597,219.22000122070312,218.3000030517578,218.83999633789065,76554900
2016-09-08,187.1188507080078,218.50999450683597,218.94000244140625,218.1499938964844,218.6199951171875,74102900
2016-09-09,182.64019775390625,213.27999877929688,217.02999877929688,213.25,216.97000122070312,221589100
2016-09-12,185.26055908203125,216.33999633789065,216.80999755859372,212.30999755859372,212.38999938964844,168110900
2016-09-13,182.59739685058597,213.22999572753903,215.1499938964844,212.5,214.83999633789065,182828800
2016-09-14,182.52891540527344,213.1499938964844,214.6999969482422,212.5,213.2899932861328,134185500
2016-09-15,184.35287475585935,215.27999877929688,215.72999572753903,212.75,212.9600067138672,134427900
2016-09-16,183.6402282714844,213.3699951171875,213.69000244140625,212.57000732421875,213.47999572753903,155236400
2016-09-19,183.67466735839844,213.41000366210935,214.8800048828125,213.02999877929688,214.1300048828125,80250500
2016-09-20,183.68328857421875,213.4199981689453,214.58999633789065,213.3800048828125,214.41000366210935,69665300
2016-09-21,185.74884033203125,215.82000732421875,216.02999877929688,213.44000244140625,214.2400054931641,110284400
2016-09-22,186.91940307617188,217.17999267578125,217.52999877929688,216.7100067138672,217.0,76678700
2016-09-23,185.89520263671875,215.9900054931641,216.8800048828125,215.8800048828125,216.72000122070312,73630900
2016-09-26,184.38905334472656,214.2400054931641,215.22999572753903,214.00999450683597,215.0200042724609,89827300
2016-09-27,185.53370666503903,215.57000732421875,215.67999267578125,213.6199951171875,214.0500030517578,78494800
2016-09-28,186.45465087890625,216.63999938964844,216.82000732421875,214.7100067138672,215.8300018310547,87411000
2016-09-29,184.76768493652344,214.67999267578125,216.8699951171875,214.0399932861328,216.3999938964844,128070600
2016-09-30,186.1619873046875,216.3000030517578,217.1199951171875,215.3600006103516,215.6499938964844,117202900
2016-10-03,185.7144775390625,215.77999877929688,216.0399932861328,215.0399932861328,215.82000732421875,83512100
2016-10-04,184.76768493652344,214.67999267578125,216.1699981689453,213.9900054931641,215.91000366210935,119948100
2016-10-05,185.5853576660156,215.6300048828125,216.1300048828125,215.3300018310547,215.41000366210935,72816000
2016-10-06,185.7144775390625,215.77999877929688,216.0399932861328,214.7400054931641,215.3699951171875,62927400
2016-10-07,185.0775451660156,215.0399932861328,216.3000030517578,214.19000244140625,216.1000061035156,89788300
2016-10-10,186.0414886474609,216.16000366210935,216.6999969482422,215.9900054931641,216.16000366210935,51855000
2016-10-11,183.69189453125,213.42999267578125,215.7400054931641,212.5800018310547,215.66000366210935,130367400
2016-10-12,183.932861328125,213.7100067138672,214.32000732421875,213.00999450683597,213.58999633789065,73866100
2016-10-13,183.3303680419922,213.00999450683597,213.58999633789065,211.2100067138672,212.16000366210935,101357000
2016-10-14,183.4250640869141,213.1199951171875,214.69000244140625,213.02999877929688,214.1499938964844,93346200
2016-10-17,182.78819274902344,212.3800048828125,213.38999938964844,212.1699981689453,213.08999633789065,58275700
2016-10-18,183.932861328125,213.7100067138672,214.30999755859372,213.2700042724609,214.2400054931641,76869700
2016-10-19,184.42344665527344,214.27999877929688,214.63999938964844,213.6000061035156,214.0200042724609,66519200
2016-10-20,184.07920837402344,213.8800048828125,214.52999877929688,213.1100006103516,213.8699951171875,73639800
2016-10-21,184.16522216796875,213.97999572753903,214.0800018310547,212.75999450683597,213.8800048828125,89089100
2016-10-24,184.9484100341797,214.88999938964844,215.32000732421875,214.47999572753903,215.0,60146600
2016-10-25,184.32872009277344,214.1699981689453,214.97999572753903,213.97999572753903,214.67999267578125,66542300
2016-10-26,183.95870971679688,213.7400054931641,214.4199981689453,212.92999267578125,213.2100067138672,75705500
2016-10-27,183.4681396484375,213.1699981689453,214.6199951171875,213.0800018310547,214.5800018310547,77220200
2016-10-28,182.9258728027344,212.5399932861328,213.92999267578125,211.7100067138672,213.13999938964844,140623200
2016-10-31,182.9344787597656,212.5500030517578,213.19000244140625,212.3600006103516,212.92999267578125,61272500
2016-11-01,181.6090850830078,211.00999450683597,212.9900054931641,209.6000061035156,212.92999267578125,122781800
2016-11-02,180.5160369873047,209.7400054931641,211.1000061035156,209.22999572753903,210.6499938964844,103330800
2016-11-03,179.6897735595703,208.77999877929688,210.2400054931641,208.4600067138672,209.9900054931641,88939300
2016-11-04,179.49183654785156,208.5500030517578,209.88999938964844,208.3800048828125,208.91000366210935,109122100
2016-11-07,183.4509429931641,213.1499938964844,213.19000244140625,208.5500030517578,208.5500030517578,109794900
2016-11-08,184.2771148681641,214.1100006103516,214.7700042724609,212.3800048828125,212.69000244140625,106772100
2016-11-09,186.2308654785156,216.3800048828125,217.1000061035156,212.33999633789065,212.3699951171875,258429000
2016-11-10,186.69561767578125,216.9199981689453,218.30999755859372,215.22000122070312,217.3000030517578,172113300
2016-11-11,186.26528930664065,216.4199981689453,216.6999969482422,215.32000732421875,216.0800018310547,100552700
2016-11-14,186.41156005859372,216.58999633789065,217.2700042724609,215.72000122070312,217.02999877929688,94580000
2016-11-15,187.8661193847656,218.27999877929688,218.27999877929688,216.8000030517578,217.0399932861328,91652600
2016-11-16,187.5132293701172,217.8699951171875,218.13999938964844,217.4199981689453,217.55999755859372,65617700
2016-11-17,188.4771423339844,218.9900054931641,219.05999755859372,217.9199981689453,218.0500030517578,69797200
2016-11-18,188.05540466308597,218.5,219.2700042724609,218.2899932861328,219.07000732421875,86265800
2016-11-21,189.47552490234372,220.1499938964844,220.17999267578125,219.0,219.1699981689453,72402600
2016-11-22,189.84564208984372,220.5800018310547,220.7899932861328,219.72999572753903,220.50999450683597,67429000
2016-11-23,189.9488983154297,220.6999969482422,220.75999450683597,219.75,219.97999572753903,56620200
2016-11-25,190.65467834472656,221.5200042724609,221.55999755859372,221.00999450683597,221.1000061035156,37872300
2016-11-28,189.7595672607422,220.47999572753903,221.47999572753903,220.3600006103516,221.16000366210935,76572500
2016-11-29,190.12966918945312,220.91000366210935,221.44000244140625,220.1699981689453,220.5200042724609,69886700
2016-11-30,189.67349243164065,220.3800048828125,221.82000732421875,220.30999755859372,221.6300048828125,113291800
2016-12-01,188.97637939453125,219.57000732421875,220.72999572753903,219.1499938964844,220.72999572753903,79040500
2016-12-02,189.0710601806641,219.67999267578125,220.25,219.25999450683597,219.6699981689453,74840300
2016-12-05,190.20713806152344,221.0,221.3999938964844,220.4199981689453,220.6499938964844,67837800
2016-12-06,190.80958557128903,221.6999969482422,221.7400054931641,220.66000366210935,221.22000122070312,59877400
2016-12-07,193.30555725097656,224.6000061035156,224.6699981689453,221.3800048828125,221.5200042724609,110738100
2016-12-08,193.77886962890625,225.1499938964844,225.6999969482422,224.25999450683597,224.57000732421875,99714400
2016-12-09,194.9494171142578,226.50999450683597,226.52999877929688,225.3699951171875,225.41000366210935,88005800
2016-12-12,194.7255859375,226.25,226.9600067138672,225.75999450683597,226.3999938964844,102016100
2016-12-13,196.02520751953125,227.75999450683597,228.33999633789065,227.0,227.0200042724609,110477500
2016-12-14,194.4071502685547,225.8800048828125,228.22999572753903,225.3699951171875,227.41000366210935,142501800
2016-12-15,195.2075958251953,226.80999755859372,227.80999755859372,225.88999938964844,226.16000366210935,124972600
2016-12-16,194.82579040527344,225.0399932861328,226.0800018310547,224.6699981689453,226.00999450683597,156420200
2016-12-19,195.25001525878903,225.52999877929688,226.0200042724609,225.0800018310547,225.25,90341100
2016-12-20,196.00315856933597,226.3999938964844,226.57000732421875,225.8800048828125,226.1499938964844,89838800
2016-12-21,195.4577789306641,225.7700042724609,226.4499969482422,225.7700042724609,226.25,67909000
2016-12-22,195.1201019287109,225.3800048828125,225.7400054931641,224.9199981689453,225.6000061035156,56219100
2016-12-23,195.4058532714844,225.7100067138672,225.72000122070312,225.2100067138672,225.42999267578125,36697800
2016-12-27,195.89064025878903,226.2700042724609,226.72999572753903,226.0,226.0200042724609,42672500
2016-12-28,194.271728515625,224.3999938964844,226.58999633789065,224.2700042724609,226.57000732421875,64095000
2016-12-29,194.2284240722656,224.3500061035156,224.88999938964844,223.83999633789065,224.47999572753903,48696100
2016-12-30,193.5185546875,223.52999877929688,224.8300018310547,222.72999572753903,224.72999572753903,108998300
2017-01-03,194.9989776611328,225.2400054931641,225.8300018310547,223.8800048828125,225.0399932861328,91366500
2017-01-04,196.15904235839844,226.5800018310547,226.75,225.6100006103516,225.6199951171875,78744400
2017-01-05,196.00315856933597,226.3999938964844,226.5800018310547,225.47999572753903,226.2700042724609,78379000
2017-01-06,196.7044677734375,227.2100067138672,227.75,225.8999938964844,226.52999877929688,71559900
2017-01-09,196.05517578125,226.4600067138672,227.07000732421875,226.4199981689453,226.91000366210935,46939700
2017-01-10,196.05517578125,226.4600067138672,227.4499969482422,226.00999450683597,226.47999572753903,63771900
2017-01-11,196.6092529296875,227.1000061035156,227.1000061035156,225.58999633789065,226.3600006103516,74650000
2017-01-12,196.1157684326172,226.52999877929688,226.75,224.9600067138672,226.5,72113200
2017-01-13,196.56591796875,227.0500030517578,227.3999938964844,226.69000244140625,226.72999572753903,62717900
2017-01-17,195.8733367919922,226.25,226.77999877929688,225.8000030517578,226.30999755859372,61240800
2017-01-18,196.3062286376953,226.75,226.8000030517578,225.8999938964844,226.5399932861328,54793300
2017-01-19,195.57896423339844,225.91000366210935,227.0,225.41000366210935,226.83999633789065,66608800
2017-01-20,196.29751586914065,226.7400054931641,227.30999755859372,225.97000122070312,226.6999969482422,129168600
2017-01-23,195.7867889404297,226.1499938964844,226.80999755859372,225.2700042724609,226.7400054931641,75061600
2017-01-24,197.0421142578125,227.6000061035156,228.0800018310547,226.2700042724609,226.3999938964844,95555300
2017-01-25,198.74757385253903,229.57000732421875,229.57000732421875,228.50999450683597,228.6999969482422,84437700
2017-01-26,198.53977966308597,229.3300018310547,229.7100067138672,229.00999450683597,229.3999938964844,59970700
2017-01-27,198.22813415527344,228.97000122070312,229.58999633789065,228.75999450683597,229.4199981689453,59711100
2017-01-30,196.9988250732422,227.5500030517578,228.1999969482422,226.41000366210935,228.1699981689453,79737300
2017-01-31,196.9814910888672,227.52999877929688,227.6000061035156,226.32000732421875,226.97999572753903,75880800
2017-02-01,197.05935668945312,227.6199951171875,228.58999633789065,226.94000244140625,227.52999877929688,79117700
2017-02-02,197.18927001953125,227.7700042724609,228.1000061035156,226.82000732421875,227.6199951171875,69657600
2017-02-03,198.54844665527344,229.33999633789065,229.5500030517578,228.4600067138672,228.82000732421875,80563200
2017-02-06,198.19351196289065,228.92999267578125,229.3300018310547,228.5399932861328,228.8699951171875,57790100
2017-02-07,198.2022399902344,228.94000244140625,229.66000366210935,228.72000122070312,229.3800048828125,57931200
2017-02-08,198.46185302734372,229.2400054931641,229.38999938964844,228.30999755859372,228.94000244140625,51566200
2017-02-09,199.6393280029297,230.6000061035156,230.9499969482422,229.2400054931641,229.2400054931641,65955200
2017-02-10,200.4271545410156,231.50999450683597,231.7700042724609,230.6199951171875,231.0,66015900
2017-02-13,201.5179748535156,232.7700042724609,233.07000732421875,232.0500030517578,232.0800018310547,55182100
2017-02-14,202.3230743408203,233.6999969482422,233.7100067138672,232.16000366210935,232.55999755859372,71109000
2017-02-15,203.37928771972656,234.9199981689453,235.13999938964844,233.38999938964844,233.4499969482422,86785800
2017-02-16,203.2061920166016,234.72000122070312,235.16000366210935,233.8500061035156,234.9499969482422,84722400
2017-02-17,203.52647399902344,235.08999633789065,235.08999633789065,233.92999267578125,233.9499969482422,77204100
2017-02-21,204.7385406494141,236.4900054931641,236.69000244140625,235.50999450683597,235.5200042724609,88946100
2017-02-22,204.5567169189453,236.27999877929688,236.5399932861328,235.8300018310547,236.0200042724609,62115200
2017-02-23,204.6952209472656,236.44000244140625,236.8999938964844,235.55999755859372,236.8800048828125,74615900
2017-02-24,204.95492553710935,236.7400054931641,236.7899932861328,235.41000366210935,235.4600067138672,82381600
2017-02-27,205.2752685546875,237.1100006103516,237.30999755859372,236.3500061035156,236.63999938964844,56515400
2017-02-28,204.72120666503903,236.47000122070312,236.9499969482422,236.0200042724609,236.6699981689453,96961900
2017-03-01,207.58677673339844,239.77999877929688,240.32000732421875,238.3699951171875,238.38999938964844,149158200
2017-03-02,206.27952575683597,238.2700042724609,239.57000732421875,238.2100067138672,239.55999755859372,70246000
2017-03-03,206.40939331054688,238.4199981689453,238.6100006103516,237.72999572753903,238.1699981689453,81974300
2017-03-06,205.7946929931641,237.7100067138672,238.1199951171875,237.00999450683597,237.5,55391500
2017-03-07,205.18006896972656,237.0,237.7700042724609,236.75999450683597,237.3600006103516,65103700
2017-03-08,204.79913330078125,236.55999755859372,237.63999938964844,236.3999938964844,237.33999633789065,78168800
2017-03-09,205.05882263183597,236.8600006103516,237.2400054931641,235.7400054931641,236.6999969482422,90683900
2017-03-10,205.7773895263672,237.69000244140625,238.0200042724609,236.58999633789065,237.97000122070312,81991700
2017-03-13,205.88128662109372,237.80999755859372,237.8600006103516,237.2400054931641,237.6199951171875,57256800
2017-03-14,205.093505859375,236.8999938964844,237.2400054931641,236.19000244140625,237.17999267578125,59880800
2017-03-15,206.86822509765625,238.9499969482422,239.44000244140625,237.2899932861328,237.55999755859372,96081800
2017-03-16,206.4613037109375,238.47999572753903,239.1999969482422,238.1000061035156,239.1100006103516,78344000
2017-03-17,206.0987243652344,237.02999877929688,237.97000122070312,237.02999877929688,237.75,89002100
2017-03-20,205.8726501464844,236.7700042724609,237.3600006103516,236.32000732421875,237.02999877929688,52537000
2017-03-21,203.22935485839844,233.72999572753903,237.6100006103516,233.5800018310547,237.47000122070312,131809300
2017-03-22,203.7076110839844,234.27999877929688,234.6100006103516,233.0500030517578,233.7700042724609,97569200
2017-03-23,203.49020385742188,234.02999877929688,235.33999633789065,233.6000061035156,234.27999877929688,100410300
2017-03-24,203.3424224853516,233.8600006103516,235.0399932861328,232.9600067138672,234.3800048828125,112504900
2017-03-27,203.13375854492188,233.6199951171875,233.9199981689453,231.6100006103516,231.92999267578125,87454500
2017-03-28,204.61187744140625,235.32000732421875,235.80999755859372,233.13999938964844,233.2700042724609,93483900
2017-03-29,204.80316162109372,235.5399932861328,235.80999755859372,234.72999572753903,234.9900054931641,61950400
2017-03-30,205.4552764892578,236.2899932861328,236.5200042724609,235.2700042724609,235.47000122070312,56737900
2017-03-31,204.97705078125,235.7400054931641,236.50999450683597,235.67999267578125,235.8999938964844,73733100
2017-04-03,204.6205596923828,235.3300018310547,236.02999877929688,233.91000366210935,235.8000030517578,85546500
2017-04-04,204.7510223388672,235.47999572753903,235.5800018310547,234.55999755859372,235.0,56466200
2017-04-05,204.14236450195312,234.77999877929688,237.38999938964844,234.5399932861328,236.25999450683597,108800600
2017-04-06,204.71620178222656,235.44000244140625,236.0399932861328,234.42999267578125,234.94000244140625,69135800
2017-04-07,204.50753784179688,235.1999969482422,236.0,234.63999938964844,235.1499938964844,74412300
2017-04-10,204.6293182373047,235.33999633789065,236.25999450683597,234.72999572753903,235.3600006103516,67615300
2017-04-11,204.3857879638672,235.05999755859372,235.17999267578125,233.33999633789065,234.8999938964844,88045300
2017-04-12,203.49020385742188,234.02999877929688,234.9600067138672,233.7700042724609,234.7400054931641,81864400
2017-04-13,202.1685943603516,232.50999450683597,234.4900054931641,232.50999450683597,233.63999938964844,92880400
2017-04-17,203.9597320556641,234.57000732421875,234.57000732421875,232.8800048828125,233.1100006103516,68405400
2017-04-18,203.3510589599609,233.8699951171875,234.4900054931641,233.0800018310547,233.72000122070312,83225800
2017-04-19,202.9772491455078,233.44000244140625,234.9499969482422,233.17999267578125,234.5200042724609,68699900
2017-04-20,204.6293182373047,235.33999633789065,235.8500061035156,233.77999877929688,234.1499938964844,92572200
2017-04-21,203.97715759277344,234.58999633789065,235.30999755859372,234.1300048828125,235.25,110389800
2017-04-24,206.22048950195312,237.1699981689453,237.41000366210935,234.55999755859372,237.17999267578125,119209900
2017-04-25,207.42041015625,238.5500030517578,238.9499969482422,237.80999755859372,237.91000366210935,76698300
2017-04-26,207.2899627685547,238.3999938964844,239.52999877929688,238.3500061035156,238.50999450683597,84702500
2017-04-27,207.4638214111328,238.6000061035156,238.9499969482422,237.97999572753903,238.7700042724609,57410300
2017-04-28,207.01173400878903,238.0800018310547,238.92999267578125,237.92999267578125,238.8999938964844,63532800
2017-05-01,207.53343200683597,238.67999267578125,239.1699981689453,238.1999969482422,238.67999267578125,66882500
2017-05-02,207.61170959472656,238.7700042724609,238.97999572753903,238.3000030517578,238.83999633789065,57375700
2017-05-03,207.3595123291016,238.47999572753903,238.8800048828125,237.6999969482422,238.7700042724609,73137700
2017-05-04,207.6030120849609,238.75999450683597,238.9199981689453,237.77999877929688,238.8300018310547,61462700
2017-05-05,208.4203186035156,239.6999969482422,239.72000122070312,238.67999267578125,239.19000244140625,62001300
2017-05-08,208.3855743408203,239.66000366210935,239.9199981689453,239.1699981689453,239.75,48385700
2017-05-09,208.19422912597656,239.44000244140625,240.19000244140625,239.0399932861328,239.9600067138672,51363200
2017-05-10,208.5681610107422,239.8699951171875,239.8699951171875,239.1499938964844,239.38999938964844,54293800
2017-05-11,208.1420440673828,239.3800048828125,239.57000732421875,238.1300048828125,239.3500061035156,62358300
2017-05-12,207.79425048828125,238.97999572753903,239.42999267578125,238.6699981689453,239.08999633789065,53912700
2017-05-15,208.9420623779297,240.3000030517578,240.44000244140625,239.4499969482422,239.47000122070312,61918900
2017-05-16,208.750732421875,240.0800018310547,240.6699981689453,239.6300048828125,240.63999938964844,51241800
2017-05-17,205.04669189453125,235.82000732421875,240.0800018310547,235.75,240.0800018310547,172174100
2017-05-18,205.8726501464844,236.7700042724609,237.75,235.42999267578125,235.72999572753903,107047700
2017-05-19,207.2117156982422,238.30999755859372,239.0800018310547,237.2700042724609,237.3300018310547,115011400
2017-05-22,208.26377868652344,239.5200042724609,239.7100067138672,238.82000732421875,238.8999938964844,61010600
2017-05-23,208.724609375,240.0500030517578,240.2400054931641,239.50999450683597,239.9499969482422,48341700
2017-05-24,209.21157836914065,240.6100006103516,240.72999572753903,239.92999267578125,240.32000732421875,46927700
2017-05-25,210.21148681640625,241.75999450683597,242.0800018310547,240.9600067138672,241.1999969482422,64071700
2017-05-26,210.16799926757807,241.7100067138672,241.8999938964844,241.4499969482422,241.5399932861328,46629900
2017-05-30,209.9854888916016,241.5,241.7899932861328,241.16000366210935,241.33999633789065,35201900
2017-05-31,209.9332733154297,241.44000244140625,241.8800048828125,240.63999938964844,241.83999633789065,91796000
2017-06-01,211.60272216796875,243.3600006103516,243.3800048828125,241.63999938964844,241.97000122070312,68962000
2017-06-02,212.3070068359375,244.1699981689453,244.3500061035156,243.0800018310547,243.4199981689453,88666100
2017-06-05,212.15049743652344,243.9900054931641,244.3000030517578,243.75999450683597,243.97000122070312,44698800
2017-06-06,211.4723052978516,243.2100067138672,243.97999572753903,243.1199951171875,243.33999633789065,50375400
2017-06-07,211.86355590820312,243.66000366210935,243.9199981689453,242.8300018310547,243.6000061035156,54144300
2017-06-08,211.9679107666016,243.77999877929688,244.3300018310547,243.1699981689453,243.7700042724609,65950700
2017-06-09,211.64620971679688,243.41000366210935,245.00999450683597,241.9499969482422,244.08999633789065,132256400
2017-06-12,211.60272216796875,243.3600006103516,243.4199981689453,242.3800048828125,243.1300048828125,86108100
2017-06-13,212.637451171875,244.5500030517578,244.6100006103516,243.5800018310547,243.97999572753903,60067000
2017-06-14,212.36790466308597,244.2400054931641,244.8699951171875,243.2899932861328,244.8600006103516,78602300
2017-06-15,211.9592437744141,243.7700042724609,243.91000366210935,242.3600006103516,242.67999267578125,66464900
2017-06-16,212.0055084228516,242.63999938964844,242.8300018310547,241.6300048828125,242.7700042724609,84553100
2017-06-19,213.77047729492188,244.66000366210935,244.72999572753903,243.47999572753903,243.58999633789065,65123800
2017-06-20,212.3288116455078,243.00999450683597,244.25999450683597,242.9900054931641,244.25,56906400
2017-06-21,212.27639770507807,242.9499969482422,243.58999633789065,242.41000366210935,243.4600067138672,55977600
2017-06-22,212.1802673339844,242.83999633789065,243.52999877929688,242.63999938964844,242.9600067138672,44148100
2017-06-23,212.43370056152344,243.1300048828125,243.50999450683597,242.47000122070312,242.91000366210935,66986800
2017-06-26,212.57347106933597,243.2899932861328,244.3800048828125,243.0500030517578,243.8999938964844,56700500
2017-06-27,210.8609161376953,241.3300018310547,243.3800048828125,241.30999755859372,243.0399932861328,82247700
2017-06-28,212.7482452392578,243.4900054931641,243.72000122070312,242.22999572753903,242.5,70042600
2017-06-29,210.8784027099609,241.3500061035156,243.72000122070312,239.9600067138672,243.66000366210935,106949700
2017-06-30,211.2715759277344,241.8000030517578,242.7100067138672,241.5800018310547,242.27999877929688,86820700
2017-07-03,211.6298828125,242.2100067138672,243.3800048828125,242.2100067138672,242.8800048828125,39153800
2017-07-05,212.11907958984372,242.7700042724609,243.00999450683597,241.6999969482422,242.6300048828125,54427600
2017-07-06,210.17941284179688,240.5500030517578,242.02999877929688,240.33999633789065,241.88999938964844,65400800
2017-07-07,211.54244995117188,242.1100006103516,242.27999877929688,240.55999755859372,241.2100067138672,57972300
2017-07-10,211.7696075439453,242.3699951171875,242.8000030517578,241.75999450683597,242.1100006103516,36663300
2017-07-11,211.6123504638672,242.19000244140625,242.5500030517578,240.8500061035156,242.3699951171875,50354600
2017-07-12,213.2025451660156,244.00999450683597,244.1999969482422,243.3000030517578,243.3000030517578,59610400
2017-07-13,213.5607452392578,244.4199981689453,244.5500030517578,243.75999450683597,244.0200042724609,39471600
2017-07-14,214.55682373046875,245.55999755859372,245.97000122070312,244.30999755859372,244.4199981689453,60262700
2017-07-17,214.5306396484375,245.52999877929688,245.91000366210935,245.3300018310547,245.47000122070312,33531900
2017-07-18,214.64427185058597,245.66000366210935,245.72000122070312,244.6699981689453,245.05999755859372,42742500
2017-07-19,215.80630493164065,246.9900054931641,247.0,246.00999450683597,246.0200042724609,51034300
2017-07-20,215.9024200439453,247.1000061035156,247.4199981689453,246.47000122070312,247.27999877929688,47135200
2017-07-21,215.710205078125,246.8800048828125,246.91000366210935,246.17999267578125,246.44000244140625,82340800
2017-07-24,215.65774536132807,246.82000732421875,246.97999572753903,246.27999877929688,246.7899932861328,46622300
2017-07-25,216.1820068359375,247.4199981689453,247.8000030517578,247.16000366210935,247.67999267578125,54915600
2017-07-26,216.1907196044922,247.42999267578125,247.7899932861328,247.1300048828125,247.75,47575400
2017-07-27,215.9898223876953,247.1999969482422,248.0,245.67999267578125,247.9600067138672,70766600
2017-07-28,215.73643493652344,246.91000366210935,247.05999755859372,246.1300048828125,246.6499938964844,50088400
2017-07-31,215.6140899658203,246.7700042724609,247.47999572753903,246.52999877929688,247.3699951171875,65838700
2017-08-01,216.0946502685547,247.32000732421875,247.5,246.72000122070312,247.4600067138672,55050400
2017-08-02,216.1995086669922,247.44000244140625,247.6000061035156,246.3699951171875,247.47000122070312,47211200
2017-08-03,215.7801055908203,246.9600067138672,247.33999633789065,246.63999938964844,247.30999755859372,40856000
2017-08-04,216.1732940673828,247.41000366210935,247.7899932861328,246.97000122070312,247.5200042724609,60191800
2017-08-07,216.57516479492188,247.8699951171875,247.8699951171875,247.3699951171875,247.4900054931641,31995000
2017-08-08,216.04222106933597,247.25999450683597,248.91000366210935,246.8300018310547,247.50999450683597,61719400
2017-08-09,216.0334930419922,247.25,247.30999755859372,246.05999755859372,246.47000122070312,62632600
2017-08-10,212.98411560058597,243.75999450683597,246.44000244140625,243.6999969482422,246.2899932861328,120479500
2017-08-11,213.29867553710935,244.1199951171875,244.8000030517578,243.75,244.0200042724609,74869900
2017-08-14,215.41310119628903,246.5399932861328,246.7899932861328,245.5500030517578,245.58999633789065,73291900
2017-08-15,215.3868560791016,246.50999450683597,247.0,246.16000366210935,246.97999572753903,55242700
2017-08-16,215.7626495361328,246.94000244140625,247.57000732421875,246.4499969482422,247.1100006103516,56715500
2017-08-17,212.39871215820312,243.08999633789065,246.6000061035156,243.08999633789065,246.2400054931641,128490400
2017-08-18,212.0667266845703,242.7100067138672,244.19000244140625,242.1999969482422,242.8999938964844,136748000
2017-08-21,212.23269653320312,242.8999938964844,243.1999969482422,241.8300018310547,242.63999938964844,65469700
2017-08-22,214.4520263671875,245.44000244140625,245.6199951171875,243.5500030517578,243.57000732421875,63140100
2017-08-23,213.68313598632807,244.55999755859372,245.0500030517578,244.16000366210935,244.3300018310547,50203800
2017-08-24,213.18505859375,243.9900054931641,245.17999267578125,243.75,245.0,50741700
2017-08-25,213.68313598632807,244.55999755859372,245.6100006103516,244.38999938964844,244.8999938964844,64445900
2017-08-28,213.69183349609372,244.57000732421875,245.1999969482422,244.08999633789065,245.1699981689453,40565600
2017-08-29,213.9365234375,244.8500061035156,245.1499938964844,242.92999267578125,243.05999755859372,51135700
2017-08-30,214.95001220703125,246.00999450683597,246.32000732421875,244.6199951171875,244.8300018310547,62030800
2017-08-31,216.2431640625,247.4900054931641,247.7700042724609,246.0500030517578,246.72000122070312,103803900
2017-09-01,216.5489501953125,247.83999633789065,248.3300018310547,247.6699981689453,247.9199981689453,62007000
2017-09-05,214.99371337890625,246.05999755859372,247.5200042724609,244.9499969482422,247.25999450683597,91398800
2017-09-06,215.7276153564453,246.8999938964844,247.27999877929688,246.22999572753903,246.83999633789065,57916900
2017-09-07,215.70144653320312,246.8699951171875,247.2700042724609,246.3999938964844,247.25,58034700
2017-09-08,215.44805908203125,246.5800018310547,247.1100006103516,246.3000030517578,246.5399932861328,63832800
2017-09-11,217.74603271484372,249.2100067138672,249.3000030517578,248.0200042724609,248.0399932861328,71364800
2017-09-12,218.47998046875,250.0500030517578,250.08999633789065,249.4199981689453,249.6300048828125,56896000
2017-09-13,218.58482360839844,250.1699981689453,250.2100067138672,249.58999633789065,249.72000122070312,59228000
2017-09-14,218.514892578125,250.08999633789065,250.32000732421875,249.6000061035156,249.8000030517578,95446300
2017-09-15,218.80908203125,249.19000244140625,249.2899932861328,248.57000732421875,248.69000244140625,95432400
2017-09-18,219.2744598388672,249.72000122070312,250.1199951171875,249.27999877929688,249.6100006103516,46235200
2017-09-19,219.49398803710935,249.97000122070312,250.07000732421875,249.6000061035156,250.0,47108100
2017-09-20,219.57302856445312,250.05999755859372,250.19000244140625,248.9199981689453,250.07000732421875,59574100
2017-09-21,218.98464965820312,249.38999938964844,249.97999572753903,249.19000244140625,249.8800048828125,48211400
2017-09-22,219.0285797119141,249.44000244140625,249.6300048828125,249.0200042724609,249.0500030517578,51214000
2017-09-25,218.5807647705078,248.92999267578125,249.5500030517578,248.0800018310547,249.1499938964844,57064400
2017-09-26,218.71246337890625,249.0800018310547,249.6999969482422,248.80999755859372,249.4199981689453,54082000
2017-09-27,219.5642547607422,250.0500030517578,250.4900054931641,248.8699951171875,249.8800048828125,81001400
2017-09-28,219.82765197753903,250.3500061035156,250.44000244140625,249.6300048828125,249.72999572753903,44778800
2017-09-29,220.600341796875,251.22999572753903,251.32000732421875,250.1300048828125,250.33999633789065,85578000
2017-10-02,221.55751037597656,252.32000732421875,252.32000732421875,251.2899932861328,251.4900054931641,59023000
2017-10-03,222.03160095214844,252.8600006103516,252.88999938964844,252.22999572753903,252.32000732421875,66810200
2017-10-04,222.29507446289065,253.16000366210935,253.44000244140625,252.55999755859372,252.69000244140625,55953600
2017-10-05,223.6122283935547,254.66000366210935,254.67999267578125,253.1999969482422,253.5399932861328,63522800
2017-10-06,223.3574981689453,254.3699951171875,254.6999969482422,253.8500061035156,254.1499938964844,80646000
2017-10-09,222.98870849609372,253.9499969482422,254.6999969482422,253.6499938964844,254.6300048828125,35803100
2017-10-10,223.5770263671875,254.6199951171875,255.0500030517578,253.97999572753903,254.6000061035156,43057400
2017-10-11,223.9283142089844,255.0200042724609,255.0200042724609,254.32000732421875,254.50999450683597,47674300
2017-10-12,223.59458923339844,254.63999938964844,255.05999755859372,254.3699951171875,254.66000366210935,47065100
2017-10-13,223.86685180664065,254.9499969482422,255.2700042724609,254.63999938964844,255.13999938964844,54800400
2017-10-16,224.1653594970703,255.2899932861328,255.50999450683597,254.82000732421875,255.2100067138672,38221700
2017-10-17,224.3233795166016,255.47000122070312,255.5200042724609,254.97999572753903,255.22999572753903,31561000
2017-10-18,224.54293823242188,255.72000122070312,255.9499969482422,255.5,255.8999938964844,40888300
2017-10-19,224.6044006347656,255.7899932861328,255.8300018310547,254.3500061035156,254.8300018310547,61903800
2017-10-20,225.7635040283203,257.1099853515625,257.1400146484375,255.7700042724609,256.70001220703125,89176400
2017-10-23,224.8853759765625,256.1099853515625,257.510009765625,256.0199890136719,257.4800109863281,63915300
2017-10-24,225.28054809570312,256.5599975585937,256.8299865722656,256.1499938964844,256.6000061035156,66935900
2017-10-25,224.1653594970703,255.2899932861328,256.3099975585937,254.0,256.17999267578125,103715300
2017-10-26,224.4551239013672,255.6199951171875,256.29998779296875,255.47999572753903,255.9900054931641,69798000
2017-10-27,226.29031372070312,257.7099914550781,257.8900146484375,255.6300048828125,256.4700012207031,85562500
2017-10-30,225.4473571777344,256.75,257.6000061035156,256.4100036621094,256.4700012207031,54285700
2017-10-31,225.79861450195312,257.1499938964844,257.44000244140625,256.8099975585937,257.17999267578125,60304800
2017-11-01,226.09710693359372,257.489990234375,258.42999267578125,257.07000732421875,258.0400085449219,54202700
2017-11-02,226.1849365234375,257.5899963378906,257.75,256.19000244140625,257.4100036621094,56449500
2017-11-03,226.94012451171875,258.45001220703125,258.5,257.29998779296875,257.7699890136719,59589700
2017-11-06,227.2913360595703,258.8500061035156,259.0,258.2200012207031,258.29998779296875,49652600
2017-11-07,227.13331604003903,258.6700134277344,259.3500061035156,258.0899963378906,258.9700012207031,57502200
2017-11-08,227.5196228027344,259.1099853515625,259.2200012207031,258.1499938964844,258.4700012207031,50469600
2017-11-09,226.6942901611328,258.1700134277344,258.3900146484375,256.3599853515625,257.7300109863281,95085500
2017-11-10,226.6240234375,258.0899963378906,258.2900085449219,257.3699951171875,257.7300109863281,59984700
2017-11-13,226.83470153808597,258.3299865722656,258.5899963378906,257.2699890136719,257.3099975585937,50228600
2017-11-14,226.30789184570312,257.7300109863281,257.8500061035156,256.5199890136719,257.4100036621094,61315200
2017-11-15,225.1751708984375,256.44000244140625,257.2200012207031,255.6300048828125,256.6199951171875,80811500
2017-11-16,227.0894012451172,258.6199951171875,259.0400085449219,257.4700012207031,257.5199890136719,67777000
2017-11-17,226.4219970703125,257.8599853515625,258.5899963378906,257.7699890136719,258.2200012207031,75756800
2017-11-20,226.80841064453125,258.29998779296875,258.5199890136719,257.8599853515625,258.1400146484375,48075500
2017-11-21,228.2923126220703,259.989990234375,260.20001220703125,258.260009765625,259.17999267578125,69176800
2017-11-22,228.0904083251953,259.760009765625,260.1499938964844,259.57000732421875,260.0,45033400
2017-11-24,228.6172332763672,260.3599853515625,260.4800109863281,260.1600036621094,260.32000732421875,27856500
2017-11-27,228.50311279296875,260.2300109863281,260.75,260.0,260.4100036621094,52274900
2017-11-28,230.8211669921875,262.8699951171875,262.8999938964844,260.6499938964844,260.760009765625,98971700
2017-11-29,230.6807403564453,262.7099914550781,263.6300048828125,262.20001220703125,263.0199890136719,77512100
2017-11-30,232.7002716064453,265.010009765625,266.04998779296875,263.6700134277344,263.760009765625,127894400
2017-12-01,232.2173614501953,264.4599914550781,265.3099975585937,260.760009765625,264.760009765625,164390900
2017-12-04,231.9364013671875,264.1400146484375,266.79998779296875,264.0799865722656,266.3099975585937,94040600
2017-12-05,231.1021728515625,263.19000244140625,265.1499938964844,263.0400085449219,263.19000244140625,77994500
2017-12-06,231.14617919921875,263.239990234375,263.7300109863281,262.7099914550781,263.29998779296875,75898600
2017-12-07,231.8749542236328,264.07000732421875,264.42999267578125,262.94000244140625,264.07000732421875,77218600
2017-12-08,233.139404296875,265.510009765625,265.5199890136719,264.0299987792969,265.1600036621094,76563900
2017-12-11,233.8418426513672,266.3099975585937,266.3800048828125,265.4800109863281,266.3099975585937,83077500
2017-12-12,234.25450134277344,266.7799987792969,267.32000732421875,266.3500061035156,267.2099914550781,85195800
2017-12-13,234.22817993164065,266.75,267.5599975585937,266.6499938964844,267.0599975585937,102905400
2017-12-14,233.2711334228516,265.6600036621094,267.2200012207031,265.6000061035156,267.0899963378906,100666700
2017-12-15,235.21359252929688,266.510009765625,267.0400085449219,265.3900146484375,265.45001220703125,144610300
2017-12-18,236.7052001953125,268.20001220703125,268.6000061035156,267.9800109863281,268.1000061035156,83653600
2017-12-19,235.79612731933597,267.1700134277344,268.5299987792969,267.0899963378906,268.4800109863281,82382900
2017-12-20,235.67251586914065,267.0299987792969,268.3299865722656,266.69000244140625,268.2699890136719,76751500
2017-12-21,236.15786743164065,267.5799865722656,268.3900146484375,267.29998779296875,267.739990234375,67032300
2017-12-22,236.0962829589844,267.510009765625,267.6400146484375,266.8999938964844,267.6000061035156,78720900
2017-12-26,235.81381225585935,267.19000244140625,267.44000244140625,266.8900146484375,267.04998779296875,45244400
2017-12-27,235.92849731445312,267.32000732421875,267.7300109863281,267.010009765625,267.3800048828125,57751000
2017-12-28,236.41387939453125,267.8699951171875,267.9200134277344,267.45001220703125,267.8900146484375,45116100
2017-12-29,235.5225372314453,266.8599853515625,268.54998779296875,266.6400146484375,268.5299987792969,96007400
2018-01-02,237.2081756591797,268.7699890136719,268.8099975585937,267.3999938964844,267.8399963378906,86655700
2018-01-03,238.7086334228516,270.4700012207031,270.6400146484375,268.9599914550781,268.9599914550781,90070400
2018-01-04,239.71466064453125,271.6099853515625,272.1600036621094,270.5400085449219,271.20001220703125,80636400
2018-01-05,241.31219482421875,273.4200134277344,273.5599975585937,271.95001220703125,272.510009765625,83524000
2018-01-08,241.7534637451172,273.9200134277344,274.1000061035156,272.9800109863281,273.3099975585937,57319200
2018-01-09,242.3006896972656,274.5400085449219,275.25,274.0799865722656,274.3999938964844,57254000
2018-01-10,241.9299774169922,274.1199951171875,274.4200134277344,272.9200134277344,273.67999267578125,69574300
2018-01-11,243.69512939453125,276.1199951171875,276.1199951171875,274.5599975585937,274.75,62361500
2018-01-12,245.2837677001953,277.9200134277344,278.1099853515625,276.0799865722656,276.4200134277344,90816100
2018-01-16,244.4452972412109,276.9700012207031,280.0899963378906,276.17999267578125,279.3500061035156,106555100
2018-01-17,246.7752685546875,279.6099853515625,280.04998779296875,276.9700012207031,278.0299987792969,113258800
2018-01-18,246.3604736328125,279.1400146484375,279.9599914550781,278.5799865722656,279.4800109863281,100728000
2018-01-19,247.48133850097656,280.4100036621094,280.4100036621094,279.1400146484375,279.79998779296875,140920100
2018-01-22,249.4935302734375,282.69000244140625,282.69000244140625,280.1099853515625,280.1700134277344,91322400
2018-01-23,250.0232086181641,283.2900085449219,283.6199951171875,282.3699951171875,282.739990234375,97084700
2018-01-24,249.926025390625,283.17999267578125,284.70001220703125,281.8399963378906,284.0199890136719,134816100
2018-01-25,250.03192138671875,283.29998779296875,284.2699890136719,282.3999938964844,284.1600036621094,84587300
2018-01-26,252.9268035888672,286.5799865722656,286.6300048828125,283.9599914550781,284.25,107743100
2018-01-29,251.24984741210935,284.67999267578125,286.42999267578125,284.5,285.92999267578125,90118300
2018-01-30,248.6728363037109,281.760009765625,284.739990234375,281.2200012207031,282.6000061035156,131796400
2018-01-31,248.7963714599609,281.8999938964844,283.29998779296875,280.67999267578125,282.7300109863281,108364800
2018-02-01,248.51402282714844,281.5799865722656,283.0599975585937,280.67999267578125,281.07000732421875,90102500
2018-02-02,243.1037750244141,275.45001220703125,280.2300109863281,275.4100036621094,280.0799865722656,173174800
2018-02-05,232.93655395507807,263.92999267578125,275.8500061035156,263.3099975585937,273.45001220703125,294681800
2018-02-06,237.52593994140625,269.1300048828125,269.70001220703125,258.70001220703125,259.94000244140625,355026800
2018-02-07,236.23741149902344,267.6700134277344,272.3599853515625,267.5799865722656,268.5,167376100
2018-02-08,227.37640380859372,257.6300048828125,268.1700134277344,257.5899963378906,268.010009765625,246449500
2018-02-09,230.79200744628903,261.5,263.6099853515625,252.9199981689453,260.79998779296875,283565300
2018-02-12,234.1810302734375,265.3399963378906,267.010009765625,261.6600036621094,263.8299865722656,143736000
2018-02-13,234.763427734375,266.0,266.6199951171875,263.3099975585937,263.9700012207031,81223600
2018-02-14,237.9319610595703,269.5899963378906,270.0,264.29998779296875,264.3099975585937,120735700
2018-02-15,240.968017578125,273.0299987792969,273.0400085449219,268.7699890136719,271.57000732421875,111200300
2018-02-16,241.0385589599609,273.1099853515625,275.32000732421875,272.2699890136719,272.32000732421875,160420100
2018-02-20,239.52932739257807,271.3999938964844,273.6700134277344,270.5,272.0299987792969,86369700
2018-02-21,238.3378753662109,270.04998779296875,274.7200012207031,269.94000244140625,271.8999938964844,98883700
2018-02-22,238.6468048095703,270.3999938964844,273.04998779296875,269.6400146484375,271.1000061035156,110511300
2018-02-23,242.45068359375,274.7099914550781,274.7099914550781,271.25,271.7900085449219,92766400
2018-02-26,245.26612854003903,277.8999938964844,278.010009765625,275.260009765625,275.92999267578125,86491400
2018-02-27,242.2035217285156,274.42999267578125,278.9200134277344,274.3599853515625,278.1099853515625,99099200
2018-02-28,239.7500457763672,271.6499938964844,276.19000244140625,271.2900085449219,275.67999267578125,121907800
2018-03-01,236.26388549804688,267.70001220703125,273.1700134277344,266.0,271.4100036621094,176855100
2018-03-02,237.4818572998047,269.0799865722656,269.7200012207031,264.82000732421875,265.79998779296875,139083200
2018-03-05,240.2266082763672,272.19000244140625,272.8900146484375,267.6099853515625,267.7300109863281,97307400
2018-03-06,240.8356170654297,272.8800048828125,273.3900146484375,271.17999267578125,273.29998779296875,79213200
2018-03-07,240.7472686767578,272.7799987792969,273.17999267578125,270.20001220703125,270.4200134277344,87063500
2018-03-08,241.912353515625,274.1000061035156,274.239990234375,272.4200134277344,273.54998779296875,66901200
2018-03-09,246.1221160888672,278.8699951171875,278.8699951171875,275.3399963378906,275.70001220703125,113625300
2018-03-12,245.81321716308597,278.5199890136719,279.9100036621094,278.0799865722656,279.20001220703125,71924800
2018-03-13,244.224609375,276.7200012207031,280.4100036621094,276.0299987792969,279.8399963378906,91968900
2018-03-14,242.97134399414065,275.29998779296875,278.0199890136719,274.6700134277344,277.8099975585937,105895100
2018-03-15,242.70657348632807,275.0,276.6099853515625,274.42999267578125,275.8800048828125,83433000
2018-03-16,242.9698486328125,274.20001220703125,275.3900146484375,274.1400146484375,274.5,100343700
2018-03-19,239.68235778808597,270.489990234375,274.3999938964844,268.6199951171875,273.3500061035156,109208400
2018-03-20,240.0899810791016,270.95001220703125,271.6700134277344,270.17999267578125,270.94000244140625,59757300
2018-03-21,239.62924194335935,270.42999267578125,273.2699890136719,270.19000244140625,270.8999938964844,78709600
2018-03-22,233.6392059326172,263.6700134277344,268.8699951171875,263.3599853515625,267.9100036621094,148785900
2018-03-23,228.65919494628903,258.04998779296875,264.5400085449219,257.8299865722656,264.1700134277344,183534800
2018-03-26,234.91506958007807,265.1099853515625,265.42999267578125,259.4100036621094,262.1300048828125,141956100
2018-03-27,230.9188232421875,260.6000061035156,266.7699890136719,258.8399963378906,266.1700134277344,129941400
2018-03-28,230.23654174804688,259.8299865722656,262.6400146484375,258.5799865722656,260.75,146452300
2018-03-29,233.1783142089844,263.1499938964844,265.260009765625,259.8399963378906,261.1199951171875,111601600
2018-04-02,228.1452789306641,257.4700012207031,263.1300048828125,254.6699981689453,262.54998779296875,186286300
2018-04-03,231.06936645507807,260.7699890136719,261.3099975585937,256.8399963378906,258.8699951171875,119956900
2018-04-04,233.5416412353516,263.5599975585937,264.3599853515625,256.6000061035156,256.75,123715300
2018-04-05,235.38478088378903,265.6400146484375,266.6400146484375,264.32000732421875,265.54998779296875,82652600
2018-04-06,230.13902282714844,259.7200012207031,265.1099853515625,258.0,263.4200134277344,179521200
2018-04-09,231.27325439453125,261.0,264.8399963378906,259.94000244140625,261.3699951171875,105442900
2018-04-10,234.95054626464844,265.1499938964844,266.0400085449219,262.9800109863281,264.2699890136719,103529000
2018-04-11,233.7189178466797,263.760009765625,265.6400146484375,263.3900146484375,263.4700012207031,91140200
2018-04-12,235.6416931152344,265.92999267578125,267.0,265.0599975585937,265.260009765625,68890500
2018-04-13,234.95054626464844,265.1499938964844,267.5400085449219,264.010009765625,267.4100036621094,85079200
2018-04-16,236.8822326660156,267.3299865722656,268.20001220703125,266.07000732421875,267.0,63405300
2018-04-17,239.4165802001953,270.19000244140625,270.8699951171875,268.75,269.3299865722656,64682000
2018-04-18,239.59368896484372,270.3900146484375,271.29998779296875,269.8699951171875,270.69000244140625,57303900
2018-04-19,238.26461791992188,268.8900146484375,269.8800048828125,267.7200012207031,269.6499938964844,77655900
2018-04-20,236.2442321777344,266.6099853515625,269.0599975585937,265.6099853515625,268.8099975585937,99953100
2018-04-23,236.20880126953125,266.57000732421875,267.8900146484375,265.3500061035156,267.260009765625,65558000
2018-04-24,233.0277404785156,262.9800109863281,267.9800109863281,261.2799987792969,267.7300109863281,112885500
2018-04-25,233.60374450683597,263.6300048828125,264.1300048828125,260.8500061035156,262.9100036621094,103840900
2018-04-26,235.9783935546875,266.3099975585937,267.25,264.2900085449219,264.7900085449219,67731900
2018-04-27,236.1999664306641,266.5599975585937,267.3399963378906,265.5,267.0,57053600
2018-04-30,234.3834228515625,264.510009765625,267.8900146484375,264.42999267578125,267.260009765625,82182300
2018-05-01,234.7999420166016,264.9800109863281,265.1000061035156,262.1099853515625,263.8699951171875,74203400
2018-05-02,233.2227020263672,263.20001220703125,265.67999267578125,262.760009765625,264.760009765625,86368900
2018-05-03,232.70872497558597,262.6199951171875,263.3599853515625,259.04998779296875,262.260009765625,136311500
2018-05-04,235.7215118408203,266.0199890136719,266.7900085449219,261.1499938964844,261.5199890136719,91222100
2018-05-07,236.5189971923828,266.9200134277344,268.0199890136719,266.1099853515625,266.8900146484375,55304900
2018-05-08,236.5189971923828,266.9200134277344,267.3299865722656,265.1499938964844,266.5,67499200
2018-05-09,238.8050994873047,269.5,269.8699951171875,267.0899963378906,267.67999267578125,59666100
2018-05-10,241.0380859375,272.0199890136719,272.3900146484375,270.2200012207031,270.3399963378906,72063900
2018-05-11,241.7735748291016,272.8500061035156,273.1499938964844,271.5799865722656,272.1600036621094,59871500
2018-05-14,241.88873291015625,272.9800109863281,274.0799865722656,272.3599853515625,273.3399963378906,54790600
2018-05-15,240.2228240966797,271.1000061035156,271.6099853515625,270.0299987792969,271.5899963378906,87036100
2018-05-16,241.2330474853516,272.239990234375,272.760009765625,271.1099853515625,271.1400146484375,53942600
2018-05-17,241.0292816162109,272.010009765625,273.2300109863281,271.1300048828125,271.94000244140625,56536400
2018-05-18,240.4266815185547,271.3299865722656,272.0299987792969,270.92999267578125,271.6199951171875,64368000
2018-05-21,242.23434448242188,273.3699951171875,273.9800109863281,272.57000732421875,273.010009765625,58025900
2018-05-22,241.5608673095703,272.6099853515625,274.25,272.239990234375,273.9599914550781,52966400
2018-05-23,242.2254943847656,273.3599853515625,273.3900146484375,270.989990234375,271.1700134277344,64694200
2018-05-24,241.7292022705078,272.79998779296875,273.2200012207031,270.7799987792969,272.9100036621094,76043800
2018-05-25,241.1533050537109,272.1499938964844,272.8599853515625,271.5799865722656,272.1499938964844,56374800
2018-05-29,238.3797912597656,269.0199890136719,271.1700134277344,267.760009765625,270.3099975585937,115908600
2018-05-30,241.5608673095703,272.6099853515625,273.1099853515625,270.4200134277344,270.5,69678400
2018-05-31,240.0811004638672,270.94000244140625,272.489990234375,270.260009765625,272.1499938964844,93519900
2018-06-01,242.4381256103516,273.6000061035156,273.94000244140625,272.3299865722656,272.4100036621094,71258400
2018-06-04,243.5900421142578,274.8999938964844,275.19000244140625,274.260009765625,274.5299987792969,45385200
2018-06-05,243.7672882080078,275.1000061035156,275.5299987792969,274.17999267578125,275.04998779296875,51135000
2018-06-06,245.8052978515625,277.3999938964844,277.5199890136719,275.0899963378906,275.7900085449219,62732200
2018-06-07,245.77877807617188,277.3699951171875,278.2799987792969,276.3399963378906,277.95001220703125,72969400
2018-06-08,246.50538635253903,278.19000244140625,278.25,276.6600036621094,276.8500061035156,72139700
2018-06-11,246.83323669433597,278.5599975585937,279.3699951171875,278.3099975585937,278.44000244140625,58892500
2018-06-12,247.1522521972656,278.9200134277344,279.3299865722656,278.19000244140625,279.0299987792969,72329000
2018-06-13,246.36358642578125,278.0299987792969,279.4800109863281,277.79998779296875,279.19000244140625,79070600
2018-06-14,246.98391723632807,278.7300109863281,279.3299865722656,278.0599975585937,279.010009765625,77097600
2018-06-15,246.6688537597656,277.1300048828125,277.510009765625,275.3500061035156,276.6000061035156,120041600
2018-06-18,246.1614532470703,276.5599975585937,276.70001220703125,274.95001220703125,275.489990234375,52917600
2018-06-19,245.2179718017578,275.5,275.75,273.5299987792969,274.0,97531500
2018-06-20,245.63629150390625,275.9700012207031,276.7200012207031,275.5899963378906,276.2699890136719,53785500
2018-06-21,244.0963592529297,274.239990234375,275.9800109863281,273.67999267578125,275.9599914550781,71061400
2018-06-22,244.54147338867188,274.739990234375,275.7900085449219,274.489990234375,275.6600036621094,54898500
2018-06-25,241.2125396728516,271.0,273.6199951171875,269.1000061035156,273.44000244140625,137854200
2018-06-26,241.74664306640625,271.6000061035156,272.5599975585937,270.7900085449219,271.6400146484375,68547400
2018-06-27,239.7439422607422,269.3500061035156,273.8699951171875,269.17999267578125,272.260009765625,105110700
2018-06-28,241.11463928222656,270.8900146484375,271.75,268.489990234375,269.2900085449219,76650500
2018-06-29,241.46176147460935,271.2799987792969,273.6600036621094,271.1499938964844,272.1199951171875,97592500
2018-07-02,241.9780120849609,271.8599853515625,272.0400085449219,269.239990234375,269.510009765625,63554800
2018-07-03,241.1236114501953,270.8999938964844,272.9800109863281,270.4200134277344,272.8699951171875,42187100
2018-07-05,243.0906982421875,273.1099853515625,273.17999267578125,270.9599914550781,272.1700134277344,56925900
2018-07-06,245.1466827392578,275.4200134277344,275.8399963378906,272.7099914550781,273.1400146484375,66493700
2018-07-09,247.3541717529297,277.8999938964844,277.9599914550781,276.5,276.54998779296875,50550400
2018-07-10,248.2442169189453,278.8999938964844,279.010009765625,278.0799865722656,278.4100036621094,51966800
2018-07-11,246.42837524414065,276.8599853515625,278.0400085449219,276.5199890136719,277.1499938964844,77054700
2018-07-12,248.6624755859375,279.3699951171875,279.42999267578125,277.6000061035156,278.2799987792969,60124700
2018-07-13,248.85833740234372,279.5899963378906,279.92999267578125,278.6600036621094,279.1700134277344,48216000
2018-07-16,248.63589477539065,279.3399963378906,279.79998779296875,278.8399963378906,279.6400146484375,48201000
2018-07-17,249.6416778564453,280.4700012207031,280.9100036621094,278.4100036621094,278.4700012207031,52315500
2018-07-18,250.16683959960935,281.0599975585937,281.17999267578125,280.0599975585937,280.5599975585937,44593500
2018-07-19,249.223388671875,280.0,280.739990234375,279.4599914550781,280.3099975585937,61412100
2018-07-20,248.93844604492188,279.67999267578125,280.4800109863281,279.5,279.7699890136719,82337700
2018-07-23,249.40130615234372,280.20001220703125,280.42999267578125,279.0599975585937,279.45001220703125,47047600
2018-07-24,250.65635681152344,281.6099853515625,282.5599975585937,280.6300048828125,281.7900085449219,68026900
2018-07-25,252.7925567626953,284.010009765625,284.3699951171875,281.2799987792969,281.3299865722656,78882900
2018-07-26,252.1961669921875,283.3399963378906,284.1099853515625,283.0899963378906,283.20001220703125,57919500
2018-07-27,250.4872283935547,281.4200134277344,283.82000732421875,280.3800048828125,283.7099914550781,76768700
2018-07-30,249.17872619628903,279.95001220703125,281.69000244140625,279.3599853515625,281.510009765625,63742500
2018-07-31,250.40711975097656,281.3299865722656,282.0199890136719,280.3800048828125,280.8099975585937,68570500
2018-08-01,249.98878479003903,280.8599853515625,282.1300048828125,280.1300048828125,281.5599975585937,53853300
2018-08-02,251.3505859375,282.3900146484375,282.5799865722656,279.1600036621094,279.3900146484375,63426400
2018-08-03,252.4277191162109,283.6000061035156,283.6600036621094,282.3299865722656,282.5299987792969,53935400
2018-08-06,253.3532867431641,284.6400146484375,284.989990234375,283.20001220703125,283.6400146484375,39400900
2018-08-07,254.1900329589844,285.5799865722656,286.010009765625,285.239990234375,285.3900146484375,43196600
2018-08-08,254.08316040039065,285.4599914550781,285.9100036621094,284.94000244140625,285.3900146484375,42114600
2018-08-09,253.73605346679688,285.07000732421875,285.9700012207031,284.9200134277344,285.5299987792969,35717000
2018-08-10,252.03599548339844,283.1600036621094,284.0599975585937,282.3599853515625,283.45001220703125,77076000
2018-08-13,251.0924072265625,282.1000061035156,284.1600036621094,281.7699890136719,283.4700012207031,65732900
2018-08-14,252.6947021484375,283.8999938964844,284.1700134277344,282.4800109863281,282.9200134277344,43842000
2018-08-15,250.80763244628903,281.7799987792969,282.5400085449219,280.1600036621094,282.3800048828125,102925400
2018-08-16,252.8370819091797,284.0599975585937,285.0400085449219,283.3599853515625,283.3999938964844,69967900
2018-08-17,253.72708129882807,285.0599975585937,285.5599975585937,283.3699951171875,283.8299865722656,65618500
2018-08-20,254.2700653076172,285.6700134277344,285.9700012207031,285.0599975585937,285.57000732421875,39807500
2018-08-21,254.86648559570312,286.3399963378906,287.3099975585937,285.7099914550781,286.25,67272000
2018-08-22,254.7151336669922,286.1700134277344,286.760009765625,285.5799865722656,285.8800048828125,44993300
2018-08-23,254.3769073486328,285.7900085449219,286.94000244140625,285.42999267578125,285.9700012207031,49204900
2018-08-24,255.90782165527344,287.510009765625,287.6700134277344,286.3800048828125,286.44000244140625,57487400
2018-08-27,257.92840576171875,289.7799987792969,289.8999938964844,288.67999267578125,288.8599853515625,57072400
2018-08-28,258.0528869628906,289.9200134277344,290.4200134277344,289.3999938964844,290.29998779296875,46943500
2018-08-29,259.4415283203125,291.4800109863281,291.739990234375,289.8900146484375,290.1600036621094,61485500
2018-08-30,258.39111328125,290.29998779296875,291.3599853515625,289.6300048828125,290.94000244140625,61229500
2018-08-31,258.4000244140625,290.3099975585937,290.8099975585937,289.2900085449219,289.8399963378906,66140800
2018-09-04,257.9550170898437,289.8099975585937,290.2099914550781,288.67999267578125,289.8399963378906,57594400
2018-09-05,257.26080322265625,289.0299987792969,289.6400146484375,287.8900146484375,289.4100036621094,72452400
2018-09-06,256.48638916015625,288.1600036621094,289.489990234375,287.0,289.1499938964844,65909900
2018-09-07,255.98794555664065,287.6000061035156,288.70001220703125,286.7099914550781,286.9800109863281,73524800
2018-09-10,256.4330444335937,288.1000061035156,289.0400085449219,287.8800048828125,288.739990234375,50210900
2018-09-11,257.2785949707031,289.04998779296875,289.54998779296875,286.9800109863281,287.3699951171875,50530500
2018-09-12,257.3408203125,289.1199951171875,289.79998779296875,288.2300109863281,289.0599975585937,59810800
2018-09-13,258.8629455566406,290.8299865722656,291.0400085449219,290.0,290.32000732421875,51034200
2018-09-14,258.90740966796875,290.8800048828125,291.2699890136719,290.0,291.0599975585937,55079900
2018-09-17,257.5367431640625,289.3399963378906,290.8599853515625,289.0299987792969,290.82000732421875,68244000
2018-09-18,258.93408203125,290.9100036621094,291.5799865722656,289.54998779296875,289.5799865722656,61930400
2018-09-19,259.2099609375,291.2200012207031,291.69000244140625,290.8299865722656,290.9700012207031,49080600
2018-09-20,261.3105773925781,293.5799865722656,293.94000244140625,291.239990234375,292.6400146484375,100360600
2018-09-21,261.07183837890625,291.989990234375,293.2200012207031,291.8099975585937,293.0899963378906,105479700
2018-09-24,260.2046203613281,291.0199890136719,291.5,290.3699951171875,291.3399963378906,53409600
2018-09-25,259.963134765625,290.75,291.6499938964844,290.4800109863281,291.5299987792969,44370000
2018-09-26,259.18536376953125,289.8800048828125,292.239990234375,289.4100036621094,290.9100036621094,79739700
2018-09-27,259.9095764160156,290.69000244140625,291.9100036621094,290.1000061035156,290.4100036621094,59249500
2018-09-28,259.9364318847656,290.7200012207031,291.2799987792969,289.95001220703125,289.989990234375,70091400
2018-10-01,260.8394470214844,291.7300109863281,292.92999267578125,290.9800109863281,292.1099853515625,62078900
2018-10-02,260.6874084472656,291.5599975585937,292.3599853515625,291.1400146484375,291.5599975585937,47258200
2018-10-03,260.8304443359375,291.7200012207031,293.2099914550781,291.32000732421875,292.739990234375,64694600
2018-10-04,258.7918701171875,289.44000244140625,291.239990234375,287.6600036621094,291.17999267578125,111545900
2018-10-05,257.3434753417969,287.82000732421875,290.2699890136719,286.2200012207031,289.69000244140625,105951700
2018-10-08,257.3434753417969,287.82000732421875,288.2200012207031,285.5,287.04998779296875,87742200
2018-10-09,256.9678955078125,287.3999938964844,288.8599853515625,286.7699890136719,287.3900146484375,74339000
2018-10-10,248.83154296875,278.29998779296875,286.9100036621094,277.8800048828125,286.8299865722656,214731000
2018-10-11,243.35055541992188,272.1700134277344,278.8999938964844,270.3599853515625,277.0799865722656,274840500
2018-10-12,246.7303009033203,275.95001220703125,277.0899963378906,272.3699951171875,276.7699890136719,183186500
2018-10-15,245.34446716308597,274.3999938964844,277.0400085449219,274.29998779296875,275.54998779296875,102263700
2018-10-16,250.70913696289065,280.3999938964844,280.82000732421875,276.07000732421875,276.6000061035156,118255800
2018-10-17,250.7538909912109,280.45001220703125,281.1499938964844,277.5599975585937,280.44000244140625,110626000
2018-10-18,247.1326904296875,276.3999938964844,280.07000732421875,274.9700012207031,279.3999938964844,134557500
2018-10-19,246.9985809326172,276.25,279.29998779296875,275.4700012207031,277.1300048828125,139901600
2018-10-22,245.8898162841797,275.010009765625,277.3599853515625,274.4100036621094,277.0,82415800
2018-10-23,244.63815307617188,273.6099853515625,274.8699951171875,268.6099853515625,270.95001220703125,146352700
2018-10-24,237.2259063720703,265.32000732421875,273.760009765625,264.70001220703125,273.3299865722656,177806700
2018-10-25,241.4818878173828,270.0799865722656,271.8099975585937,266.2300109863281,267.3800048828125,138061500
2018-10-26,237.23483276367188,265.3299865722656,271.0,262.2900085449219,265.9200134277344,201574600
2018-10-29,235.9204864501953,263.8599853515625,270.25,259.8500061035156,268.79998779296875,160749100
2018-10-30,239.4164886474609,267.7699890136719,268.1199951171875,263.1199951171875,263.6700134277344,157116000
2018-10-31,241.97364807128903,270.6300048828125,273.2300109863281,270.1199951171875,270.6499938964844,128296300
2018-11-01,244.5487823486328,273.510009765625,273.7300109863281,270.3800048828125,271.6000061035156,99495000
2018-11-02,243.10028076171875,271.8900146484375,275.2300109863281,269.5899963378906,274.75,122634100
2018-11-05,244.44142150878903,273.3900146484375,274.010009765625,271.3500061035156,272.44000244140625,65622500
2018-11-06,245.9882354736328,275.1199951171875,275.29998779296875,273.25,273.32000732421875,60085900
2018-11-07,251.2544860839844,281.010009765625,281.1000061035156,277.0799865722656,277.5599975585937,102752100
2018-11-08,250.79852294921875,280.5,281.2200012207031,279.2200012207031,280.1099853515625,65584900
2018-11-09,248.34866333007807,277.760009765625,279.239990234375,276.17999267578125,279.0299987792969,98812600
2018-11-12,243.7081756591797,272.57000732421875,277.4599914550781,271.989990234375,277.19000244140625,99673600
2018-11-13,243.252197265625,272.0599975585937,275.3299865722656,271.25,273.0899963378906,98176600
2018-11-14,241.58920288085935,270.20001220703125,274.6099853515625,268.45001220703125,274.1600036621094,125335900
2018-11-15,244.11056518554688,273.0199890136719,273.5400085449219,267.010009765625,268.7799987792969,135101400
2018-11-16,244.7454071044922,273.7300109863281,274.75,271.2099914550781,271.7900085449219,126668000
2018-11-19,240.60565185546875,269.1000061035156,273.3800048828125,268.07000732421875,273.04998779296875,103061700
2018-11-20,236.1529541015625,264.1199951171875,267.0,263.1499938964844,265.3599853515625,136021300
2018-11-21,236.9576568603516,265.0199890136719,267.1499938964844,265.010009765625,265.8599853515625,75563700
2018-11-23,235.3751220703125,263.25,264.82000732421875,263.07000732421875,263.17999267578125,42807900
2018-11-26,239.1751251220703,267.5,267.75,265.3399963378906,265.7799987792969,79981400
2018-11-27,239.9797515869141,268.3999938964844,268.3999938964844,265.6600036621094,266.3399963378906,75502400
2018-11-28,245.5054168701172,274.5799865722656,274.5799865722656,268.3299865722656,269.6000061035156,127629600
2018-11-29,244.96896362304688,273.9800109863281,275.54998779296875,272.42999267578125,273.7099914550781,82346400
2018-11-30,246.4620819091797,275.6499938964844,276.2799987792969,273.45001220703125,273.8099975585937,98204200
2018-12-03,249.7255706787109,279.29998779296875,280.3999938964844,277.510009765625,280.2799987792969,103176300
2018-12-04,241.63389587402344,270.25,278.8500061035156,269.8999938964844,278.3699951171875,177986000
2018-12-06,241.2672576904297,269.8399963378906,269.9700012207031,262.44000244140625,265.9200134277344,204185400
2018-12-07,235.6612243652344,263.57000732421875,271.2200012207031,262.6300048828125,269.4599914550781,161018900
2018-12-10,236.10826110839844,264.07000732421875,265.1600036621094,258.6199951171875,263.3699951171875,151445900
2018-12-11,236.16195678710935,264.1300048828125,267.8699951171875,262.4800109863281,267.6600036621094,121504400
2018-12-12,237.35108947753903,265.4599914550781,269.0,265.3699951171875,267.4700012207031,97976700
2018-12-13,237.2706451416016,265.3699951171875,267.489990234375,264.1199951171875,266.5199890136719,96662700
2018-12-14,232.88951110839844,260.4700012207031,264.0299987792969,259.8500061035156,262.9599914550781,116961100
2018-12-17,228.320556640625,255.3600006103516,260.6499938964844,253.52999877929688,259.3999938964844,165492300
2018-12-18,228.0701904296875,255.0800018310547,257.95001220703125,253.27999877929688,257.20001220703125,134515100
2018-12-19,224.6546630859375,251.25999450683597,259.3999938964844,249.3500061035156,255.1699981689453,214992800
2018-12-20,220.9978179931641,247.1699981689453,251.6199951171875,244.6499938964844,249.8600006103516,252053400
2018-12-21,216.4696044921875,240.6999969482422,249.7100067138672,239.97999572753903,246.7400054931641,255345600
2018-12-24,210.74981689453125,234.33999633789065,240.83999633789065,234.2700042724609,239.0399932861328,147311600
2018-12-26,221.3979949951172,246.17999267578125,246.17999267578125,233.75999450683597,235.97000122070312,218485400
2018-12-27,223.0977478027344,248.07000732421875,248.2899932861328,238.9600067138672,242.57000732421875,186267300
2018-12-28,222.8099365234375,247.75,251.3999938964844,246.4499969482422,249.5800018310547,153100200
2018-12-31,224.76145935058597,249.9199981689453,250.19000244140625,247.47000122070312,249.55999755859372,144299400
2019-01-02,224.9952850341797,250.17999267578125,251.2100067138672,245.9499969482422,245.97999572753903,126925200
2019-01-03,219.62632751464844,244.2100067138672,248.57000732421875,243.6699981689453,248.22999572753903,144140700
2019-01-04,226.9828338623047,252.38999938964844,253.1100006103516,247.1699981689453,247.58999633789065,142628800
2019-01-07,228.77252197265625,254.3800048828125,255.9499969482422,251.69000244140625,252.69000244140625,103139100
2019-01-08,230.92193603515625,256.7699890136719,257.3099975585937,254.0,256.82000732421875,102512600
2019-01-09,232.0011444091797,257.9700012207031,258.9100036621094,256.19000244140625,257.5599975585937,95006600
2019-01-10,232.81954956054688,258.8800048828125,259.1600036621094,255.5,256.260009765625,96823900
2019-01-11,232.90945434570312,258.9800109863281,259.010009765625,257.0299987792969,257.67999267578125,73858100
2019-01-14,231.48849487304688,257.3999938964844,258.29998779296875,256.4100036621094,256.8599853515625,70908200
2019-01-15,234.1415252685547,260.3500061035156,260.70001220703125,257.8099975585937,257.82000732421875,85208300
2019-01-16,234.7081298828125,260.9800109863281,261.9700012207031,260.6000061035156,260.8299865722656,77636700
2019-01-17,236.4887237548828,262.9599914550781,263.9200134277344,259.9599914550781,260.010009765625,96118400
2019-01-18,239.63644409179688,266.4599914550781,266.9800109863281,263.0,264.9800109863281,127900300
2019-01-22,236.3988494873047,262.8599853515625,265.0599975585937,261.0599975585937,264.82000732421875,115531200
2019-01-23,236.8935089111328,263.4100036621094,264.7900085449219,260.6600036621094,264.010009765625,86030300
2019-01-24,237.0194091796875,263.54998779296875,264.20001220703125,262.0799865722656,263.2099914550781,59204100
2019-01-25,239.02491760253903,265.7799987792969,266.70001220703125,263.6600036621094,265.6099853515625,96883400
2019-01-28,237.20828247070312,263.760009765625,263.8299865722656,261.7900085449219,263.3900146484375,85613700
2019-01-29,236.8935089111328,263.4100036621094,264.54998779296875,262.4800109863281,263.9200134277344,66136300
2019-01-30,240.64370727539065,267.5799865722656,268.5199890136719,264.25,265.1000061035156,92473700
2019-01-31,242.75717163085935,269.92999267578125,270.4700012207031,267.2699890136719,267.510009765625,104012100
2019-02-01,242.87408447265625,270.0599975585937,271.20001220703125,269.17999267578125,270.1499938964844,85782500
2019-02-04,244.58279418945312,271.9599914550781,272.0299987792969,269.3599853515625,270.1099853515625,60744800
2019-02-05,245.6080474853516,273.1000061035156,273.44000244140625,271.8800048828125,272.44000244140625,79552800
2019-02-06,245.2842559814453,272.739990234375,273.3399963378906,271.9200134277344,272.7900085449219,58347800
2019-02-07,242.946044921875,270.1400146484375,271.54998779296875,268.2900085449219,270.94000244140625,95482000
2019-02-08,243.2427978515625,270.4700012207031,270.5799865722656,267.8299865722656,268.75,75788900
2019-02-11,243.37771606445312,270.6199951171875,271.489990234375,270.0299987792969,271.20001220703125,68021400
2019-02-12,246.5074462890625,274.1000061035156,274.5199890136719,272.3399963378906,272.4200134277344,72270200
2019-02-13,247.30772399902344,274.989990234375,275.92999267578125,274.5599975585937,275.0299987792969,65277200
2019-02-14,246.75921630859372,274.3800048828125,275.6400146484375,272.8699951171875,273.7799987792969,83234400
2019-02-15,249.4481201171875,277.3699951171875,277.4100036621094,276.1300048828125,276.3599853515625,97088700
2019-02-19,249.87994384765625,277.8500061035156,278.5799865722656,276.4700012207031,276.4800109863281,59120800
2019-02-20,250.38352966308597,278.4100036621094,278.9200134277344,277.25,277.8099975585937,76610800
2019-02-21,249.4931488037109,277.4200134277344,278.1000061035156,276.3500061035156,277.70001220703125,64214700
2019-02-22,251.0400848388672,279.1400146484375,279.3599853515625,277.3999938964844,278.1099853515625,78114600
2019-02-25,251.38172912597656,279.5199890136719,281.3099975585937,279.42999267578125,280.7300109863281,69030700
2019-02-26,251.2019195556641,279.32000732421875,280.29998779296875,278.8999938964844,279.1300048828125,56844100
2019-02-27,251.0940399169922,279.20001220703125,279.5899963378906,277.4800109863281,278.5199890136719,56921600
2019-02-28,250.62635803222656,278.67999267578125,279.45001220703125,278.32000732421875,278.9599914550781,69268300
2019-03-01,252.191162109375,280.4200134277344,280.8800048828125,278.82000732421875,280.44000244140625,78880500
2019-03-04,251.27381896972656,279.3999938964844,281.8699951171875,276.8399963378906,281.6000061035156,106494600
2019-03-05,250.93209838867188,279.0199890136719,279.760009765625,278.4100036621094,279.5400085449219,59114600
2019-03-06,249.41221618652344,277.3299865722656,279.1600036621094,276.9700012207031,279.1499938964844,75039800
2019-03-07,247.3257598876953,275.010009765625,276.989990234375,274.07000732421875,276.8299865722656,94885100
2019-03-08,246.8311767578125,274.4599914550781,274.6499938964844,272.4200134277344,272.94000244140625,85795800
2019-03-11,250.41049194335935,278.44000244140625,278.6199951171875,275.2300109863281,275.260009765625,65098900
2019-03-12,251.354736328125,279.489990234375,280.07000732421875,278.8500061035156,279.0599975585937,79667500
2019-03-13,253.0185089111328,281.3399963378906,282.3800048828125,280.29998779296875,280.4800109863281,80639200
2019-03-14,252.856689453125,281.1600036621094,281.8399963378906,280.6700134277344,281.3699951171875,67518400
2019-03-15,254.10597229003903,281.3099975585937,282.2099914550781,280.3299865722656,280.5400085449219,81309000
2019-03-18,255.02731323242188,282.3299865722656,282.6600036621094,281.29998779296875,281.54998779296875,62199800
2019-03-19,255.090576171875,282.3999938964844,284.3599853515625,281.4100036621094,283.510009765625,90268100
2019-03-20,254.32269287109372,281.54998779296875,283.5,280.32000732421875,282.1600036621094,84609200
2019-03-21,257.1952209472656,284.7300109863281,285.17999267578125,280.5899963378906,280.6400146484375,79550400
2019-03-22,252.2451171875,279.25,283.79998779296875,279.17999267578125,283.2200012207031,122659300
2019-03-25,252.0554351806641,279.0400085449219,280.19000244140625,277.6400146484375,278.8699951171875,85575200
2019-03-26,253.93429565429688,281.1199951171875,282.17999267578125,279.5599975585937,280.989990234375,68125900
2019-03-27,252.6064453125,279.6499938964844,281.760009765625,277.92999267578125,281.1099853515625,72224700
2019-03-28,253.5639190673828,280.7099914550781,281.2099914550781,279.07000732421875,280.3500061035156,56238500
2019-03-29,255.16278076171875,282.4800109863281,282.8399963378906,281.1400146484375,282.3900146484375,82186800
2019-04-01,258.18878173828125,285.8299865722656,286.1600036621094,284.3999938964844,284.70001220703125,77617900
2019-04-02,258.3153076171875,285.9700012207031,286.2300109863281,285.0899963378906,286.0400085449219,40070400
2019-04-03,258.7218017578125,286.4200134277344,287.760009765625,285.75,287.32000732421875,68243200
2019-04-04,259.4082946777344,287.17999267578125,287.4599914550781,286.010009765625,286.7799987792969,48997500
2019-04-05,260.66387939453125,288.57000732421875,288.6300048828125,287.6000061035156,287.9200134277344,58621700
2019-04-08,260.86260986328125,288.7900085449219,288.9100036621094,287.3699951171875,288.1000061035156,53566300
2019-04-09,259.525634765625,287.3099975585937,288.0799865722656,286.70001220703125,287.7200012207031,66142300
2019-04-10,260.41094970703125,288.2900085449219,288.3900146484375,287.3099975585937,287.7699890136719,52601500
2019-04-11,260.3387145996094,288.2099914550781,288.8399963378906,287.5799865722656,288.8299865722656,55093100
2019-04-12,262.1001281738281,290.1600036621094,290.4700012207031,288.260009765625,290.0,69727800
2019-04-15,261.9284362792969,289.9700012207031,290.3500061035156,289.0799865722656,290.239990234375,49596700
2019-04-16,262.1001281738281,290.1600036621094,291.010009765625,289.5,290.95001220703125,52153200
2019-04-17,261.458740234375,289.45001220703125,291.42999267578125,288.989990234375,291.3999938964844,58268300
2019-04-18,261.9736022949219,290.0199890136719,290.32000732421875,288.6600036621094,290.1000061035156,68708500
2019-04-22,262.1995544433594,290.2699890136719,290.44000244140625,289.07000732421875,289.1700134277344,40160100
2019-04-23,264.5570068359375,292.8800048828125,293.1400146484375,290.4200134277344,290.67999267578125,52246600
2019-04-24,263.9698791503906,292.2300109863281,293.1600036621094,292.07000732421875,292.7900085449219,50392900
2019-04-25,263.8072814941406,292.04998779296875,292.7799987792969,290.7300109863281,292.1199951171875,57770900
2019-04-26,265.0359191894531,293.4100036621094,293.489990234375,291.239990234375,292.1000061035156,50916400
2019-04-29,265.45135498046875,293.8699951171875,294.45001220703125,293.4100036621094,293.510009765625,57197700
2019-04-30,265.5868225097656,294.0199890136719,294.3399963378906,291.9200134277344,293.489990234375,81111700
2019-05-01,263.5904235839844,291.8099975585937,294.95001220703125,291.79998779296875,294.7200012207031,71671900
2019-05-02,263.0214538574219,291.17999267578125,292.70001220703125,289.5199890136719,291.67999267578125,65030200
2019-05-03,265.5958251953125,294.0299987792969,294.3399963378906,291.29998779296875,292.82000732421875,56543700
2019-05-06,264.5029296875,292.82000732421875,293.3099975585937,288.8999938964844,289.25,107198100
2019-05-07,260.0857849121094,287.92999267578125,290.8099975585937,285.8099975585937,290.1499938964844,144729900
2019-05-08,259.7243957519531,287.5299987792969,289.42999267578125,286.8699951171875,287.5299987792969,91568300
2019-05-09,258.93853759765625,286.6600036621094,287.3299865722656,283.29998779296875,285.2300109863281,103471100
2019-05-10,260.2394104003906,288.1000061035156,288.94000244140625,282.29998779296875,285.6199951171875,112429300
2019-05-13,253.6994171142578,280.8599853515625,283.489990234375,279.92999267578125,282.4200134277344,127290500
2019-05-14,255.9937896728516,283.3999938964844,285.1000061035156,281.8500061035156,281.989990234375,77003200
2019-05-15,257.4932556152344,285.0599975585937,285.7699890136719,281.3599853515625,281.5899963378906,73956400
2019-05-16,259.8779602050781,287.70001220703125,289.2099914550781,285.760009765625,285.8399963378906,76749600
2019-05-17,258.19781494140625,285.8399963378906,288.6000061035156,285.1199951171875,285.1400146484375,100353000
2019-05-20,256.4906921386719,283.95001220703125,285.9599914550781,283.1199951171875,284.0599975585937,62877600
2019-05-21,258.8030700683594,286.510009765625,286.92999267578125,285.54998779296875,285.8299865722656,46847100
2019-05-22,258.0082092285156,285.6300048828125,286.69000244140625,285.1000061035156,285.45001220703125,49482500
2019-05-23,254.855712890625,282.1400146484375,283.2099914550781,280.57000732421875,283.1600036621094,98733800
2019-05-24,255.43380737304688,282.7799987792969,284.20001220703125,282.0899963378906,283.739990234375,55268100
2019-05-28,253.05821228027344,280.1499938964844,284.1499938964844,280.1300048828125,283.0899963378906,70029400
2019-05-29,251.35997009277344,278.2699890136719,279.3599853515625,276.7099914550781,278.9100036621094,104972900
2019-05-30,252.04632568359372,279.0299987792969,280.0400085449219,277.8099975585937,279.1099853515625,62523800
2019-05-31,248.65013122558597,275.2699890136719,277.1199951171875,275.239990234375,276.20001220703125,86862800
2019-06-03,248.01773071289065,274.57000732421875,276.54998779296875,273.0899963378906,275.3099975585937,96428000
2019-06-04,253.4013671875,280.5299987792969,280.67999267578125,276.6199951171875,277.1199951171875,77231900
2019-06-05,255.5963287353516,282.9599914550781,282.989990234375,280.32000732421875,282.3299865722656,71169700
2019-06-06,257.2583923339844,284.79998779296875,285.54998779296875,282.57000732421875,283.2900085449219,69430400
2019-06-07,259.8328552246094,287.6499938964844,288.8500061035156,285.739990234375,285.92999267578125,74272200
2019-06-10,261.025146484375,288.9700012207031,290.82000732421875,288.8699951171875,289.3699951171875,60799100
2019-06-11,260.9619445800781,288.8999938964844,291.3999938964844,288.17999267578125,290.989990234375,58641300
2019-06-12,260.5013427734375,288.3900146484375,289.260009765625,287.82000732421875,288.6400146484375,47096300
2019-06-13,261.576171875,289.5799865722656,289.9800109863281,288.6199951171875,289.3999938964844,48945200
2019-06-14,261.28717041015625,289.260009765625,289.92999267578125,288.4100036621094,289.260009765625,52324700
2019-06-17,261.38653564453125,289.3699951171875,290.2200012207031,289.17999267578125,289.5199890136719,39205700
2019-06-18,264.1235046386719,292.3999938964844,293.57000732421875,290.989990234375,291.3900146484375,85434800
2019-06-19,264.7196655273437,293.0599975585937,293.6499938964844,291.4700012207031,292.54998779296875,78674400
2019-06-20,267.2489013671875,295.8599853515625,296.3099975585937,293.1300048828125,296.0400085449219,116570000
2019-06-21,266.86041259765625,294.0,295.5199890136719,293.760009765625,294.1300048828125,83309500
2019-06-24,266.5336608886719,293.6400146484375,294.5799865722656,293.4700012207031,294.2300109863281,47582700
2019-06-25,263.91949462890625,290.760009765625,293.7300109863281,290.6400146484375,293.70001220703125,82028700
2019-06-26,263.65625,290.4700012207031,292.3099975585937,290.3500061035156,291.75,51584900
2019-06-27,264.5911865234375,291.5,292.0599975585937,290.8900146484375,291.3099975585937,40355200
2019-06-28,265.9527893066406,293.0,293.54998779296875,292.010009765625,292.5799865722656,59350900
2019-07-01,268.3670959472656,295.6600036621094,296.9200134277344,294.3299865722656,296.67999267578125,78705600
2019-07-02,269.0660705566406,296.42999267578125,296.489990234375,294.67999267578125,295.6099853515625,61504500
2019-07-03,271.2173156738281,298.79998779296875,298.82000732421875,297.0199890136719,297.17999267578125,40898900
2019-07-05,270.90869140625,298.4599914550781,298.6400146484375,296.010009765625,297.44000244140625,51677300
2019-07-08,269.4200744628906,296.82000732421875,298.260009765625,296.2200012207031,297.010009765625,45841800
2019-07-09,269.75592041015625,297.19000244140625,297.5199890136719,295.4800109863281,295.5400085449219,41101300
2019-07-10,271.0447998046875,298.6099853515625,299.6600036621094,297.7799987792969,298.3699951171875,58448500
2019-07-11,271.6802978515625,299.3099975585937,299.5799865722656,298.20001220703125,299.32000732421875,50826100
2019-07-12,272.8966064453125,300.6499938964844,300.7300109863281,299.510009765625,299.8500061035156,40326000
2019-07-15,272.9872741699219,300.75,301.1300048828125,300.19000244140625,301.1300048828125,33900000
2019-07-16,272.1068725585937,299.7799987792969,300.8800048828125,299.44000244140625,300.6499938964844,36650100
2019-07-17,270.2552185058594,297.739990234375,299.92999267578125,297.739990234375,299.75,36036300
2019-07-18,271.2445068359375,298.8299865722656,299.25,296.70001220703125,297.19000244140625,51392600
2019-07-19,269.7377319335937,297.1700134277344,300.07000732421875,296.9800109863281,300.0400085449219,58678600
2019-07-22,270.4003601074219,297.8999938964844,298.5,297.0400085449219,297.6099853515625,43638100
2019-07-23,272.333740234375,300.0299987792969,300.0299987792969,298.2200012207031,299.1400146484375,44564500
2019-07-24,273.6136474609375,301.44000244140625,301.44000244140625,299.0899963378906,299.19000244140625,47213200
2019-07-25,272.3065490722656,300.0,301.0,299.1099853515625,300.94000244140625,55394100
2019-07-26,274.1310119628906,302.010009765625,302.2300109863281,300.6199951171875,300.760009765625,45084100
2019-07-29,273.6317138671875,301.4599914550781,302.010009765625,300.8500061035156,301.8800048828125,38126500
2019-07-30,272.9600524902344,300.7200012207031,301.1700134277344,299.489990234375,299.9100036621094,45849000
2019-07-31,269.9737548828125,297.42999267578125,301.20001220703125,295.20001220703125,300.989990234375,104245200
2019-08-01,267.62286376953125,294.8399963378906,300.8699951171875,293.9599914550781,297.6000061035156,142646600
2019-08-02,265.6077880859375,292.6199951171875,294.1199951171875,290.8999938964844,293.8500061035156,116749700
2019-08-05,257.6201171875,283.82000732421875,288.2099914550781,281.7200012207031,288.0899963378906,178745400
2019-08-06,261.232666015625,287.79998779296875,288.0400085449219,284.2799987792969,285.9100036621094,120711700
2019-08-07,261.3870849609375,287.9700012207031,288.82000732421875,282.0400085449219,284.3999938964844,140572300
2019-08-08,266.5155029296875,293.6199951171875,293.6199951171875,289.010009765625,289.6199951171875,87713900
2019-08-09,264.7000732421875,291.6199951171875,293.239990234375,289.6499938964844,292.5799865722656,93730000
2019-08-12,261.4778137207031,288.07000732421875,291.6099853515625,287.0199890136719,289.9599914550781,65527600
2019-08-13,265.5442199707031,292.54998779296875,294.1499938964844,287.3599853515625,287.739990234375,94299800
2019-08-14,257.6927185058594,283.8999938964844,288.739990234375,283.760009765625,288.07000732421875,135622100
2019-08-15,258.37353515625,284.6499938964844,285.6400146484375,282.3900146484375,284.8800048828125,99556600
2019-08-16,262.1859130859375,288.8500061035156,289.3299865722656,284.7099914550781,286.4800109863281,83018300
2019-08-19,265.3445129394531,292.3299865722656,293.0799865722656,291.44000244140625,292.19000244140625,53571800
2019-08-20,263.3113098144531,290.0899963378906,292.3599853515625,289.95001220703125,291.7699890136719,51596400
2019-08-21,265.4535827636719,292.45001220703125,292.8599853515625,291.7200012207031,292.4800109863281,49524700
2019-08-22,265.3717041015625,292.3599853515625,293.92999267578125,290.3999938964844,293.2300109863281,51666400
2019-08-23,258.5550842285156,284.8500061035156,292.760009765625,283.4700012207031,290.9200134277344,149161500
2019-08-26,261.4142150878906,288.0,288.0,285.5799865722656,287.2699890136719,72423800
2019-08-27,260.3885498046875,286.8699951171875,289.95001220703125,286.0299987792969,289.5400085449219,66668900
2019-08-28,262.2221374511719,288.8900146484375,289.07000732421875,285.25,286.1400146484375,59696700
2019-08-29,265.5714416503906,292.5799865722656,293.1600036621094,290.6099853515625,291.7200012207031,57899400
2019-08-30,265.4535827636719,292.45001220703125,294.239990234375,291.4200134277344,294.2200012207031,62901200
2019-09-03,263.9012756347656,290.739990234375,291.5799865722656,289.2699890136719,290.57000732421875,69101400
2019-09-04,266.8966064453125,294.0400085449219,294.0599975585937,292.3099975585937,293.1400146484375,46887300
2019-09-05,270.3277893066406,297.82000732421875,298.8299865722656,294.0,296.7900085449219,83258100
2019-09-06,270.5365600585937,298.04998779296875,298.760009765625,297.4200134277344,298.1700134277344,49584300
2019-09-09,270.6727294921875,298.20001220703125,299.239990234375,297.1600036621094,299.1400146484375,51260300
2019-09-10,270.60919189453125,298.1300048828125,298.20001220703125,295.9700012207031,297.3599853515625,57947100
2019-09-11,272.533447265625,300.25,300.3399963378906,297.75,298.4700012207031,68821100
2019-09-12,273.4774780273437,301.2900085449219,302.4599914550781,300.4100036621094,301.25,72908700
2019-09-13,273.2959289550781,301.0899963378906,302.1700134277344,300.67999267578125,301.7799987792969,62104800
2019-09-16,272.4517822265625,300.1600036621094,301.1400146484375,299.45001220703125,299.8399963378906,58191200
2019-09-17,273.1415710449219,300.9200134277344,301.0199890136719,299.75,299.94000244140625,41475500
2019-09-18,273.30499267578125,301.1000061035156,301.2200012207031,298.239990234375,300.489990234375,73375800
2019-09-19,273.2868957519531,301.0799865722656,302.6300048828125,300.7099914550781,301.5299987792969,76560500
2019-09-20,271.9955749511719,298.2799987792969,300.6700134277344,297.4100036621094,300.3599853515625,89565000
2019-09-23,271.9317932128906,298.2099914550781,299.0,297.2699890136719,297.54998779296875,43476800
2019-09-24,269.7980041503906,295.8699951171875,299.8399963378906,294.8099975585937,299.4100036621094,94869400
2019-09-25,271.393798828125,297.6199951171875,298.1099853515625,294.3299865722656,295.9599914550781,71854000
2019-09-26,270.828369140625,297.0,297.8599853515625,295.45001220703125,297.6300048828125,56179700
2019-09-27,269.36944580078125,295.3999938964844,297.95001220703125,293.69000244140625,297.8299865722656,84746600
2019-09-30,270.6186218261719,296.7699890136719,297.54998779296875,295.9200134277344,295.9700012207031,51662400
2019-10-01,267.3996887207031,293.239990234375,298.4599914550781,293.0,297.739990234375,88242400
2019-10-02,262.6762084960937,288.0599975585937,291.510009765625,286.6400146484375,291.5,122539500
2019-10-03,264.8282165527344,290.4200134277344,290.45001220703125,284.82000732421875,287.8099975585937,85278800
2019-10-04,268.4118957519531,294.3500061035156,294.6300048828125,291.0799865722656,291.1400146484375,65091200
2019-10-07,267.2537841796875,293.0799865722656,295.260009765625,292.7699890136719,293.4700012207031,59610500
2019-10-08,263.1048583984375,288.5299987792969,291.8500061035156,288.489990234375,291.0400085449219,95708100
2019-10-09,265.6033020019531,291.2699890136719,292.29998779296875,290.0599975585937,290.75,62359400
2019-10-10,267.3996887207031,293.239990234375,294.2099914550781,291.0,291.17999267578125,55296300
2019-10-11,270.171875,296.2799987792969,298.739990234375,296.1400146484375,296.2699890136719,98720400
2019-10-14,269.87091064453125,295.95001220703125,296.6700134277344,295.57000732421875,295.92999267578125,40394800
2019-10-15,272.54278564453125,298.8800048828125,299.70001220703125,296.9700012207031,297.1000061035156,46754500
2019-10-16,272.1050109863281,298.3999938964844,299.1600036621094,297.9200134277344,298.3699951171875,48928200
2019-10-17,272.907470703125,299.2799987792969,300.239990234375,298.5199890136719,299.67999267578125,45736600
2019-10-18,271.7129211425781,297.9700012207031,299.3999938964844,297.0299987792969,298.69000244140625,64304000
2019-10-21,273.5549621582031,299.989990234375,300.2099914550781,298.94000244140625,299.4200134277344,39048600
2019-10-22,272.6612854003906,299.010009765625,300.8999938964844,298.9100036621094,300.5799865722656,48594700
2019-10-23,273.4546203613281,299.8800048828125,299.94000244140625,298.5,298.7300109863281,34352200
2019-10-24,273.9013977050781,300.3699951171875,301.07000732421875,299.4599914550781,300.9100036621094,35453100
2019-10-25,275.0231018066406,301.6000061035156,302.20001220703125,299.67999267578125,299.739990234375,45205400
2019-10-28,276.5732421875,303.29998779296875,303.8500061035156,302.9100036621094,302.94000244140625,42147000
2019-10-29,276.4911499023437,303.2099914550781,304.2300109863281,302.8599853515625,303.0,44284900
2019-10-30,277.3392639160156,304.1400146484375,304.54998779296875,301.989990234375,303.42999267578125,49643900
2019-10-31,276.6005859375,303.3299865722656,304.1300048828125,301.7300109863281,304.1300048828125,69053800
2019-11-01,279.1630554199219,306.1400146484375,306.19000244140625,304.739990234375,304.9200134277344,71141500
2019-11-04,280.2845458984375,307.3699951171875,308.0,306.9599914550781,307.8500061035156,60606900
2019-11-05,279.9745788574219,307.0299987792969,307.9200134277344,306.7099914550781,307.5899963378906,42933200
2019-11-06,280.038330078125,307.1000061035156,307.3999938964844,306.0599975585937,307.0299987792969,46487100
2019-11-07,281.023193359375,308.17999267578125,309.6499938964844,307.6600036621094,308.57000732421875,54272300
2019-11-08,281.7162170410156,308.94000244140625,309.0,307.0299987792969,307.79998779296875,49032100
2019-11-11,281.17822265625,308.3500061035156,308.5400085449219,307.2699890136719,307.4200134277344,35797300
2019-11-12,281.7709655761719,309.0,309.989990234375,308.1499938964844,308.75,46484600
2019-11-13,281.8621520996094,309.1000061035156,309.5400085449219,307.6600036621094,307.9100036621094,53917700
2019-11-14,282.2724304199219,309.54998779296875,309.6400146484375,308.0899963378906,308.7900085449219,51219900
2019-11-15,284.3150939941406,311.7900085449219,311.8399963378906,310.260009765625,311.0199890136719,62023600
2019-11-18,284.5248107910156,312.0199890136719,312.2799987792969,311.0299987792969,311.5299987792969,49228000
2019-11-19,284.4428405761719,311.92999267578125,312.69000244140625,311.2200012207031,312.67999267578125,67804700
2019-11-20,283.3849182128906,310.7699890136719,311.8500061035156,309.0599975585937,311.2799987792969,79406200
2019-11-21,282.9290771484375,310.2699890136719,311.010009765625,309.3900146484375,310.8900146484375,54664700
2019-11-22,283.5581970214844,310.9599914550781,311.239990234375,309.8500061035156,311.0899963378906,44850200
2019-11-25,285.75592041015625,313.3699951171875,313.3699951171875,311.9800109863281,311.9800109863281,48647200
2019-11-26,286.4033203125,314.0799865722656,314.2799987792969,313.0599975585937,313.4100036621094,37569000
2019-11-27,287.679931640625,315.4800109863281,315.4800109863281,314.3699951171875,314.6099853515625,44444600
2019-11-29,286.613037109375,314.3099975585937,315.1300048828125,314.0599975585937,314.8599853515625,36592700
2019-12-02,284.1783447265625,311.6400146484375,314.6600036621094,311.1700134277344,314.5899963378906,75767800
2019-12-03,282.2724304199219,309.54998779296875,309.6400146484375,307.1300048828125,308.6499938964844,73941700
2019-12-04,284.0141296386719,311.4599914550781,312.1199951171875,310.32000732421875,310.70001220703125,49080000
2019-12-05,284.5248107910156,312.0199890136719,312.25,310.5799865722656,312.2300109863281,40709000
2019-12-06,287.1237487792969,314.8699951171875,315.3099975585937,314.1099853515625,314.1199951171875,48927000
2019-12-09,286.220947265625,313.8800048828125,315.17999267578125,313.79998779296875,314.44000244140625,34838500
2019-12-10,285.9018249511719,313.5299987792969,314.54998779296875,312.8099975585937,313.82000732421875,52649800
2019-12-11,286.7133178710937,314.4200134277344,314.70001220703125,313.44000244140625,314.0299987792969,53429100
2019-12-12,289.18463134765625,317.1300048828125,317.989990234375,314.1700134277344,314.42999267578125,96389600
2019-12-13,289.3578491210937,317.32000732421875,318.6700134277344,316.0199890136719,316.8699951171875,81503900
2019-12-16,291.3456726074219,319.5,320.1499938964844,317.25,319.2200012207031,82749700
2019-12-17,291.4095153808594,319.57000732421875,320.25,319.4800109863281,319.9200134277344,61097700
2019-12-18,291.4277648925781,319.5899963378906,320.25,319.5299987792969,320.0,48133000
2019-12-19,292.6222839355469,320.8999938964844,320.9800109863281,319.5199890136719,319.79998779296875,85310500
2019-12-20,293.9052734375,320.7300109863281,321.9700012207031,319.3900146484375,320.4599914550781,147142100
2019-12-23,294.3542785644531,321.2200012207031,321.6499938964844,321.0599975585937,321.5899963378906,52990000
2019-12-24,294.3634338378906,321.2300109863281,321.5199890136719,320.8999938964844,321.4700012207031,20270000
2019-12-26,295.930419921875,322.94000244140625,322.95001220703125,321.6400146484375,321.6499938964844,30911200
2019-12-27,295.8570861816406,322.8599853515625,323.79998779296875,322.2799987792969,323.739990234375,42528800
2019-12-30,294.2259216308594,321.0799865722656,323.1000061035156,320.54998779296875,322.95001220703125,49729100
2019-12-31,294.940673828125,321.8599853515625,322.1300048828125,320.1499938964844,320.5299987792969,57077300
2020-01-02,297.6990051269531,324.8699951171875,324.8900146484375,322.5299987792969,323.5400085449219,59151200
2020-01-03,295.4447631835937,322.4100036621094,323.6400146484375,321.1000061035156,321.1600036621094,77709700
2020-01-06,296.5718078613281,323.6400146484375,323.7300109863281,320.3599853515625,320.489990234375,55653900
2020-01-07,295.73797607421875,322.7300109863281,323.5400085449219,322.239990234375,323.0199890136719,40496400
2020-01-08,297.3140869140625,324.45001220703125,325.7799987792969,322.6700134277344,322.94000244140625,68296000
2020-01-09,299.330078125,326.6499938964844,326.7300109863281,325.5199890136719,326.1600036621094,48473300
2020-01-10,298.4687194824219,325.7099914550781,327.4599914550781,325.20001220703125,327.2900085449219,53029300
2020-01-13,300.5213928222656,327.95001220703125,327.9599914550781,325.9200134277344,326.3900146484375,47086800
2020-01-14,300.063232421875,327.45001220703125,328.6199951171875,326.8399963378906,327.4700012207031,62832800
2020-01-15,300.7413024902344,328.19000244140625,329.0199890136719,327.260009765625,327.3500061035156,72056600
2020-01-16,303.2430114746094,330.9200134277344,330.9200134277344,329.45001220703125,329.70001220703125,54050300
2020-01-17,304.18682861328125,331.95001220703125,332.17999267578125,330.8500061035156,331.70001220703125,95846000
2020-01-21,303.5912170410156,331.29998779296875,332.17999267578125,330.82000732421875,330.8999938964844,77742400
2020-01-22,303.6278076171875,331.3399963378906,332.95001220703125,331.1700134277344,332.239990234375,48914900
2020-01-23,303.9759521484375,331.7200012207031,332.1700134277344,329.4100036621094,330.6300048828125,51963000
2020-01-24,301.2727966308594,328.7699890136719,332.5299987792969,327.3599853515625,332.44000244140625,87578400
2020-01-27,296.4435729980469,323.5,325.1199951171875,322.6600036621094,323.0299987792969,84062500
2020-01-28,299.54998779296875,326.8900146484375,327.8500061035156,323.6000061035156,325.0599975585937,63834000
2020-01-29,299.3026123046875,326.6199951171875,328.6300048828125,326.3999938964844,328.3800048828125,53888900
2020-01-30,300.27398681640625,327.67999267578125,327.9100036621094,323.5400085449219,324.3599853515625,75491800
2020-01-31,294.8216247558594,321.7300109863281,327.1700134277344,320.7300109863281,327.0,113845600
2020-02-03,297.0116882324219,324.1199951171875,326.1600036621094,323.2200012207031,323.3500061035156,69083000
2020-02-04,301.53857421875,329.0599975585937,330.010009765625,327.7200012207031,328.07000732421875,62573200
2020-02-05,305.0207824707031,332.8599853515625,333.0899963378906,330.6700134277344,332.2699890136719,65951100
2020-02-06,306.0470886230469,333.9800109863281,334.19000244140625,332.79998779296875,333.9100036621094,50359700
2020-02-07,304.416015625,332.20001220703125,333.989990234375,331.6000061035156,332.82000732421875,64139400
2020-02-10,306.6885070800781,334.67999267578125,334.75,331.19000244140625,331.2300109863281,42070000
2020-02-11,307.22003173828125,335.260009765625,337.0199890136719,334.67999267578125,336.1600036621094,54864500
2020-02-12,309.1993408203125,337.4200134277344,337.6499938964844,336.42999267578125,336.8299865722656,43992700
2020-02-13,308.86944580078125,337.0599975585937,338.1199951171875,335.5599975585937,335.8599853515625,54501900
2020-02-14,309.3642883300781,337.6000061035156,337.7300109863281,336.20001220703125,337.510009765625,64582200
2020-02-18,308.5670166015625,336.7300109863281,337.6700134277344,335.2099914550781,336.510009765625,57226200
2020-02-19,310.0423583984375,338.3399963378906,339.0799865722656,337.4800109863281,337.7900085449219,48814700
2020-02-20,308.7687072753906,336.95001220703125,338.6400146484375,333.67999267578125,337.739990234375,74163400
2020-02-21,305.58892822265625,333.4800109863281,335.8099975585937,332.5799865722656,335.4700012207031,113788200
2020-02-24,295.4538879394531,322.4200134277344,333.5599975585937,321.239990234375,323.1400146484375,161088400
2020-02-25,286.5009765625,312.6499938964844,324.6099853515625,311.69000244140625,323.94000244140625,218913200
2020-02-26,285.447265625,311.5,318.1099853515625,310.70001220703125,314.17999267578125,194773800
2020-02-27,272.6273803710937,297.510009765625,311.5599975585937,297.510009765625,305.4599914550781,284353500
2020-02-28,271.4819030761719,296.260009765625,297.8900146484375,285.5400085449219,288.70001220703125,384975800
2020-03-02,283.23876953125,309.0899963378906,309.1600036621094,294.4599914550781,298.2099914550781,238703600
2020-03-03,275.1289978027344,300.239990234375,313.8399963378906,297.57000732421875,309.5,300139100
2020-03-04,286.6934509277344,312.8599853515625,313.1000061035156,303.3299865722656,306.1199951171875,176613400
2020-03-05,277.1632385253906,302.4599914550781,308.4700012207031,300.010009765625,304.9800109863281,186366800
2020-03-06,272.5814514160156,297.4599914550781,298.7799987792969,290.2300109863281,293.1499938964844,228667200
2020-03-09,251.2943878173828,274.2300109863281,284.19000244140625,273.45001220703125,275.29998779296875,309417300
2020-03-10,264.297607421875,288.4200134277344,288.5199890136719,273.5,284.6400146484375,276444100
2020-03-11,251.4134826660156,274.3599853515625,281.94000244140625,270.8800048828125,280.70001220703125,255316300
2020-03-12,227.35894775390625,248.1100006103516,266.6600036621094,247.67999267578125,256.0,392220700
2020-03-13,246.7949981689453,269.32000732421875,271.4800109863281,248.5200042724609,263.0899963378906,329566100
2020-03-16,219.7897491455078,239.8500061035156,256.8999938964844,237.3600006103516,241.17999267578125,297240000
2020-03-17,231.65667724609372,252.8000030517578,256.1700134277344,237.07000732421875,245.0399932861328,262070500
2020-03-18,219.92721557617188,240.0,248.3699951171875,228.0200042724609,236.25,327597100
2020-03-19,220.39456176757807,240.50999450683597,247.3800048828125,232.22000122070312,239.25,289322000
2020-03-20,210.89683532714844,228.8000030517578,244.47000122070312,228.5,242.52999877929688,347158800
2020-03-23,205.50457763671875,222.9499969482422,229.67999267578125,218.25999450683597,228.19000244140625,326025200
2020-03-24,224.1239776611328,243.1499938964844,244.1000061035156,233.8000030517578,234.4199981689453,235494500
2020-03-25,227.4791259765625,246.7899932861328,256.3500061035156,239.75,244.8699951171875,299430300
2020-03-26,240.76158142089844,261.20001220703125,262.79998779296875,249.0500030517578,249.5200042724609,257632800
2020-03-27,233.59036254882807,253.4199981689453,260.8099975585937,251.0500030517578,253.2700042724609,224341200
2020-03-30,241.1763610839844,261.6499938964844,262.42999267578125,253.52999877929688,255.6999969482422,171369500
2020-03-31,237.5815277099609,257.75,263.3299865722656,256.2200012207031,260.5599975585937,194881100
2020-04-01,226.8892364501953,246.1499938964844,257.6600036621094,243.8999938964844,247.97999572753903,189554600
2020-04-02,232.12478637695312,251.8300018310547,252.67999267578125,244.58999633789065,245.19000244140625,177660400
2020-04-03,228.7696075439453,248.19000244140625,253.32000732421875,245.22000122070312,250.75999450683597,135561200
2020-04-06,244.1352081298828,264.8599853515625,267.0,248.1699981689453,257.8399963378906,188061200
2020-04-07,244.3840484619141,265.1300048828125,275.0299987792969,264.8900146484375,274.2099914550781,201427200
2020-04-08,252.58763122558597,274.0299987792969,276.0,265.25,267.9599914550781,153774500
2020-04-09,256.431396484375,278.20001220703125,281.20001220703125,275.4700012207031,277.5799865722656,189999200
2020-04-13,254.09007263183597,275.6600036621094,277.510009765625,271.4100036621094,277.1400146484375,114839100
2020-04-14,261.583984375,283.7900085449219,284.8999938964844,275.510009765625,280.9800109863281,134143400
2020-04-15,256.0258483886719,277.760009765625,283.94000244140625,275.4599914550781,277.57000732421875,121775000
2020-04-16,257.2609558105469,279.1000061035156,280.0299987792969,275.760009765625,279.1499938964844,131798300
2020-04-17,264.2110290527344,286.6400146484375,287.29998779296875,282.3999938964844,285.3800048828125,146684800
2020-04-20,259.5560913085937,281.5899963378906,286.7900085449219,281.3500061035156,282.6099853515625,100109300
2020-04-21,251.67514038085935,273.0400085449219,278.0400085449219,272.0199890136719,276.7300109863281,126385700
2020-04-22,257.2609558105469,279.1000061035156,281.0,276.9100036621094,278.3500061035156,92951600
2020-04-23,257.24249267578125,279.0799865722656,283.94000244140625,278.75,280.489990234375,104709700
2020-04-24,260.828125,282.9700012207031,283.70001220703125,278.5,280.7300109863281,85063200
2020-04-27,264.5888366699219,287.04998779296875,288.2699890136719,284.6199951171875,285.1199951171875,77896600
2020-04-28,263.3721008300781,285.7300109863281,291.3999938964844,285.3999938964844,291.0199890136719,105270000
2020-04-29,270.266845703125,293.2099914550781,294.8800048828125,290.4100036621094,291.5299987792969,118745600
2020-04-30,267.7504272460937,290.4800109863281,293.32000732421875,288.5899963378906,291.7099914550781,122901700
2020-05-01,260.6622314453125,282.7900085449219,290.6600036621094,281.5199890136719,285.3099975585937,125180000
2020-05-04,261.3811340332031,283.57000732421875,283.8999938964844,279.1300048828125,280.739990234375,80873200
2020-05-05,263.796142578125,286.19000244140625,289.25,283.7099914550781,286.6400146484375,79569900
2020-05-06,262.00799560546875,284.25,288.4599914550781,283.7799987792969,288.0400085449219,73632600
2020-05-07,265.1695861816406,287.67999267578125,289.7799987792969,287.1300048828125,287.75,75250400
2020-05-08,269.5570983886719,292.44000244140625,292.95001220703125,289.8599853515625,291.0899963378906,76452400
2020-05-11,269.6123962402344,292.5,294.0,289.8800048828125,290.3399963378906,79514200
2020-05-12,264.2385559082031,286.6700134277344,294.239990234375,286.5199890136719,293.7900085449219,95870800
2020-05-13,259.5653686523437,281.6000061035156,287.19000244140625,278.9599914550781,286.0599975585937,144721100
2020-05-14,262.671630859375,284.9700012207031,285.1099853515625,272.989990234375,278.95001220703125,121977900
2020-05-15,263.87908935546875,286.2799987792969,286.3299865722656,281.3399963378906,282.3699951171875,111146300
2020-05-18,271.9167175292969,295.0,296.75,292.70001220703125,293.04998779296875,119703800
2020-05-19,269.1239318847656,291.9700012207031,296.2099914550781,291.95001220703125,294.3500061035156,95189300
2020-05-20,273.6957397460937,296.92999267578125,297.8699951171875,295.57000732421875,295.82000732421875,85861700
2020-05-21,271.80621337890625,294.8800048828125,297.6700134277344,293.69000244140625,296.7900085449219,78293900
2020-05-22,272.3223876953125,295.44000244140625,295.6300048828125,293.2200012207031,294.57000732421875,63958200
2020-05-26,275.6775207519531,299.0799865722656,302.19000244140625,295.4599914550781,301.92999267578125,88951400
2020-05-27,279.7793884277344,303.5299987792969,303.57000732421875,296.8699951171875,302.1199951171875,104817400
2020-05-28,279.26318359375,302.9700012207031,306.8399963378906,302.239990234375,304.6499938964844,90405200
2020-05-29,280.50750732421875,304.32000732421875,304.9599914550781,299.4700012207031,302.4599914550781,119090800
2020-06-01,281.6412658691406,305.54998779296875,306.2099914550781,303.0599975585937,303.6199951171875,55758300
2020-06-02,283.9732360839844,308.0799865722656,308.1300048828125,305.1000061035156,306.54998779296875,74267200
2020-06-03,287.75250244140625,312.17999267578125,313.2200012207031,309.94000244140625,310.239990234375,92567600
2020-06-04,286.99664306640625,311.3599853515625,313.0,309.0799865722656,311.1099853515625,75794400
2020-06-05,294.3522033691406,319.3399963378906,321.2699890136719,317.1600036621094,317.2300109863281,150524700
2020-06-08,297.9102478027344,323.20001220703125,323.4100036621094,319.6300048828125,320.2200012207031,73641200
2020-06-09,295.6888427734375,320.7900085449219,323.2799987792969,319.3599853515625,320.29998779296875,77479200
2020-06-10,294.03887939453125,319.0,322.3900146484375,318.2200012207031,321.4200134277344,95000800
2020-06-11,277.0877685546875,300.6099853515625,312.1499938964844,300.010009765625,311.4599914550781,209243600
2020-06-12,280.4060974121094,304.2099914550781,309.0799865722656,298.6000061035156,308.239990234375,194678900
2020-06-15,283.02392578125,307.04998779296875,308.2799987792969,296.739990234375,298.0199890136719,135782700
2020-06-16,288.471435546875,312.9599914550781,315.6400146484375,307.6700134277344,315.4800109863281,137627500
2020-06-17,287.2731628417969,311.6600036621094,314.3900146484375,310.8599853515625,314.07000732421875,83398900
2020-06-18,287.3838195800781,311.7799987792969,312.29998779296875,309.510009765625,310.010009765625,80828700
2020-06-19,285.74151611328125,308.6400146484375,314.3800048828125,306.5299987792969,314.1700134277344,135549600
2020-06-22,287.5744934082031,310.6199951171875,311.04998779296875,306.75,307.989990234375,74649400
2020-06-23,288.8983764648437,312.04998779296875,314.5,311.6099853515625,313.489990234375,68471200
2020-06-24,281.529052734375,304.0899963378906,310.510009765625,302.1000061035156,309.8399963378906,132813500
2020-06-25,284.5471496582031,307.3500061035156,307.6400146484375,301.2799987792969,303.4700012207031,89468000
2020-06-26,277.7886657714844,300.04998779296875,306.3900146484375,299.4200134277344,306.1600036621094,127961000
2020-06-29,281.8715209960937,304.4599914550781,304.6099853515625,298.92999267578125,301.4100036621094,79773300
2020-06-30,285.482177734375,308.3599853515625,310.20001220703125,303.82000732421875,303.989990234375,113394800
2020-07-01,287.4820861816406,310.5199890136719,311.8900146484375,309.07000732421875,309.57000732421875,72396500
2020-07-02,289.0650329589844,312.2300109863281,315.70001220703125,311.510009765625,314.239990234375,69344200
2020-07-06,293.5274353027344,317.04998779296875,317.67999267578125,315.5599975585937,316.3699951171875,61713800
2020-07-07,290.50006103515625,313.7799987792969,317.5199890136719,313.3699951171875,315.3800048828125,82910000
2020-07-08,292.7220153808594,316.17999267578125,316.29998779296875,312.70001220703125,314.6099853515625,54638600
2020-07-09,291.0555725097656,314.3800048828125,317.1000061035156,310.67999267578125,316.8399963378906,83354200
2020-07-10,294.0274353027344,317.5899963378906,317.8800048828125,312.760009765625,314.3099975585937,57550400
2020-07-13,291.4814147949219,314.8399963378906,322.7099914550781,314.1300048828125,320.1300048828125,102997500
2020-07-14,295.2587890625,318.9200134277344,319.760009765625,312.0,313.29998779296875,93657000
2020-07-15,297.9713134765625,321.8500061035156,323.0400085449219,319.2699890136719,322.4100036621094,87196500
2020-07-16,296.99005126953125,320.7900085449219,321.2799987792969,319.0899963378906,319.7900085449219,54622500
2020-07-17,297.8509826660156,321.7200012207031,322.57000732421875,319.739990234375,321.8800048828125,62774900
2020-07-20,300.2581481933594,324.32000732421875,325.1300048828125,320.6199951171875,321.42999267578125,56308800
2020-07-21,300.8968811035156,325.010009765625,326.92999267578125,323.94000244140625,326.45001220703125,57292200
2020-07-22,302.6095886230469,326.8599853515625,327.20001220703125,324.5,324.6199951171875,57792900
2020-07-23,298.9989929199219,322.9599914550781,327.2300109863281,321.4800109863281,326.4700012207031,75738000
2020-07-24,297.0732727050781,320.8800048828125,321.989990234375,319.25,320.95001220703125,73766600
2020-07-27,299.2397155761719,323.2200012207031,323.4100036621094,320.7699890136719,321.6300048828125,48293000
2020-07-28,297.3417663574219,321.1700134277344,323.6400146484375,320.8500061035156,322.42999267578125,57495000
2020-07-29,300.9986267089844,325.1199951171875,325.7300109863281,322.0799865722656,322.1199951171875,48454200
2020-07-30,299.9248352050781,323.9599914550781,324.4100036621094,319.6400146484375,321.8999938964844,61861700
2020-07-31,302.2948608398437,326.5199890136719,326.6300048828125,321.3299865722656,325.8999938964844,84986800
2020-08-03,304.3964233398437,328.7900085449219,329.6199951171875,327.7300109863281,328.32000732421875,53077900
2020-08-04,305.5722351074219,330.0599975585937,330.0599975585937,327.8599853515625,327.8599853515625,41917900
2020-08-05,307.4700927734375,332.1099853515625,332.3900146484375,331.17999267578125,331.4700012207031,42697700
2020-08-06,309.5254211425781,334.3299865722656,334.4599914550781,331.1300048828125,331.4800109863281,43679400
2020-08-07,309.7475891113281,334.57000732421875,334.8800048828125,332.29998779296875,333.2799987792969,57308300
2020-08-10,310.6734619140625,335.57000732421875,335.7699890136719,332.9599914550781,335.0599975585937,44282100
2020-08-11,308.10894775390625,332.79998779296875,337.5400085449219,332.010009765625,336.8500061035156,69601100
2020-08-12,312.4046936035156,337.44000244140625,338.2799987792969,335.4100036621094,335.44000244140625,53774400
2020-08-13,311.8399353027344,336.8299865722656,338.25,335.8299865722656,336.6099853515625,41816100
2020-08-14,311.8491516113281,336.8399963378906,337.4200134277344,335.6199951171875,336.4100036621094,47260400
2020-08-17,312.83990478515625,337.9100036621094,338.3399963378906,336.8500061035156,337.94000244140625,35481000
2020-08-18,313.51568603515625,338.6400146484375,339.1000061035156,336.6099853515625,338.3399963378906,38733900
2020-08-19,312.2103271484375,337.2300109863281,339.6099853515625,336.6199951171875,339.04998779296875,68054200
2020-08-20,313.18231201171875,338.2799987792969,338.79998779296875,335.2200012207031,335.3599853515625,42207800
2020-08-21,314.29327392578125,339.4800109863281,339.7200012207031,337.54998779296875,337.9200134277344,55106600
2020-08-24,317.4781188964844,342.9200134277344,343.0,339.45001220703125,342.1199951171875,48588700
2020-08-25,318.589111328125,344.1199951171875,344.2099914550781,342.2699890136719,343.5299987792969,38463400
2020-08-26,321.7831115722656,347.57000732421875,347.8599853515625,344.1700134277344,344.760009765625,50790200
2020-08-27,322.4867553710937,348.3299865722656,349.8999938964844,346.5299987792969,348.510009765625,58034100
2020-08-28,324.56982421875,350.5799865722656,350.7200012207031,348.1499938964844,349.44000244140625,48588900
2020-08-31,323.3939514160156,349.3099975585937,351.29998779296875,349.0599975585937,350.3500061035156,66099200
2020-09-01,326.44000244140625,352.6000061035156,352.7099914550781,349.239990234375,350.2099914550781,54908700
2020-09-02,331.1616516113281,357.70001220703125,358.75,353.42999267578125,354.6700134277344,69540000
2020-09-03,319.7649230957031,345.3900146484375,356.3800048828125,342.5899963378906,355.8699951171875,148011100
2020-09-04,317.1541748046875,342.57000732421875,347.8299865722656,334.8699951171875,346.1300048828125,139156300
2020-09-08,308.4884948730469,333.2099914550781,342.6400146484375,332.8800048828125,336.7099914550781,114465300
2020-09-09,314.58038330078125,339.7900085449219,342.4599914550781,336.6099853515625,337.54998779296875,91462300
2020-09-10,309.1181030273437,333.8900146484375,342.5299987792969,332.8500061035156,341.82000732421875,90569500
2020-09-11,309.2754821777344,334.0599975585937,336.9700012207031,331.0,335.82000732421875,84680200
2020-09-14,313.3489990234375,338.4599914550781,340.3800048828125,334.2200012207031,337.489990234375,65605700
2020-09-15,314.93212890625,340.1700134277344,342.0199890136719,338.4700012207031,341.1199951171875,52920900
2020-09-16,313.68231201171875,338.82000732421875,343.0599975585937,338.5199890136719,341.510009765625,82096000
2020-09-17,310.9233703613281,335.8399963378906,337.70001220703125,332.989990234375,333.5599975585937,91523300
2020-09-18,307.34381103515625,330.6499938964844,335.489990234375,327.9700012207031,335.3699951171875,105877900
2020-09-21,303.9232482910156,326.9700012207031,327.1300048828125,321.7300109863281,325.70001220703125,99450800
2020-09-22,307.0184631347656,330.29998779296875,330.8999938964844,325.8599853515625,328.57000732421875,63612100
2020-09-23,299.8984375,322.6400146484375,331.20001220703125,322.1000061035156,330.8999938964844,93112200
2020-09-24,300.6978454589844,323.5,326.79998779296875,319.79998779296875,321.2200012207031,76681300
2020-09-25,305.55908203125,328.7300109863281,329.5799865722656,321.6400146484375,322.5799865722656,71069400
2020-09-28,310.6343688964844,334.19000244140625,334.9599914550781,332.1499938964844,333.2200012207031,64584600
2020-09-29,308.94256591796875,332.3699951171875,334.7699890136719,331.6199951171875,333.9700012207031,51304000
2020-09-30,311.2850036621094,334.8900146484375,338.2900085449219,332.8800048828125,333.0899963378906,104081100
2020-10-01,313.2834777832031,337.0400085449219,338.739990234375,335.010009765625,337.69000244140625,88698700
2020-10-02,310.3090515136719,333.8399963378906,337.010009765625,331.19000244140625,331.70001220703125,89431100
2020-10-05,315.8116760253906,339.760009765625,339.9599914550781,336.010009765625,336.0599975585937,45713100
2020-10-06,311.3221435546875,334.92999267578125,342.1700134277344,334.3800048828125,339.9100036621094,90128900
2020-10-07,316.7412414550781,340.760009765625,341.6300048828125,338.0899963378906,338.1199951171875,56999600
2020-10-08,319.54840087890625,343.7799987792969,343.8500061035156,341.8599853515625,342.8500061035156,45242500
2020-10-09,322.4019470214844,346.8500061035156,347.3500061035156,344.8900146484375,345.5599975585937,59528600
2020-10-12,327.5886535644531,352.42999267578125,354.0199890136719,349.0599975585937,349.5899963378906,80388500
2020-10-13,325.4507751464844,350.1300048828125,352.4700012207031,349.0899963378906,352.2799987792969,73255500
2020-10-14,323.4058532714844,347.92999267578125,351.92999267578125,347.1400146484375,350.75,57727900
2020-10-15,323.0061340332031,347.5,348.0199890136719,343.1300048828125,343.7099914550781,60357700
2020-10-16,322.8109741210937,347.2900085449219,350.75,347.1000061035156,348.9599914550781,89501900
2020-10-19,317.90313720703125,342.010009765625,349.3299865722656,341.0400085449219,348.6499938964844,68425600
2020-10-20,319.17657470703125,343.3800048828125,346.8800048828125,342.6400146484375,343.4599914550781,60051900
2020-10-21,318.5724182128906,342.7300109863281,345.6700134277344,342.3999938964844,343.3299865722656,63575000
2020-10-22,320.31988525390625,344.6099853515625,345.239990234375,340.6499938964844,342.9599914550781,55399300
2020-10-23,321.40740966796875,345.7799987792969,345.989990234375,343.1300048828125,345.92999267578125,49143900
2020-10-26,315.4678039550781,339.3900146484375,342.9800109863281,335.6199951171875,342.1300048828125,91473000
2020-10-27,314.3803100585937,338.2200012207031,340.1199951171875,337.989990234375,339.760009765625,65994100
2020-10-28,303.635009765625,326.6600036621094,338.25,326.1300048828125,332.1000061035156,127094300
2020-10-29,306.7210388183594,329.9800109863281,333.3999938964844,325.0899963378906,326.9100036621094,90597700
2020-10-30,303.5235900878906,326.5400085449219,329.69000244140625,322.6000061035156,328.2799987792969,120287300
2020-11-02,306.9255676269531,330.20001220703125,332.3599853515625,327.239990234375,330.20001220703125,86068300
2020-11-03,312.3446655273437,336.0299987792969,338.25,330.2900085449219,333.69000244140625,93294200
2020-11-04,319.3252868652344,343.5400085449219,347.94000244140625,339.5899963378906,340.8599853515625,126959700
2020-11-05,325.55303955078125,350.239990234375,352.19000244140625,348.8599853515625,349.239990234375,82039700
2020-11-06,325.47869873046875,350.1600036621094,351.510009765625,347.6499938964844,349.92999267578125,74973000
2020-11-09,329.5684814453125,354.5599975585937,364.3800048828125,354.0599975585937,363.9700012207031,172304200
2020-11-10,329.0851745605469,354.0400085449219,355.17999267578125,350.510009765625,353.489990234375,85552000
2020-11-11,331.5298767089844,356.6700134277344,357.5599975585937,355.0599975585937,356.3999938964844,58649000
2020-11-12,328.31365966796875,353.2099914550781,356.7200012207031,351.260009765625,355.5799865722656,67546200
2020-11-13,332.8589782714844,358.1000061035156,358.8999938964844,354.7099914550781,355.2699890136719,62892200
2020-11-16,337.0138854980469,362.5700073242188,362.7799987792969,359.5899963378906,360.9800109863281,74541100
2020-11-17,335.2013244628906,360.6199951171875,361.9200134277344,358.3399963378906,359.9700012207031,66111000
2020-11-18,331.16729736328125,356.2799987792969,361.5,356.239990234375,360.9100036621094,70591300
2020-11-19,332.5614929199219,357.7799987792969,358.17999267578125,354.1499938964844,355.6000061035156,59940900
2020-11-20,330.2841491699219,355.3299865722656,357.7200012207031,355.25,357.5,70417300
2020-11-23,332.2640686035156,357.4599914550781,358.82000732421875,354.8699951171875,357.2799987792969,63230600
2020-11-24,337.6181335449219,363.2200012207031,363.80999755859375,359.2900085449219,360.2099914550781,62415900
2020-11-25,337.0975646972656,362.6600036621094,363.1600036621094,361.4800109863281,363.1300048828125,45330900
2020-11-27,338.0364074707031,363.6700134277344,364.1799926757813,362.5799865722656,363.8399963378906,28514100
2020-11-30,336.5398864746094,362.05999755859375,363.1199951171875,359.1700134277344,362.8299865722656,83872700
2020-12-01,340.2207946777344,366.0199890136719,367.6799926757813,364.9299926757813,365.5700073242188,74231400
2020-12-02,340.9364624023437,366.7900085449219,366.9599914550781,364.2000122070313,364.8200073242188,45927000
2020-12-03,340.8435363769531,366.6900024414063,368.1900024414063,365.5,366.6799926757813,62882000
2020-12-04,343.78082275390625,369.8500061035156,369.8500061035156,367.2200012207031,367.3200073242188,50749900
2020-12-07,343.0743103027344,369.0899963378906,369.6199951171875,367.7200012207031,369.0199890136719,48944300
2020-12-08,344.0782470703125,370.1700134277344,370.7799987792969,367.6700134277344,367.7200012207031,42458900
2020-12-09,340.9923095703125,366.8500061035156,371.0499877929688,365.9500122070313,370.8800048828125,74098300
2020-12-10,340.8807067871094,366.7300109863281,367.8599853515625,364.4299926757813,365.3699951171875,57735400
2020-12-11,340.4809875488281,366.2999877929688,366.739990234375,363.260009765625,364.8999938964844,57698600
2020-12-14,338.9566345214844,364.6600036621094,369.7999877929688,364.4700012207031,368.6400146484375,69216200
2020-12-15,343.5390930175781,369.5899963378906,369.5899963378906,365.9200134277344,367.3999938964844,63865300
2020-12-16,344.0782470703125,370.1700134277344,371.1600036621094,368.8699951171875,369.8200073242188,58420500
2020-12-17,346.0023498535156,372.239990234375,372.4599914550781,371.0499877929688,371.9400024414063,64119500
2020-12-18,344.6208190917969,369.1799926757813,371.1499938964844,367.0199890136719,370.9700012207031,136542300
2020-12-21,343.3885803222656,367.8599853515625,378.4599914550781,362.0299987792969,364.9700012207031,96386700
2020-12-22,342.809814453125,367.239990234375,368.3299865722656,366.0299987792969,368.2099914550781,47949000
2020-12-23,343.1179504394531,367.5700073242188,369.6199951171875,367.2200012207031,368.2799987792969,46201400
2020-12-24,344.4527587890625,369.0,369.0299987792969,367.4500122070313,368.0799865722656,26457900
2020-12-28,347.4119567871094,372.1700134277344,372.5899963378906,371.0700073242188,371.739990234375,39000400
2020-12-29,346.7491760253906,371.4599914550781,374.0,370.8299865722656,373.80999755859375,53680500
2020-12-30,347.243896484375,371.989990234375,373.1000061035156,371.5700073242188,372.3399963378906,49455300
2020-12-31,349.0081481933594,373.8800048828125,374.6600036621094,371.2300109863281,371.7799987792969,78520700
2021-01-04,344.2567749023437,368.7900085449219,375.4500122070313,364.8200073242188,375.30999755859375,110210800
2021-01-05,346.62774658203125,371.3299865722656,372.5,368.0499877929688,368.1000061035156,66426200
2021-01-06,348.7000732421875,373.5499877929688,376.9800109863281,369.1199951171875,369.7099914550781,107997700
2021-01-07,353.88092041015625,379.1000061035156,379.8999938964844,375.9100036621094,376.1000061035156,68766800
2021-01-08,355.89715576171875,381.260009765625,381.489990234375,377.1000061035156,380.5899963378906,71677200
2021-01-11,353.49810791015625,378.6900024414063,380.5799865722656,377.7200012207031,377.8500061035156,51034700
2021-01-12,353.57281494140625,378.7699890136719,379.8599853515625,376.3599853515625,378.8900146484375,52547700
2021-01-13,354.52496337890625,379.7900085449219,380.8599853515625,377.8500061035156,378.6900024414063,45303600
2021-01-14,353.283447265625,378.4599914550781,381.1300048828125,378.1000061035156,380.5899963378906,49989100
2021-01-15,350.7070617675781,375.7000122070313,377.5799865722656,373.7000122070313,376.7200012207031,107160000
2021-01-19,353.4607849121094,378.6499938964844,379.2300109863281,376.75,378.3399963378906,51233300
2021-01-20,358.3522033691406,383.8900146484375,384.7900085449219,380.6900024414063,381.1099853515625,61836100
2021-01-21,358.6789245605469,384.239990234375,384.9500122070313,383.25,384.489990234375,47840100
2021-01-22,357.409423828125,382.8800048828125,384.1300048828125,381.8399963378906,382.25,52860500
2021-01-25,358.81890869140625,384.3900146484375,384.7699890136719,378.4599914550781,383.6700134277344,70402000
2021-01-26,358.2588806152344,383.7900085449219,385.8500061035156,383.5400085449219,385.4100036621094,42665300
2021-01-27,349.5028991699219,374.4100036621094,380.3200073242188,372.010009765625,380.2200012207031,123351100
2021-01-28,352.5086364746094,377.6300048828125,381.9299926757813,375.8900146484375,376.3599853515625,94198100
2021-01-29,345.4516296386719,370.0700073242188,376.6700134277344,368.2699890136719,375.6300048828125,126765100
2021-02-01,351.2018737792969,376.2300109863281,377.3399963378906,370.3800048828125,373.7200012207031,75817600
2021-02-02,356.16796875,381.5499877929688,383.2200012207031,376.3200073242188,379.6499938964844,64450700
2021-02-03,356.44793701171875,381.8500061035156,383.7000122070313,380.4800109863281,382.4400024414063,52427100
2021-02-04,360.499267578125,386.1900024414063,386.239990234375,381.9700012207031,382.9599914550781,47142600
2021-02-05,361.9181213378906,387.7099914550781,388.4700012207031,386.1400146484375,388.2000122070313,48669800
2021-02-08,364.5317993164063,390.510009765625,390.55999755859375,388.3500061035156,389.2699890136719,38365200
2021-02-09,364.28912353515625,390.25,390.8900146484375,389.1700134277344,389.6099853515625,35551100
2021-02-10,364.1304626464844,390.0799865722656,392.2799987792969,387.5,392.1199951171875,59154400
2021-02-11,364.7185363769531,390.7099914550781,391.6900024414063,388.1000061035156,391.239990234375,42913300
2021-02-12,366.5202331542969,392.6400146484375,392.8999938964844,389.7699890136719,389.8500061035156,50593300
2021-02-16,366.2027893066406,392.2999877929688,394.1700134277344,391.5299987792969,393.9599914550781,50972400
2021-02-17,366.2868347167969,392.3900146484375,392.6600036621094,389.3299865722656,390.4200134277344,52290600
2021-02-18,364.7279052734375,390.7200012207031,391.5199890136719,387.739990234375,389.5899963378906,59712800
2021-02-19,364.0837097167969,390.0299987792969,392.3800048828125,389.5499877929688,392.0700073242188,83241000
2021-02-22,361.2833251953125,387.0299987792969,389.6199951171875,386.739990234375,387.05999755859375,67414200
2021-02-23,361.7220458984375,387.5,388.9500122070313,380.2000122070313,384.6600036621094,107284100
2021-02-24,365.7079772949219,391.7699890136719,392.2300109863281,385.2699890136719,386.3299865722656,72433900
2021-02-25,356.8959655761719,382.3299865722656,391.8800048828125,380.7799987792969,390.4100036621094,146670500
2021-02-26,355.0570068359375,380.3599853515625,385.5799865722656,378.2300109863281,384.3500061035156,152701600
2021-03-01,363.6636657714844,389.5799865722656,390.9200134277344,380.5700073242188,385.5899963378906,105348800
2021-03-02,360.8258666992188,386.5400085449219,390.0700073242188,386.0,389.8200073242188,79595300
2021-03-03,356.0466003417969,381.4200134277344,386.8299865722656,381.30999755859375,385.7900085449219,119940200
2021-03-04,351.6406555175781,376.7000122070313,384.0,371.8800048828125,381.2200012207031,183433000
2021-03-05,358.10955810546875,383.6300048828125,384.760009765625,372.6400146484375,380.4599914550781,152039600
2021-03-08,356.3265991210937,381.7200012207031,387.6799926757813,381.4200134277344,384.6600036621094,123149200
2021-03-09,361.41400146484375,387.1700134277344,389.9100036621094,385.30999755859375,385.8500061035156,113633600
2021-03-10,363.6636657714844,389.5799865722656,391.3999938964844,388.1700134277344,389.6900024414063,109899400
2021-03-11,367.3508911132813,393.5299987792969,395.6499938964844,391.739990234375,392.2300109863281,86245000
2021-03-12,367.8456115722656,394.05999755859375,394.2099914550781,391.2000122070313,392.0700073242188,64653600
2021-03-15,370.0393676757813,396.4100036621094,396.6900024414063,392.0299987792969,394.3299865722656,73427200
2021-03-16,369.5725708007813,395.9100036621094,397.8299865722656,395.0799865722656,397.0700073242188,73722500
2021-03-17,370.8328247070313,397.260009765625,398.1199951171875,393.2999877929688,394.5299987792969,97959300
2021-03-18,365.4373168945313,391.4800109863281,396.7200012207031,390.75,394.4800109863281,115349100
2021-03-19,364.7611083984375,389.4800109863281,391.5700073242188,387.1499938964844,389.8800048828125,113624500
2021-03-22,367.6737976074219,392.5899963378906,394.0700073242188,389.9700012207031,390.0299987792969,73778600
2021-03-23,364.7798767089844,389.5,393.4599914550781,388.6600036621094,391.9100036621094,90686600
2021-03-24,362.9255676269531,387.5199890136719,392.75,387.4700012207031,391.0,97588600
2021-03-25,364.9671630859375,389.7000122070313,390.5499877929688,383.8999938964844,385.9800109863281,116128600
2021-03-26,370.8486633300781,395.9800109863281,396.4100036621094,390.2900085449219,390.9299926757813,114409100
2021-03-29,370.6613159179688,395.7799987792969,396.75,392.80999755859375,394.3999938964844,108107600
2021-03-30,369.6779479980469,394.7300109863281,395.4500122070313,393.0199890136719,394.4200134277344,76262200
2021-03-31,371.1764526367188,396.3299865722656,398.0,395.30999755859375,395.3399963378906,112734200
2021-04-01,375.1847534179688,400.6099853515625,400.6700134277344,398.1799926757813,398.3999938964844,99682900
2021-04-05,380.5697937011719,406.3599853515625,406.9400024414063,403.3800048828125,403.4599914550781,91684800
2021-04-06,380.3450622558594,406.1199951171875,407.239990234375,405.3999938964844,405.760009765625,62021000
2021-04-07,380.78521728515625,406.5899963378906,406.9599914550781,405.4500122070313,405.9400024414063,55836300
2021-04-08,382.59271240234375,408.5199890136719,408.5799865722656,406.9299926757813,407.9299926757813,57863100
2021-04-09,385.3742980957031,411.489990234375,411.6700134277344,408.260009765625,408.3900146484375,61104600
2021-04-12,385.5147399902344,411.6400146484375,411.9299926757813,410.2000122070313,410.8500061035156,56704900
2021-04-13,386.6573486328125,412.8599853515625,413.5299987792969,411.1199951171875,411.5299987792969,56551000
2021-04-14,385.3367919921875,411.4500122070313,413.9599914550781,410.8699951171875,412.8299865722656,61659900
2021-04-15,389.4762878417969,415.8699951171875,416.1600036621094,413.6900024414063,413.739990234375,60229800
2021-04-16,390.7780456542969,417.260009765625,417.9100036621094,415.7300109863281,417.25,82037300
2021-04-19,388.8580932617188,415.2099914550781,416.739990234375,413.7900085449219,416.260009765625,78498500
2021-04-20,386.0111389160156,412.1700134277344,415.0899963378906,410.5899963378906,413.9100036621094,81851800
2021-04-21,389.6636047363281,416.0700073242188,416.2900085449219,411.3599853515625,411.510009765625,66793000
2021-04-22,386.104736328125,412.2699890136719,416.7799987792969,411.1300048828125,415.8900146484375,97582800
2021-04-23,390.2911071777344,416.739990234375,418.25,412.7900085449219,412.8699951171875,73209200
2021-04-26,391.1058349609375,417.6099853515625,418.2200012207031,416.80999755859375,417.4400024414063,52182400
2021-04-27,391.0215148925781,417.5199890136719,418.1400146484375,416.2999877929688,417.9299926757813,51303100
2021-04-28,390.9091491699219,417.3999938964844,419.010009765625,416.8999938964844,417.80999755859375,51238900
2021-04-29,393.4002990722656,420.05999755859375,420.7200012207031,416.4400024414063,420.3200073242188,78544300
2021-04-30,390.8154602050781,417.2999877929688,418.5400085449219,416.3399963378906,417.6300048828125,85527000
2021-05-03,391.6583862304688,418.2000122070313,419.8399963378906,417.6700134277344,419.4299926757813,68128300
2021-05-04,389.24212646484375,415.6199951171875,416.6000061035156,411.6700134277344,416.0700073242188,101591200
2021-05-05,389.3638916015625,415.75,417.6300048828125,415.1499938964844,417.3800048828125,60162200
2021-05-06,392.4731750488281,419.0700073242188,419.2099914550781,413.6799926757813,415.8299865722656,74321400
2021-05-07,395.32958984375,422.1199951171875,422.8200073242188,419.1600036621094,419.8900146484375,67733800
2021-05-10,391.4148864746094,417.9400024414063,422.739990234375,417.80999755859375,422.5,81852400
2021-05-11,387.9215698242188,414.2099914550781,415.2699890136719,410.05999755859375,413.1000061035156,116888000
2021-05-12,379.68011474609375,405.4100036621094,412.5899963378906,404.0,411.2300109863281,134811000
2021-05-13,384.240966796875,410.2799987792969,412.3500061035156,407.0199890136719,407.0700073242188,106394000
2021-05-14,390.1412048339844,416.5799865722656,417.489990234375,413.1799926757813,413.2099914550781,82201600
2021-05-17,389.1485290527344,415.5199890136719,416.3900146484375,413.3599853515625,415.3900146484375,65129200
2021-05-18,385.795654296875,411.9400024414063,416.05999755859375,411.7699890136719,415.7999877929688,59810200
2021-05-19,384.7842102050781,410.8599853515625,411.0499877929688,405.3299865722656,406.9200134277344,106467100
2021-05-20,388.9236450195313,415.2799987792969,416.6300048828125,411.6700134277344,411.7999877929688,78022200
2021-05-21,388.6052856445313,414.9400024414063,418.2000122070313,414.4500122070313,416.8699951171875,76578700
2021-05-24,392.56683349609375,419.1700134277344,420.3200073242188,417.0799865722656,417.3399963378906,51376700
2021-05-25,391.6957702636719,418.239990234375,420.7099914550781,417.6199951171875,420.3299865722656,57451400
2021-05-26,392.4731750488281,419.0700073242188,419.6099853515625,417.760009765625,418.8699951171875,43088600
2021-05-27,392.6792297363281,419.2900085449219,420.7200012207031,418.989990234375,420.1700134277344,56707700
2021-05-28,393.3815612792969,420.0400085449219,421.25,419.7900085449219,420.9700012207031,58520200
2021-06-01,393.0350341796875,419.6700134277344,422.7200012207031,419.2000122070313,422.5700073242188,54216600
2021-06-02,393.6531677246094,420.3299865722656,421.2300109863281,419.2900085449219,420.3699951171875,49097100
2021-06-03,392.1922302246094,418.7699890136719,419.989990234375,416.2799987792969,417.8500061035156,58138800
2021-06-04,395.7791748046875,422.6000061035156,422.9200134277344,418.8399963378906,420.75,55938800
2021-06-07,395.3951416015625,422.1900024414063,422.7799987792969,421.1900024414063,422.5899963378906,51555000
2021-06-08,395.4793395996094,422.2799987792969,423.2099914550781,420.3200073242188,423.1099853515625,47134300
2021-06-09,394.8894958496094,421.6499938964844,423.260009765625,421.4100036621094,423.1799926757813,48436300
2021-06-10,396.7250061035156,423.6099853515625,424.6300048828125,421.5499877929688,422.9599914550781,51020100
2021-06-11,397.3805541992188,424.30999755859375,424.4299926757813,422.8200073242188,424.2000122070313,45570800
2021-06-14,398.2702941894531,425.260009765625,425.3699951171875,423.1000061035156,424.4299926757813,42358500
2021-06-15,397.5398254394531,424.4800109863281,425.4599914550781,423.5400085449219,425.4200134277344,51508500
2021-06-16,395.3201904296875,422.1099853515625,424.8699951171875,419.9200134277344,424.6300048828125,80386100
2021-06-17,395.1891479492188,421.9700012207031,423.0199890136719,419.3200073242188,421.6700134277344,90949700
2021-06-18,389.8578186035156,414.9200134277344,417.8299865722656,414.7000122070313,417.0899963378906,118676300
2021-06-21,395.4390563964844,420.8599853515625,421.05999755859375,415.9299926757813,416.7999877929688,72822000
2021-06-22,397.55316162109375,423.1099853515625,424.0,420.0799865722656,420.8500061035156,57700300
2021-06-23,397.0740051269531,422.6000061035156,424.0499877929688,422.510009765625,423.1900024414063,49445400
2021-06-24,399.42291259765625,425.1000061035156,425.5499877929688,424.6199951171875,424.8900146484375,45110300
2021-06-25,400.8417663574219,426.6099853515625,427.0899963378906,425.5499877929688,425.8999938964844,58129500
2021-06-28,401.6498107910156,427.4700012207031,427.6499938964844,425.8900146484375,427.1700134277344,53159600
2021-06-29,401.8659057617188,427.7000122070313,428.55999755859375,427.1300048828125,427.8800048828125,35970500
2021-06-30,402.20416259765625,428.05999755859375,428.7799987792969,427.1799926757813,427.2099914550781,64827900
2021-07-01,404.4309692382813,430.4299926757813,430.6000061035156,428.7999877929688,428.8699951171875,53441000
2021-07-02,407.5222778320313,433.7200012207031,434.1000061035156,430.5199890136719,431.6700134277344,57697700
2021-07-06,406.7799682617188,432.9299926757813,434.010009765625,430.010009765625,433.7799987792969,68710400
2021-07-07,408.2175598144531,434.4599914550781,434.760009765625,431.510009765625,433.6600036621094,63549500
2021-07-08,404.8914489746094,430.9200134277344,431.7300109863281,427.5199890136719,428.7799987792969,97595200
2021-07-09,409.213623046875,435.5199890136719,435.8399963378906,430.7099914550781,432.5299987792969,76238600
2021-07-12,410.6792907714844,437.0799865722656,437.3500061035156,434.9700012207031,435.4299926757813,52889600
2021-07-13,409.2793884277344,435.5899963378906,437.8399963378906,435.30999755859375,436.239990234375,52911300
2021-07-14,409.8900451660156,436.239990234375,437.9200134277344,434.9100036621094,437.3999938964844,64130400
2021-07-15,408.4901428222656,434.75,435.5299987792969,432.7200012207031,434.80999755859375,55126400
2021-07-16,405.2860412597656,431.3399963378906,436.05999755859375,430.9200134277344,436.010009765625,75874700
2021-07-19,399.30078125,424.9700012207031,431.4100036621094,421.9700012207031,426.1900024414063,147987000
2021-07-20,405.0230102539063,431.05999755859375,432.4200134277344,424.8299865722656,425.6799926757813,99608200
2021-07-21,408.3021545410156,434.5499877929688,434.7000122070313,431.010009765625,432.3399963378906,64724400
2021-07-22,409.1572265625,435.4599914550781,435.7200012207031,433.6900024414063,434.739990234375,47878500
2021-07-23,413.3666076660156,439.9400024414063,440.2999877929688,436.7900085449219,437.5199890136719,63766600
2021-07-26,414.38134765625,441.0199890136719,441.0299987792969,439.260009765625,439.30999755859375,43719200
2021-07-27,412.4927978515625,439.010009765625,439.9400024414063,435.989990234375,439.9100036621094,67397100
2021-07-28,412.3236083984375,438.8299865722656,440.2999877929688,437.30999755859375,439.6799926757813,52472400
2021-07-29,414.0337829589844,440.6499938964844,441.7999877929688,439.80999755859375,439.8200073242188,47435300
2021-07-30,412.02294921875,438.510009765625,440.05999755859375,437.7699890136719,437.9100036621094,68951200
2021-08-02,411.1585388183594,437.5899963378906,440.9299926757813,437.2099914550781,440.3399963378906,58783300
2021-08-03,414.5034790039063,441.1499938964844,441.2799987792969,436.1000061035156,438.4400024414063,58053900
2021-08-04,412.464599609375,438.9800109863281,441.1199951171875,438.7300109863281,439.7799987792969,46732200
2021-08-05,415.0767211914063,441.760009765625,441.8500061035156,439.8800048828125,440.2200012207031,38969700
2021-08-06,415.7626037597656,442.489990234375,442.9400024414063,441.7999877929688,442.1000061035156,46930000
2021-08-09,415.42431640625,442.1300048828125,442.7999877929688,441.30999755859375,442.4599914550781,41222600
2021-08-10,415.9410400390625,442.6799926757813,443.4400024414063,441.8800048828125,442.6099853515625,43339300
2021-08-11,416.9745788574219,443.7799987792969,443.8800048828125,442.6199951171875,443.8200073242188,44034300
2021-08-12,418.2243041992188,445.1099853515625,445.260009765625,442.6600036621094,443.6199951171875,38909400
2021-08-13,418.9853820800781,445.9200134277344,445.9400024414063,445.0700073242188,445.5899963378906,39470300
2021-08-16,419.9719543457031,446.9700012207031,447.1099853515625,442.8699951171875,444.5299987792969,73740000
2021-08-17,417.2189025878906,444.0400085449219,444.9599914550781,440.8500061035156,444.239990234375,92673900
2021-08-18,412.6524353027344,439.1799926757813,444.6300048828125,438.9200134277344,442.9599914550781,89351900
2021-08-19,413.2913818359375,439.8599853515625,441.1400146484375,436.1199951171875,436.2699890136719,92812200
2021-08-20,416.5799560546875,443.3599853515625,443.7099914550781,439.7099914550781,440.2300109863281,72008700
2021-08-23,420.2444763183594,447.260009765625,448.2300109863281,443.4400024414063,445.1600036621094,54973000
2021-08-24,420.9114990234375,447.9700012207031,448.5400085449219,447.4200134277344,447.9700012207031,38744700
2021-08-25,421.7947387695313,448.9100036621094,449.4599914550781,447.7699890136719,448.1700134277344,40529700
2021-08-26,419.3048706054688,446.260009765625,448.8599853515625,446.1600036621094,448.6099853515625,57829600
2021-08-27,423.0538330078125,450.25,450.6499938964844,447.05999755859375,447.1199951171875,77235100
2021-08-30,424.914306640625,452.2300109863281,453.0700073242188,450.7099914550781,450.9700012207031,48357400
2021-08-31,424.2847595214844,451.55999755859375,452.489990234375,450.9200134277344,452.1300048828125,59300200
2021-09-01,424.51025390625,451.7999877929688,453.1099853515625,451.5499877929688,452.55999755859375,48721400
2021-09-02,425.8162536621094,453.1900024414063,454.0499877929688,451.9100036621094,453.3200073242188,42501000
2021-09-03,425.71282958984375,453.0799865722656,453.6300048828125,451.5499877929688,451.9800109863281,47170500
2021-09-07,424.1907348632813,451.4599914550781,452.80999755859375,450.739990234375,452.7099914550781,51671500
2021-09-08,423.6739807128906,450.9100036621094,451.6700134277344,448.8599853515625,450.8900146484375,56181900
2021-09-09,421.8605651855469,448.9800109863281,452.5700073242188,448.7200012207031,450.7000122070313,57970400
2021-09-10,418.5343933105469,445.4400024414063,451.489990234375,445.30999755859375,451.0400085449219,89948200
2021-09-13,419.6054992675781,446.5799865722656,448.9200134277344,444.1099853515625,448.6400146484375,83738600
2021-09-14,417.3410339355469,444.1700134277344,448.3399963378906,443.2200012207031,448.1199951171875,78197100
2021-09-15,420.8269653320313,447.8800048828125,448.4100036621094,443.4400024414063,444.6199951171875,78792200
2021-09-16,420.159912109375,447.1700134277344,448.3599853515625,444.0199890136719,447.3200073242188,77786700
2021-09-17,416.067138671875,441.3999938964844,445.3699951171875,441.0199890136719,444.9200134277344,118425000
2021-09-20,409.1294860839844,434.0400085449219,436.55999755859375,428.8599853515625,434.8800048828125,166445500
2021-09-21,408.7430419921875,433.6300048828125,437.9100036621094,433.0700073242188,436.5299987792969,92526100
2021-09-22,412.7302551269531,437.8599853515625,440.0299987792969,433.75,436.0499877929688,102350100
2021-09-23,417.7448425292969,443.1799926757813,444.8900146484375,439.6000061035156,439.8500061035156,76396000
2021-09-24,418.4329833984375,443.9100036621094,444.6700134277344,441.2099914550781,441.4400024414063,62094800
2021-09-27,417.2359008789063,442.6400146484375,444.0499877929688,441.8999938964844,442.80999755859375,61371100
2021-09-28,408.8278503417969,433.7200012207031,440.0400085449219,432.9400024414063,439.6900024414063,130436300
2021-09-29,409.5159301757813,434.4500122070313,437.0400085449219,433.8500061035156,435.1900024414063,82329200
2021-09-30,404.51068115234375,429.1400146484375,436.7699890136719,428.7799987792969,436.0199890136719,140506000
2021-10-01,409.3179626464844,434.239990234375,436.0299987792969,427.2300109863281,430.9800109863281,129240100
2021-10-04,404.0394287109375,428.6400146484375,433.9599914550781,426.3599853515625,433.0,128570000
2021-10-05,408.2434692382813,433.1000061035156,435.489990234375,429.3900146484375,430.239990234375,90682500
2021-10-06,409.9401550292969,434.8999938964844,435.1199951171875,427.5400085449219,429.2699890136719,113032200
2021-10-07,413.4842834472656,438.6600036621094,441.6799926757813,438.2000122070313,438.3900146484375,72437500
2021-10-08,412.7302551269531,437.8599853515625,439.8900146484375,437.1900024414063,439.4800109863281,74557400
2021-10-11,409.7421875,434.6900024414063,440.260009765625,434.6199951171875,437.1600036621094,65233300
2021-10-12,408.7335815429688,433.6199951171875,436.1000061035156,432.7799987792969,435.6700134277344,71181200
2021-10-13,410.20416259765625,435.1799926757813,436.0499877929688,431.5400085449219,434.7099914550781,72974000
2021-10-14,417.1039733886719,442.5,442.6600036621094,438.5799865722656,439.0799865722656,70236800
2021-10-15,420.2805480957031,445.8699951171875,446.260009765625,444.0899963378906,444.75,66260200
2021-10-18,421.5247802734375,447.1900024414063,447.5499877929688,443.2699890136719,443.9700012207031,62213200
2021-10-19,424.7767639160156,450.6400146484375,450.7099914550781,448.2699890136719,448.9200134277344,46996800
2021-10-20,426.4452209472656,452.4100036621094,452.7300109863281,451.010009765625,451.1300048828125,49571600
2021-10-21,427.5574645996094,453.5899963378906,453.8299865722656,451.30999755859375,451.7699890136719,41305400
2021-10-22,427.1144714355469,453.1199951171875,454.6700134277344,451.0499877929688,453.1300048828125,58845100
2021-10-25,429.4049072265625,455.5499877929688,455.8999938964844,452.3900146484375,454.2799987792969,45214500
2021-10-26,429.7914733886719,455.9599914550781,458.489990234375,455.55999755859375,457.2000122070313,56075100
2021-10-27,427.8873901367188,453.9400024414063,457.1600036621094,453.8599853515625,456.4500122070313,72438000
2021-10-28,432.0160217285156,458.3200073242188,458.3999938964844,455.4500122070313,455.4599914550781,51437900
2021-10-29,432.8926696777344,459.25,459.55999755859375,455.55999755859375,455.8699951171875,70162400
2021-11-01,433.6372680664063,460.0400085449219,460.7000122070313,458.2000122070313,460.2999877929688,48433600
2021-11-02,435.3905029296875,461.8999938964844,462.2300109863281,460.0799865722656,460.2200012207031,48908400
2021-11-03,438.0487060546875,464.7200012207031,465.1499938964844,460.8299865722656,461.2999877929688,52509800
2021-11-04,440.1129760742188,466.9100036621094,467.0,464.989990234375,465.3599853515625,52847100
2021-11-05,441.6400146484375,468.5299987792969,470.6499938964844,466.9200134277344,469.2799987792969,66390600
2021-11-08,442.01702880859375,468.9299926757813,470.2300109863281,468.2000122070313,469.7000122070313,50405200
2021-11-09,440.5560302734375,467.3800048828125,469.5700073242188,465.8800048828125,469.3200073242188,51149100
2021-11-10,437.0118103027344,463.6199951171875,467.3800048828125,462.0400085449219,465.5799865722656,69429700
2021-11-11,437.1531677246094,463.7699890136719,465.2900085449219,463.75,465.2099914550781,34848500
2021-11-12,440.4522705078125,467.2699890136719,467.8599853515625,464.1099853515625,465.1199951171875,53466700
2021-11-15,440.6031494140625,467.4299926757813,468.80999755859375,466.2300109863281,468.6400146484375,46980500
2021-11-16,442.3469543457031,469.2799987792969,470.489990234375,467.0700073242188,467.1499938964844,48857500
2021-11-17,441.2723693847656,468.1400146484375,469.1900024414063,467.4800109863281,469.0,47858300
2021-11-18,442.7711791992188,469.7300109863281,470.010009765625,466.3399963378906,469.239990234375,50625600
2021-11-19,441.9793701171875,468.8900146484375,470.9400024414063,468.5,469.6099853515625,57315600
2021-11-22,440.735107421875,467.5700073242188,473.5400085449219,467.3500061035156,470.8900146484375,72762000
2021-11-23,441.3195190429688,468.1900024414063,469.1000061035156,464.4500122070313,467.2200012207031,73206500
2021-11-24,442.4978332519531,469.4400024414063,469.5700073242188,465.1900024414063,466.05999755859375,61858800
2021-11-26,432.6286926269531,458.9700012207031,463.8999938964844,457.7699890136719,462.3399963378906,112669600
2021-11-29,437.93560791015625,464.6000061035156,466.55999755859375,461.7300109863281,464.0700073242188,86268800
2021-11-30,429.4143981933594,455.55999755859375,464.0299987792969,455.2999877929688,462.0,148559600
2021-12-01,424.6448364257813,450.5,464.6700134277344,450.2900085449219,461.6400146484375,131939200
2021-12-02,431.1487731933594,457.3999938964844,459.0700073242188,450.30999755859375,450.7300109863281,127637800
2021-12-03,427.3972473144531,453.4200134277344,460.2999877929688,448.9200134277344,459.1700134277344,137331600
2021-12-06,432.4591064453125,458.7900085449219,460.7900085449219,453.55999755859375,456.1300048828125,98977500
2021-12-07,441.40435791015625,468.2799987792969,468.8800048828125,458.6499938964844,464.4100036621094,95484700
2021-12-08,442.5732727050781,469.5199890136719,470.0,466.8299865722656,468.7000122070313,72238800
2021-12-09,439.5851745605469,466.3500061035156,469.6300048828125,466.1400146484375,468.1499938964844,61272600
2021-12-10,443.7232055664063,470.739990234375,470.8999938964844,466.510009765625,469.2300109863281,77159800
2021-12-13,439.79248046875,466.5700073242188,470.55999755859375,466.2699890136719,470.1900024414063,87724700
2021-12-14,436.7667236328125,463.3599853515625,465.739990234375,460.25,463.0899963378906,97264100
2021-12-15,443.5912170410156,470.6000061035156,470.8599853515625,460.739990234375,463.4200134277344,116899300
2021-12-16,439.6794128417969,466.4500122070313,472.8699951171875,464.7999877929688,472.5700073242188,116568600
2021-12-17,435.0,459.8699951171875,464.739990234375,458.05999755859375,461.5499877929688,135511600
2021-12-20,430.37445068359375,454.9800109863281,455.3999938964844,451.1400146484375,454.4800109863281,107134800
2021-12-21,438.0174865722656,463.05999755859375,463.2099914550781,456.30999755859375,458.6099853515625,69806300
2021-12-22,442.3970947265625,467.6900024414063,467.80999755859375,462.5799865722656,462.7900085449219,58890200
2021-12-23,445.149658203125,470.6000061035156,472.1900024414063,468.6400146484375,468.75,56439700
2021-12-27,451.4494934082031,477.260009765625,477.30999755859375,472.010009765625,472.05999755859375,56808600
2021-12-28,451.0805358886719,476.8699951171875,478.80999755859375,476.05999755859375,477.7200012207031,47274600
2021-12-29,451.6575927734375,477.4800109863281,478.55999755859375,475.9200134277344,476.9800109863281,54503000
2021-12-30,450.4089965820313,476.1600036621094,479.0,475.6700134277344,477.9299926757813,55329000
2021-12-31,449.2738342285156,474.9599914550781,476.8599853515625,474.6700134277344,475.6400146484375,65237400
2022-01-03,451.8750915527344,477.7099914550781,477.8500061035156,473.8500061035156,476.2999877929688,72668200
2022-01-04,451.7237854003906,477.5499877929688,479.9800109863281,475.5799865722656,479.2200012207031,71178700
2022-01-05,443.0497131347656,468.3800048828125,477.9800109863281,468.2799987792969,477.1600036621094,104538900
2022-01-06,442.6335144042969,467.9400024414063,470.8200073242188,465.4299926757813,467.8900146484375,86858900
2022-01-07,440.8835754394531,466.0899963378906,469.2000122070313,464.6499938964844,467.9500122070313,85111600
2022-01-10,440.3349609375,465.510009765625,465.739990234375,456.6000061035156,462.7000122070313,119362000
2022-01-11,444.34564208984375,469.75,469.8500061035156,462.0499877929688,465.2300109863281,74303100
2022-01-12,445.5469055175781,471.0199890136719,473.2000122070313,468.9400024414063,471.5899963378906,67605400
2022-01-13,439.4078979492188,464.5299987792969,472.8800048828125,463.4400024414063,472.1900024414063,91173100
2022-01-14,439.5876770019531,464.7200012207031,465.0899963378906,459.8999938964844,461.1900024414063,95890900
2022-01-18,431.80267333984375,456.489990234375,459.9599914550781,455.30999755859375,459.739990234375,109709100
2022-01-19,427.3191223144531,451.75,459.6099853515625,451.4599914550781,458.1300048828125,109357600
2022-01-20,422.5895080566406,446.75,458.739990234375,444.5,453.75,122379700
2022-01-21,414.2937927246094,437.9800109863281,448.05999755859375,437.9500122070313,445.55999755859375,202271200
2022-01-24,416.0531311035156,439.8399963378906,440.3800048828125,420.760009765625,432.0299987792969,251783900
2022-01-25,410.97357177734375,434.4700012207031,439.7200012207031,427.1499938964844,433.05999755859375,167997300
2022-01-26,409.9425964355469,433.3800048828125,444.0400085449219,428.8599853515625,440.7200012207031,186391100
2022-01-27,407.9183349609375,431.239990234375,441.5899963378906,429.4500122070313,438.260009765625,149878300
2022-01-28,418.049072265625,441.9500122070313,442.0,427.8200073242188,432.6799926757813,164457400
2022-01-31,425.5786437988281,449.9100036621094,450.2799987792969,439.80999755859375,441.239990234375,152251400
2022-02-01,428.4541320800781,452.9500122070313,453.6300048828125,446.9400024414063,450.6799926757813,123155400
2022-02-02,432.61627197265625,457.3500061035156,458.1199951171875,453.0499877929688,455.5,117361000
2022-02-03,422.44769287109375,446.6000061035156,452.9700012207031,445.7099914550781,450.9500122070313,118024400
2022-02-04,424.43402099609375,448.7000122070313,452.7799987792969,443.8299865722656,446.3500061035156,118454400
2022-02-07,423.0719299316406,447.260009765625,450.989990234375,445.8500061035156,449.510009765625,84472900
2022-02-08,426.5528869628906,450.9400024414063,451.9200134277344,445.2200012207031,446.7300109863281,81012000
2022-02-09,432.79595947265625,457.5400085449219,457.8800048828125,455.010009765625,455.2200012207031,92589900
2022-02-10,425.0205078125,449.3200073242188,457.7099914550781,447.2000122070313,451.3399963378906,140103700
2022-02-11,416.6396789550781,440.4599914550781,451.6099853515625,438.9400024414063,449.4100036621094,153214600
2022-02-14,415.2775573730469,439.0199890136719,441.6000061035156,435.3399963378906,439.9200134277344,123006300
2022-02-15,421.97467041015625,446.1000061035156,446.2799987792969,443.1799926757813,443.7300109863281,88482700
2022-02-16,422.44769287109375,446.6000061035156,448.05999755859375,441.9400024414063,443.9299926757813,84863600
2022-02-17,413.4234924316406,437.05999755859375,446.5700073242188,436.4200134277344,443.2200012207031,102259100
2022-02-18,410.7466125488281,434.2300109863281,438.6600036621094,431.8200073242188,437.3299865722656,132642900
2022-02-22,406.338623046875,429.5700073242188,435.5,425.8599853515625,431.8900146484375,124391800
2022-02-23,399.1306762695313,421.9500122070313,433.260009765625,421.3500061035156,432.6600036621094,132578000
2022-02-24,405.13720703125,428.2999877929688,428.760009765625,410.6400146484375,411.0199890136719,213942900
2022-02-25,414.0762023925781,437.75,437.8399963378906,427.8599853515625,429.6099853515625,121804500
2022-02-28,413.0168151855469,436.6300048828125,438.2000122070313,430.7000122070313,432.0299987792969,145615000
2022-03-01,406.7264099121094,429.9800109863281,437.1700134277344,427.1099853515625,435.0400085449219,137785900
2022-03-02,414.2086791992188,437.8900146484375,439.7200012207031,431.5700073242188,432.3699951171875,117726500
2022-03-03,412.14654541015625,435.7099914550781,441.1099853515625,433.7999877929688,440.4700012207031,105501700
2022-03-04,408.7980041503906,432.1700134277344,433.3699951171875,427.8800048828125,431.75,113978200
2022-03-07,396.7469787597656,419.4299926757813,432.2999877929688,419.3599853515625,431.5499877929688,137896600
2022-03-08,393.7389831542969,416.25,427.2099914550781,415.1199951171875,419.6199951171875,164772700
2022-03-09,404.29541015625,427.4100036621094,429.510009765625,422.8200073242188,425.1400146484375,116990800
2022-03-10,402.4698181152344,425.4800109863281,426.4299926757813,420.4400024414063,422.5199890136719,93972700
2022-03-11,397.352294921875,420.0700073242188,428.7699890136719,419.5299987792969,428.1199951171875,95636300
2022-03-14,394.4483947753906,417.0,424.5499877929688,415.7900085449219,420.8900146484375,95729200
2022-03-15,403.1225280761719,426.1700134277344,426.8399963378906,418.4200134277344,419.7699890136719,106219100
2022-03-16,412.0613708496094,435.6199951171875,435.6799926757813,424.7999877929688,429.8900146484375,144954800
2022-03-17,417.2167053222656,441.0700073242188,441.0700073242188,433.1900024414063,433.5899963378906,102676900
2022-03-18,421.7863464355469,444.5199890136719,444.8599853515625,437.2200012207031,438.0,106345500
2022-03-21,421.6629943847656,444.3900146484375,446.4599914550781,440.6799926757813,444.3399963378906,88349800
2022-03-22,426.5970764160156,449.5899963378906,450.5799865722656,445.8599853515625,445.8599853515625,74650400
2022-03-23,421.1032104492188,443.7999877929688,448.489990234375,443.7099914550781,446.9100036621094,79426100
2022-03-24,427.4510803222656,450.489990234375,450.5,444.760009765625,445.9400024414063,64736900
2022-03-25,429.5386047363281,452.6900024414063,452.9800109863281,448.4299926757813,451.1600036621094,77101300
2022-03-28,432.5939331054688,455.9100036621094,455.9100036621094,450.05999755859375,452.05999755859375,68529800
2022-03-29,437.9454040527344,461.5499877929688,462.0700073242188,457.1799926757813,460.0199890136719,86581500
2022-03-30,435.24114990234375,458.7000122070313,461.2000122070313,456.4700012207031,460.3399963378906,79666900
2022-03-31,428.542236328125,451.6400146484375,458.760009765625,451.1600036621094,457.8900146484375,121699900
2022-04-01,429.7567443847656,452.9200134277344,453.4599914550781,449.1400146484375,453.30999755859375,89048800
2022-04-04,433.4383239746094,456.7999877929688,456.9100036621094,452.260009765625,453.1300048828125,59601000
2022-04-05,427.9634094238281,451.0299987792969,457.8299865722656,449.8200073242188,455.2200012207031,74214500
2022-04-06,423.68408203125,446.5199890136719,448.9299926757813,443.4700012207031,446.8900146484375,106898000
2022-04-07,425.8189697265625,448.7699890136719,450.6900024414063,443.5299987792969,445.5899963378906,78097200
2022-04-08,424.6803894042969,447.5700073242188,450.6300048828125,445.9400024414063,447.9700012207031,79272700
2022-04-11,417.421630859375,439.9200134277344,445.0,439.3900146484375,444.1099853515625,89770500
2022-04-12,415.8749694824219,438.2900085449219,445.75,436.6499938964844,443.0799865722656,84363600
2022-04-13,420.6382751464844,443.30999755859375,444.1099853515625,437.8399963378906,438.0299987792969,74070400
2022-04-14,415.4005126953125,437.7900085449219,444.7300109863281,437.6799926757813,443.5499877929688,97869500
2022-04-18,415.57135009765625,437.9700012207031,439.75,435.6099853515625,436.80999755859375,66002500
2022-04-19,422.27978515625,445.0400085449219,445.7999877929688,437.6799926757813,437.8599853515625,77821000
2022-04-20,421.9666748046875,444.7099914550781,447.5700073242188,443.4800109863281,446.9200134277344,65224400
2022-04-21,415.65673828125,438.05999755859375,450.010009765625,437.1000061035156,448.5400085449219,85417300
2022-04-22,404.2514953613281,426.0400085449219,438.0799865722656,425.4400024414063,436.9100036621094,132471800
2022-04-25,406.5950927734375,428.510009765625,428.6900024414063,418.8399963378906,423.6700134277344,119647700
2022-04-26,394.8197937011719,416.1000061035156,426.0400085449219,416.0700073242188,425.8299865722656,103996300
2022-04-27,395.9300231933594,417.2699890136719,422.9200134277344,415.010009765625,417.239990234375,122030000
2022-04-28,405.9309692382813,427.80999755859375,429.6400146484375,417.6000061035156,422.2900085449219,105449100
2022-04-29,390.9295349121094,412.0,425.8699951171875,411.2099914550781,423.5899963378906,145491100
2022-05-02,393.28265380859375,414.4800109863281,415.9200134277344,405.0199890136719,412.0700073242188,158312500
2022-05-03,395.08544921875,416.3800048828125,418.9299926757813,413.3599853515625,415.010009765625,100028200
2022-05-04,407.1170349121094,429.05999755859375,429.6600036621094,413.7099914550781,417.0799865722656,144247900
2022-05-05,392.64691162109375,413.80999755859375,425.0,409.4400024414063,424.5499877929688,172929100
2022-05-06,390.30322265625,411.3399963378906,414.7999877929688,405.7300109863281,411.1000061035156,151770800
2022-05-09,377.8068237304688,398.1700134277344,406.4100036621094,396.5,405.1000061035156,155586100
2022-05-10,378.67974853515625,399.0899963378906,406.0799865722656,394.8200073242188,404.489990234375,132497200
2022-05-11,372.6639404296875,392.75,404.0400085449219,391.9599914550781,398.0700073242188,142361000
2022-05-12,372.2749938964844,392.3399963378906,395.7999877929688,385.1499938964844,389.3699951171875,125090800
2022-05-13,381.17523193359375,401.7200012207031,403.1799926757813,395.6099853515625,396.7099914550781,104174400
2022-05-16,379.6285705566406,400.0899963378906,403.9700012207031,397.6000061035156,399.9800109863281,78622400
2022-05-17,387.437744140625,408.3200073242188,408.5700073242188,402.5799865722656,406.5299987792969,83029700
2022-05-18,371.8194885253906,391.8599853515625,403.7999877929688,390.5499877929688,403.5,117674500
2022-05-19,369.5422058105469,389.4599914550781,394.1400146484375,387.1099853515625,388.6199951171875,98510700
2022-05-20,369.70355224609375,389.6300048828125,397.0299987792969,380.5400085449219,393.25,131432200
2022-05-23,376.6207275390625,396.9200134277344,397.7300109863281,390.3800048828125,392.8299865722656,76414900
2022-05-24,373.7457275390625,393.8900146484375,395.1499938964844,386.9599914550781,392.55999755859375,91448800
2022-05-25,377.0476989746094,397.3699951171875,399.4500122070313,391.8900146484375,392.30999755859375,91472900
2022-05-26,384.5816650390625,405.30999755859375,407.0400085449219,398.4500122070313,398.6700134277344,82168300
2022-05-27,394.0227355957031,415.260009765625,415.3800048828125,407.7000122070313,407.9100036621094,84768700
2022-05-31,391.81195068359375,412.9299926757813,416.4599914550781,410.0299987792969,413.5499877929688,95937000
2022-06-01,388.6427307128906,409.5899963378906,416.239990234375,406.9299926757813,415.1700134277344,86585800
2022-06-02,396.0438232421875,417.3900146484375,417.4400024414063,407.0400085449219,409.4200134277344,79609600
2022-06-03,389.5441589355469,410.5400085449219,414.0400085449219,409.510009765625,412.3999938964844,71874300
2022-06-06,390.730224609375,411.7900085449219,416.6099853515625,410.5499877929688,414.7799987792969,57508900
2022-06-07,394.4782409667969,415.739990234375,416.2200012207031,407.6099853515625,408.1000061035156,59272400
2022-06-08,390.18939208984375,411.2200012207031,415.8200073242188,410.3800048828125,413.9299926757813,64350000
2022-06-09,380.9095764160156,401.4400024414063,411.739990234375,401.4400024414063,409.3399963378906,86289800
2022-06-10,369.8648071289063,389.7999877929688,395.7799987792969,389.75,394.8800048828125,132893900
2022-06-13,355.8216552734375,375.0,381.80999755859375,373.2999877929688,379.8500061035156,170004900
2022-06-14,354.74957275390625,373.8699951171875,377.9400024414063,370.5899963378906,376.8500061035156,104011800
2022-06-15,359.8069763183594,379.2000122070313,383.8999938964844,372.1199951171875,377.3599853515625,125666800
2022-06-16,347.8987731933594,366.6499938964844,370.9400024414063,364.0799865722656,370.510009765625,134473300
2022-06-17,348.64874267578125,365.8599853515625,369.3800048828125,362.1700134277344,365.510009765625,111113900
2022-06-21,357.425537109375,375.0700073242188,376.5299987792969,371.80999755859375,371.8900146484375,76811900
2022-06-22,356.7775573730469,374.3900146484375,378.7200012207031,370.1799926757813,370.6199951171875,90059400
2022-06-23,360.2748718261719,378.05999755859375,378.8299865722656,372.8900146484375,376.6400146484375,79292100
2022-06-24,371.7293701171875,390.0799865722656,390.0899963378906,381.3699951171875,381.3999938964844,98050300
2022-06-27,370.3094482421875,388.5899963378906,391.3599853515625,387.4400024414063,391.0499877929688,66009600
2022-06-28,362.7429809570313,380.6499938964844,393.1600036621094,380.5299987792969,390.2300109863281,86548900
2022-06-29,362.4475708007813,380.3399963378906,382.2699890136719,378.4200134277344,381.2300109863281,65676000
2022-06-30,359.5029296875,377.25,380.6600036621094,372.55999755859375,376.239990234375,112508300
2022-07-01,363.3052062988281,381.239990234375,381.7000122070313,373.7999877929688,376.55999755859375,74839700
2022-07-05,363.9913940429688,381.9599914550781,381.9800109863281,372.8999938964844,375.8800048828125,81438000
2022-07-06,365.220703125,383.25,385.8699951171875,379.6000061035156,382.1099853515625,70426200
2022-07-07,370.6906433105469,388.989990234375,389.8299865722656,383.2699890136719,385.1199951171875,64525900
2022-07-08,370.3857727050781,388.6700134277344,390.6400146484375,385.6600036621094,387.2699890136719,72397800
2022-07-11,366.1546020507813,384.2300109863281,386.8699951171875,383.5,385.8500061035156,58366900
2022-07-12,362.9145202636719,380.8299865722656,386.1600036621094,378.989990234375,383.6499938964844,62219200
2022-07-13,361.0085754394531,378.8299865722656,381.9200134277344,374.6600036621094,375.1000061035156,84224600
2022-07-14,360.13189697265625,377.9100036621094,379.0499877929688,371.0400085449219,373.6099853515625,89704800
2022-07-15,367.01220703125,385.1300048828125,385.25,380.5400085449219,382.5499877929688,79060400
2022-07-18,363.98187255859375,381.9500122070313,389.0899963378906,380.6600036621094,388.3800048828125,63203600
2022-07-19,373.8163146972656,392.2699890136719,392.8699951171875,385.3900146484375,386.0799865722656,78506000
2022-07-20,376.19873046875,394.7699890136719,396.260009765625,391.0299987792969,392.4700012207031,71843800
2022-07-21,380.0296936035156,398.7900085449219,398.8399963378906,391.6300048828125,394.1600036621094,64903900
2022-07-22,376.503662109375,395.0899963378906,400.1799926757813,392.75,398.9200134277344,72197300
2022-07-25,376.9611511230469,395.5700073242188,396.4700012207031,393.2099914550781,395.75,53631500
2022-07-26,372.5012817382813,390.8900146484375,394.05999755859375,389.9500122070313,393.8399963378906,52946400
2022-07-27,382.173828125,401.0400085449219,402.8800048828125,394.0499877929688,394.3599853515625,82342100
2022-07-28,386.9671630859375,406.0700073242188,406.7999877929688,398.1499938964844,401.8900146484375,73966600
2022-07-29,392.6087036132813,411.989990234375,413.0299987792969,406.7699890136719,407.5799865722656,87003700
2022-08-01,391.4461059570313,410.7699890136719,413.4100036621094,408.3999938964844,409.1499938964844,69997500
2022-08-02,388.863525390625,408.05999755859375,413.0,406.8200073242188,409.1199951171875,63435400
2022-08-03,394.9529724121094,414.4500122070313,415.6799926757813,410.0,410.2999877929688,67820600
2022-08-04,394.6861877441406,414.1700134277344,415.0899963378906,412.4400024414063,414.3699951171875,45656600
2022-08-05,394.0190734863281,413.4700012207031,414.1499938964844,409.6000061035156,409.6600036621094,56814900
2022-08-08,393.5616455078125,412.989990234375,417.6199951171875,411.8299865722656,415.25,53886100
2022-08-09,391.9988098144531,411.3500061035156,412.75,410.2200012207031,412.2200012207031,44931800
2022-08-10,400.23236083984375,419.989990234375,420.1400146484375,416.7200012207031,418.7799987792969,68665700
2022-08-11,400.23236083984375,419.989990234375,424.9500122070313,419.2099914550781,422.989990234375,59489700
2022-08-12,407.00787353515625,427.1000061035156,427.2099914550781,421.0299987792969,422.0299987792969,61694500
2022-08-15,408.6850280761719,428.8599853515625,429.4100036621094,424.7099914550781,424.7699890136719,54048300
2022-08-16,409.4855651855469,429.7000122070313,431.7300109863281,426.8800048828125,427.7300109863281,59289000
2022-08-17,406.5789794921875,426.6499938964844,429.5,424.5400085449219,425.9100036621094,63563400
2022-08-18,407.76068115234375,427.8900146484375,428.6099853515625,425.5,426.8599853515625,49023200
2022-08-19,402.2812194824219,422.1400146484375,425.260009765625,421.2200012207031,424.9800109863281,68016900
2022-08-22,393.9046936035156,413.3500061035156,417.2300109863281,412.3999938964844,417.0499877929688,77695600
2022-08-23,392.9517822265625,412.3500061035156,415.4200134277344,411.7699890136719,412.8999938964844,49105200
2022-08-24,394.2096252441406,413.6700134277344,415.1099853515625,411.3900146484375,412.1099853515625,49177800
2022-08-25,399.77490234375,419.510009765625,419.55999755859375,414.0899963378906,415.239990234375,50942300
2022-08-26,386.2429504394531,405.30999755859375,419.9599914550781,405.25,419.3900146484375,103087000
2022-08-29,383.6890563964844,402.6300048828125,405.8399963378906,401.2000122070313,402.2000122070313,65370800
2022-08-30,379.4768981933594,398.2099914550781,404.1000061035156,396.0,403.8500061035156,85652400
2022-08-31,376.5894470214844,395.1799926757813,401.239990234375,395.0400085449219,399.9299926757813,76029700
2022-09-01,377.7711181640625,396.4200134277344,396.7799987792969,390.0400085449219,392.8900146484375,78740100
2022-09-02,373.7877807617188,392.239990234375,401.55999755859375,390.3299865722656,400.2799987792969,99632100
2022-09-06,372.3774108886719,390.760009765625,394.1199951171875,388.4200134277344,393.1300048828125,76637400
2022-09-07,379.067138671875,397.7799987792969,398.5899963378906,390.2000122070313,390.4299926757813,70964200
2022-09-08,381.54486083984375,400.3800048828125,400.8599853515625,394.1199951171875,395.3900146484375,80821700
2022-09-09,387.4722900390625,406.6000061035156,407.510009765625,402.4599914550781,402.739990234375,76706900
2022-09-12,391.63665771484375,410.9700012207031,411.7300109863281,408.4599914550781,408.7799987792969,69256300
2022-09-13,374.6073303222656,393.1000061035156,403.1000061035156,391.9200134277344,401.8299865722656,122947100
2022-09-14,376.0367126464844,394.6000061035156,396.2000122070313,391.1199951171875,394.4700012207031,85023700
2022-09-15,371.7674865722656,390.1199951171875,395.9599914550781,388.7799987792969,392.9599914550781,87633800
2022-09-16,368.9313049316406,385.55999755859375,386.25,382.1099853515625,384.1400146484375,103084800
2022-09-19,371.7923889160156,388.5499877929688,388.5499877929688,382.1799926757813,382.260009765625,73278500
2022-09-20,367.5247497558594,384.0899963378906,386.1199951171875,381.2000122070313,385.05999755859375,77274900
2022-09-21,361.11370849609375,377.3900146484375,389.30999755859375,377.3800048828125,386.1099853515625,106746600
2022-09-22,358.0804138183594,374.2200012207031,378.2999877929688,373.4400024414063,376.5799865722656,89472600
2022-09-23,352.08074951171875,367.9500122070313,370.6199951171875,363.2900085449219,370.5799865722656,122346900
2022-09-26,348.5977783203125,364.30999755859375,370.2099914550781,363.0299987792969,366.4100036621094,92581200
2022-09-27,347.7078857421875,363.3800048828125,370.3999938964844,360.8699951171875,368.0199890136719,108294100
2022-09-28,354.549560546875,370.5299987792969,372.2999877929688,362.6000061035156,364.3800048828125,110802200
2022-09-29,347.1433410644531,362.7900085449219,367.1099853515625,359.70001220703125,366.80999755859375,112952300
2022-09-30,341.7752990722656,357.17999267578125,365.9100036621094,357.0400085449219,361.7999877929688,153711200
2022-10-03,350.7986145019531,366.6099853515625,368.5499877929688,359.2099914550781,361.0799865722656,89756500
2022-10-04,361.668701171875,377.9700012207031,378.0,366.5700073242188,372.3999938964844,103602800
2022-10-05,360.82666015625,377.0899963378906,379.4599914550781,370.9500122070313,373.3900146484375,88065700
2022-10-06,357.1044006347656,373.2000122070313,378.7200012207031,372.6799926757813,375.6199951171875,82333500
2022-10-07,347.1433410644531,362.7900085449219,373.2900085449219,360.9400024414063,368.9700012207031,107789500
2022-10-10,344.4928283691406,360.0199890136719,364.2099914550781,357.6700134277344,363.9599914550781,76042800
2022-10-11,342.3111572265625,357.739990234375,363.0299987792969,355.7099914550781,358.239990234375,92482800
2022-10-12,341.1820678710937,356.5599975585937,359.82000732421875,356.29998779296875,358.1700134277344,76991800
2022-10-13,350.1861877441406,365.9700012207031,367.510009765625,348.1099853515625,349.2099914550781,147254500
2022-10-14,342.2059631347656,357.6300048828125,370.260009765625,356.9599914550781,368.5499877929688,123737000
2022-10-17,350.9996032714844,366.8200073242188,367.9800109863281,357.2799987792969,364.010009765625,93168200
2022-10-18,355.12371826171875,371.1300048828125,375.4500122070313,367.5199890136719,375.1300048828125,97162900
2022-10-19,352.60711669921875,368.5,371.8500061035156,365.5499877929688,368.989990234375,79746900
2022-10-20,349.6504211425781,365.4100036621094,372.6700134277344,364.6099853515625,368.0299987792969,88283100
2022-10-21,358.1474304199219,374.2900085449219,374.7999877929688,363.5400085449219,365.1199951171875,131038400
2022-10-24,362.5298461914063,378.8699951171875,380.05999755859375,373.1099853515625,375.8900146484375,85436900
2022-10-25,368.3189697265625,384.9200134277344,385.25,378.6700134277344,378.7900085449219,78846300
2022-10-26,365.5439758300781,382.0199890136719,387.5799865722656,381.3500061035156,381.6199951171875,104087300
2022-10-27,363.5920104980469,379.9800109863281,385.0,379.3299865722656,383.0700073242188,81971800
2022-10-28,372.2420654296875,389.0199890136719,389.5199890136719,379.6799926757813,379.8699951171875,100302000
2022-10-31,369.5533142089844,386.2099914550781,388.3999938964844,385.260009765625,386.4400024414063,96631300
2022-11-01,367.9361877441406,384.5199890136719,390.3900146484375,383.2900085449219,390.1400146484375,85407600
2022-11-02,358.7024230957031,374.8699951171875,388.6300048828125,374.760009765625,383.8999938964844,126990400
2022-11-03,355.00885009765625,371.010009765625,374.2000122070313,368.7900085449219,371.4700012207031,87100100
2022-11-04,360.1185302734375,376.3500061035156,378.8699951171875,370.0,377.0,103505200
2022-11-07,363.5633239746094,379.9500122070313,380.5700073242188,375.5299987792969,377.7099914550781,68286900
2022-11-08,365.5248718261719,382.0,385.1199951171875,377.7200012207031,381.1099853515625,84641100
2022-11-09,357.9942932128906,374.1300048828125,381.1400146484375,373.6099853515625,379.9299926757813,78495500
2022-11-10,377.6675415039063,394.6900024414063,395.0400085449219,385.6400146484375,388.0499877929688,141455800
2022-11-11,381.3228759765625,398.510009765625,399.3500061035156,393.6099853515625,395.5899963378906,93839900
2022-11-14,378.0789794921875,395.1199951171875,400.1799926757813,394.8299865722656,396.6600036621094,71903500
2022-11-15,381.30364990234375,398.489990234375,402.30999755859375,394.489990234375,401.1499938964844,93194500
2022-11-16,378.394775390625,395.4500122070313,397.7799987792969,394.7900085449219,396.7799987792969,68508500
2022-11-17,377.2369995117188,394.239990234375,394.9500122070313,390.1400146484375,390.4599914550781,74496300
2022-11-18,378.9497985839844,396.0299987792969,397.80999755859375,393.0400085449219,397.739990234375,92922500
2022-11-21,377.5718383789063,394.5899963378906,395.8200073242188,392.6600036621094,394.6400146484375,51243200
2022-11-22,382.6528930664063,399.8999938964844,400.0700073242188,395.1499938964844,396.6300048828125,60429000
2022-11-23,385.0641784667969,402.4200134277344,402.9299926757813,399.30999755859375,399.5499877929688,68261600
2022-11-25,384.9780883789063,402.3299865722656,402.9100036621094,401.5400085449219,401.8299865722656,30545400
2022-11-28,378.8349609375,395.9100036621094,400.80999755859375,395.1099853515625,399.0899963378906,67881600
2022-11-29,378.1842956542969,395.2300109863281,397.2999877929688,393.2999877929688,396.0499877929688,52310000
2022-11-30,390.0972900390625,407.6799926757813,407.6799926757813,393.4800109863281,395.489990234375,144566700
2022-12-01,389.8102722167969,407.3800048828125,410.0,404.75,408.7699890136719,76398200
2022-12-02,389.3605346679688,406.9100036621094,407.8599853515625,402.1400146484375,402.25,85342700
2022-12-05,382.3562316894531,399.5899963378906,404.9299926757813,398.1700134277344,403.9500122070313,77289800
2022-12-06,376.8446350097656,393.8299865722656,399.989990234375,391.6400146484375,399.4200134277344,77972200
2022-12-07,376.20355224609375,393.1600036621094,395.6400146484375,391.9700012207031,392.9400024414063,65927900
2022-12-08,379.1507568359375,396.239990234375,397.3599853515625,393.2699890136719,395.1400146484375,60737900
2022-12-09,376.3183288574219,393.2799987792969,397.6199951171875,393.1499938964844,394.9400024414063,81447700
2022-12-12,381.743896484375,398.9500122070313,398.9500122070313,393.4100036621094,394.1099853515625,75405800
2022-12-13,384.6336059570313,401.9700012207031,410.489990234375,399.0700073242188,410.2200012207031,123782500
2022-12-14,382.1744079589844,399.3999938964844,405.5,396.30999755859375,401.6099853515625,108111300
2022-12-15,372.8258056640625,389.6300048828125,395.25,387.8900146484375,394.2999877929688,117705900
2022-12-16,368.4241638183594,383.2699890136719,386.5799865722656,381.0400085449219,385.1799926757813,119858000
2022-12-19,365.3000183105469,380.0199890136719,383.8200073242188,378.2799987792969,383.4700012207031,79878100
2022-12-20,365.7999267578125,380.5400085449219,382.2300109863281,377.8500061035156,379.2300109863281,74427200
2022-12-21,371.2695617675781,386.2300109863281,387.4100036621094,382.6900024414063,383.25,78167400
2022-12-22,365.9729309082031,380.7200012207031,386.2099914550781,374.7699890136719,383.0499877929688,100120900
2022-12-23,368.0780944824219,382.9100036621094,383.05999755859375,378.0299987792969,379.6499938964844,59857300
2022-12-27,366.6266174316406,381.3999938964844,383.1499938964844,379.6499938964844,382.7900085449219,51638200
2022-12-28,362.07025146484375,376.6600036621094,383.3900146484375,376.4200134277344,381.3299865722656,70911500
2022-12-29,368.5875854492188,383.4400024414063,384.3500061035156,379.0799865722656,379.6300048828125,66970900
2022-12-30,367.61669921875,382.4299926757813,382.5799865722656,378.4299926757813,380.6400146484375,84022200
2023-01-03,366.0690307617188,380.8200073242188,386.4299926757813,377.8299865722656,384.3699951171875,74850700
2023-01-04,368.8951721191406,383.760009765625,385.8800048828125,380.0,383.1799926757813,85934100
2023-01-05,364.6848449707031,379.3800048828125,381.8399963378906,378.760009765625,381.7200012207031,76970500
2023-01-06,373.0478210449219,388.0799865722656,389.25,379.4100036621094,382.6099853515625,104189600
2023-01-09,372.8363952636719,387.8599853515625,393.7000122070313,387.6700134277344,390.3699951171875,73978100
2023-01-10,375.4510498046875,390.5799865722656,390.6499938964844,386.2699890136719,387.25,65358100
2023-01-11,380.1996154785156,395.5199890136719,395.6000061035156,391.3800048828125,392.2300109863281,68881100
2023-01-12,381.58392333984375,396.9599914550781,398.489990234375,392.4200134277344,396.6700134277344,90157700
2023-01-13,383.0642700195313,398.5,399.1000061035156,393.3399963378906,393.6199951171875,63903900
2023-01-17,382.3624877929688,397.7699890136719,400.2300109863281,397.05999755859375,398.4800109863281,62677300
2023-01-18,376.3257751464844,391.489990234375,400.1199951171875,391.2799987792969,399.010009765625,99632300
2023-01-19,373.5862121582031,388.6400146484375,391.0799865722656,387.260009765625,389.3599853515625,86958900
2023-01-20,380.5457458496094,395.8800048828125,396.0400085449219,388.3800048828125,390.1000061035156,91806400
2023-01-23,385.11175537109375,400.6300048828125,402.6499938964844,395.7200012207031,396.7200012207031,84178800
2023-01-24,384.6983642578125,400.2000122070313,401.1499938964844,397.6400146484375,398.8800048828125,59524900
2023-01-25,384.8425598144531,400.3500061035156,400.7000122070313,393.55999755859375,395.9500122070313,84800300
2023-01-26,389.07220458984375,404.75,404.9200134277344,400.0299987792969,403.1300048828125,72287400
2023-01-27,389.9660949707031,405.6799926757813,408.1600036621094,403.4400024414063,403.6600036621094,68346200
2023-01-30,385.0732421875,400.5899963378906,405.1300048828125,400.2799987792969,402.7999877929688,74202000
2023-01-31,390.7351379394531,406.4800109863281,406.5299987792969,400.7699890136719,401.1300048828125,86811800
2023-02-01,394.8878173828125,410.7999877929688,413.6700134277344,402.3500061035156,405.2099914550781,101459200
2023-02-02,400.6361999511719,416.7799987792969,418.30999755859375,412.8800048828125,414.8599853515625,101654500
2023-02-03,396.3777770996094,412.3500061035156,416.9700012207031,411.0899963378906,411.5899963378906,94736800
2023-02-06,393.955322265625,409.8299865722656,411.2900085449219,408.1000061035156,409.7900085449219,60295300
2023-02-07,399.1077880859375,415.1900024414063,416.489990234375,407.5700073242188,408.8699951171875,90990700
2023-02-08,394.74365234375,410.6499938964844,414.5299987792969,409.9299926757813,413.1300048828125,76227500
2023-02-09,391.3214416503906,407.0899963378906,414.5700073242188,405.80999755859375,414.4100036621094,78694900
2023-02-10,392.2347412109375,408.0400085449219,408.4400024414063,405.010009765625,405.8599853515625,70769700
2023-02-13,396.839111328125,412.8299865722656,412.9700012207031,408.239990234375,408.7200012207031,64913500
2023-02-14,396.6565856933594,412.6400146484375,415.0499877929688,408.510009765625,411.239990234375,88389300
2023-02-15,397.9446411132813,413.9800109863281,414.05999755859375,409.4700012207031,410.3500061035156,61555700
2023-02-16,392.4654235839844,408.2799987792969,412.9100036621094,408.1400146484375,408.7900085449219,76431500
2023-02-17,391.4848937988281,407.260009765625,407.510009765625,404.0499877929688,406.05999755859375,89257800
2023-02-21,383.6314086914063,399.0899963378906,404.1600036621094,398.8200073242188,403.05999755859375,82655900
2023-02-22,383.1027221679688,398.5400085449219,401.1300048828125,397.0199890136719,399.5199890136719,83742300
2023-02-23,385.14056396484375,400.6600036621094,402.2000122070313,396.25,401.55999755859375,96242400
2023-02-24,381.0263977050781,396.3800048828125,397.25,393.6400146484375,395.4200134277344,108194400
2023-02-27,382.3240966796875,397.7300109863281,401.2900085449219,396.75,399.8699951171875,80444700
2023-02-28,380.9110412597656,396.260009765625,399.2799987792969,396.1499938964844,397.2300109863281,96438600
2023-03-01,379.4499206542969,394.739990234375,396.6900024414063,393.3800048828125,395.4100036621094,99706800
2023-03-02,382.4009704589844,397.80999755859375,398.6900024414063,392.3299865722656,392.6799926757813,85127800
2023-03-03,388.5338439941406,404.1900024414063,404.4500122070313,399.0299987792969,399.7099914550781,90120000
2023-03-06,388.8029479980469,404.4700012207031,407.4500122070313,404.010009765625,405.0499877929688,72795900
2023-03-07,382.8431091308594,398.2699890136719,404.6700134277344,397.6300048828125,404.4200134277344,108310600
2023-03-08,383.468017578125,398.9200134277344,399.7099914550781,396.5899963378906,398.3900146484375,74746600
2023-03-09,376.3930358886719,391.55999755859375,401.4800109863281,390.5299987792969,399.739990234375,111945300
2023-03-10,370.9618835449219,385.9100036621094,393.1600036621094,384.3200073242188,390.989990234375,189253000
2023-03-13,370.4331665039063,385.3599853515625,390.3900146484375,380.6499938964844,381.80999755859375,157790000
2023-03-14,376.5565185546875,391.7300109863281,393.4500122070313,387.0499877929688,390.5,149752400
2023-03-15,374.2013549804688,389.2799987792969,389.489990234375,383.7099914550781,385.8900146484375,172996900
2023-03-16,380.7668151855469,396.1099853515625,396.4700012207031,386.2900085449219,386.8200073242188,143254200
2023-03-17,376.3146362304688,389.989990234375,394.3999938964844,388.5499877929688,393.2200012207031,140553400
2023-03-20,379.93310546875,393.739990234375,394.1700134277344,390.0700073242188,390.7999877929688,93055800
2023-03-21,384.9218444824219,398.9100036621094,399.4100036621094,395.5799865722656,397.239990234375,91524200
2023-03-22,378.36029052734375,392.1099853515625,402.489990234375,392.0700073242188,398.7300109863281,111746600
2023-03-23,379.3830871582031,393.1700134277344,399.2900085449219,390.3500061035156,395.0899963378906,119351300
2023-03-24,381.8726501464844,395.75,395.8399963378906,389.3999938964844,391.8399963378906,107682400
2023-03-27,382.5867004394531,396.489990234375,398.9200134277344,395.55999755859375,398.1199951171875,74010400
2023-03-28,381.7279052734375,395.6000061035156,396.489990234375,393.6900024414063,395.7699890136719,62871700
2023-03-29,387.2762756347656,401.3500061035156,401.6000061035156,398.6799926757813,399.9299926757813,77497900
2023-03-30,389.54388427734375,403.7000122070313,404.3500061035156,401.760009765625,404.0899963378906,69840000
2023-03-31,395.0343322753906,409.3900146484375,409.7000122070313,404.5499877929688,404.6600036621094,112062600
2023-04-03,396.5396423339844,410.9500122070313,411.3699951171875,408.4400024414063,408.8500061035156,67391100
2023-04-04,394.339599609375,408.6700134277344,411.9200134277344,407.239990234375,411.6199951171875,66601500
2023-04-05,393.3070983886719,407.6000061035156,408.7000122070313,405.8800048828125,407.9100036621094,65200200
2023-04-06,394.8413696289063,409.1900024414063,409.4800109863281,405.6799926757813,406.7699890136719,63743300
2023-04-10,395.24658203125,409.6099853515625,409.6900024414063,405.9700012207031,406.6099853515625,63681000
2023-04-11,395.352783203125,409.7200012207031,411.1799926757813,408.9200134277344,410.260009765625,59297900
2023-04-12,393.7413330078125,408.0499877929688,412.1700134277344,407.4400024414063,411.8699951171875,86420400
2023-04-13,398.9712524414063,413.4700012207031,413.8399963378906,407.989990234375,409.1799926757813,85814800
2023-04-14,397.9967346191406,412.4599914550781,415.0899963378906,410.05999755859375,412.80999755859375,78161500
2023-04-17,399.4248352050781,413.9400024414063,413.9599914550781,411.0899963378906,412.3699951171875,66436400
2023-04-18,399.685302734375,414.2099914550781,415.7200012207031,412.7799987792969,415.5799865722656,63560000
2023-04-19,399.6177978515625,414.1400146484375,415.0799865722656,412.1600036621094,412.2200012207031,55227300
2023-04-20,397.43701171875,411.8800048828125,413.7000122070313,410.2699890136719,411.2099914550781,75840400
2023-04-21,397.7458190917969,412.2000122070313,412.6799926757813,410.1700134277344,412.1900024414063,73457400
2023-04-24,398.1607360839844,412.6300048828125,413.0700073242188,410.6000061035156,411.989990234375,64332100
2023-04-25,391.8403930664063,406.0799865722656,411.1600036621094,406.0199890136719,410.5799865722656,97766700
2023-04-26,390.1806640625,404.3599853515625,407.8399963378906,403.7799987792969,406.7200012207031,80447000
2023-04-27,397.9484558105469,412.4100036621094,412.6900024414063,406.739990234375,407.0,92968400
2023-04-28,401.344970703125,415.9299926757813,415.9400024414063,411.4299926757813,411.489990234375,89433100
2023-05-01,400.9397583007813,415.510009765625,417.6199951171875,415.2699890136719,415.4700012207031,62122300
2023-05-02,396.43353271484375,410.8399963378906,414.8200073242188,407.8200073242188,414.7699890136719,103998500
2023-05-03,393.7123107910156,408.0199890136719,413.8699951171875,407.7699890136719,411.3599853515625,91531800
2023-05-04,390.9237365722656,405.1300048828125,407.2699890136719,403.739990234375,406.9299926757813,94901900
2023-05-05,398.1607360839844,412.6300048828125,413.7200012207031,408.6400146484375,408.9100036621094,87891800
2023-05-08,398.2668762207031,412.739990234375,413.239990234375,411.2799987792969,412.9700012207031,50046800
2023-05-09,396.5202941894531,410.9299926757813,412.0899963378906,410.6900024414063,411.1300048828125,49220100
2023-05-10,398.373046875,412.8500061035156,414.5400085449219,408.8699951171875,413.8800048828125,96142900
2023-05-11,397.6783142089844,412.1300048828125,412.4299926757813,409.9700012207031,411.9500122070313,70157100
2023-05-12,397.1571350097656,411.5899963378906,413.6400146484375,409.0700073242188,413.4200134277344,70481500
2023-05-15,398.52740478515625,413.010009765625,413.4299926757813,410.2300109863281,412.2200012207031,54289400
2023-05-16,395.8641662597656,410.25,412.8200073242188,410.239990234375,411.8599853515625,57705500
2023-05-17,400.6695556640625,415.2300109863281,415.8599853515625,410.6400146484375,412.3500061035156,87287000
2023-05-18,404.5292663574219,419.2300109863281,419.6700134277344,414.6700134277344,414.8999938964844,97177200
2023-05-19,403.9407043457031,418.6199951171875,420.7200012207031,417.3500061035156,420.1700134277344,103793300
2023-05-22,404.104736328125,418.7900085449219,420.3900146484375,417.3500061035156,418.6400146484375,60745400
2023-05-23,399.5694885253906,414.0899963378906,418.7200012207031,413.6799926757813,417.0799865722656,86383500
2023-05-24,396.6747741699219,411.0899963378906,412.8200073242188,409.8800048828125,412.4200134277344,89213700
2023-05-25,400.1098327636719,414.6499938964844,416.1600036621094,412.4100036621094,414.739990234375,90961600
2023-05-26,405.2915649414063,420.0199890136719,420.7699890136719,415.25,415.3299865722656,93830000
2023-05-30,405.4459838867188,420.1799926757813,422.5799865722656,418.739990234375,422.0299987792969,72216000
2023-05-31,403.19769287109375,417.8500061035156,419.2200012207031,416.2200012207031,418.2799987792969,110811800
2023-06-01,407.0284729003906,421.8200073242188,422.9200134277344,416.7900085449219,418.0899963378906,88865000
2023-06-02,412.9145812988281,427.9200134277344,428.739990234375,423.9500122070313,424.5,91426200
2023-06-05,412.1233520507813,427.1000061035156,429.6199951171875,426.3699951171875,428.2799987792969,65460200
2023-06-06,413.020751953125,428.0299987792969,428.5799865722656,425.989990234375,426.6700134277344,64022200
2023-06-07,411.5926208496094,426.5499877929688,429.6199951171875,426.1099853515625,428.4400024414063,85373300
2023-06-08,414.0821533203125,429.1300048828125,429.6000061035156,425.8200073242188,426.6199951171875,61952800
2023-06-09,414.8250732421875,429.8999938964844,431.989990234375,428.8699951171875,429.9599914550781,85742800
2023-06-12,418.58837890625,433.7999877929688,433.8800048828125,430.1700134277344,430.9200134277344,76104300
2023-06-13,421.3481140136719,436.6600036621094,437.3299865722656,434.6300048828125,435.3200073242188,95899700
2023-06-14,421.8499145507813,437.1799926757813,439.05999755859375,433.5899963378906,437.010009765625,100612100
2023-06-15,427.0797729492188,442.6000061035156,443.8999938964844,436.2300109863281,436.3299865722656,110303100
2023-06-16,425.6250305175781,439.4599914550781,443.6099853515625,438.9700012207031,443.0199890136719,114165800
2023-06-20,423.4169006347656,437.1799926757813,438.3699951171875,435.0299987792969,437.4500122070313,76160400
2023-06-21,421.247314453125,434.9400024414063,436.989990234375,434.3299865722656,436.1600036621094,76982300
2023-06-22,422.7679748535156,436.510009765625,436.6199951171875,433.6000061035156,433.9500122070313,70637200
2023-06-23,419.5718078613281,433.2099914550781,435.05999755859375,432.4700012207031,432.9299926757813,92074500
2023-06-26,417.8576049804688,431.4400024414063,434.6099853515625,431.1900024414063,432.6199951171875,72823600
2023-06-27,422.4387512207031,436.1700134277344,436.80999755859375,431.8800048828125,432.3500061035156,72813700
2023-06-28,422.6517639160156,436.3900146484375,437.4400024414063,434.4100036621094,435.0499877929688,75636000
2023-06-29,424.3175964355469,438.1099853515625,438.2799987792969,435.5400085449219,435.9599914550781,67882300
2023-06-30,429.3248291015625,443.2799987792969,444.2999877929688,441.1099853515625,441.4400024414063,104964000
2023-07-03,429.8187561035156,443.7900085449219,444.0799865722656,442.6300048828125,442.9200134277344,32793400
2023-07-05,429.1795654296875,443.1300048828125,443.8900146484375,441.8999938964844,441.9100036621094,58418400
2023-07-06,425.8188171386719,439.6600036621094,440.1000061035156,437.05999755859375,439.4200134277344,80658300
2023-07-07,424.7437133789063,438.5499877929688,442.6400146484375,438.2999877929688,438.6300048828125,86134200
2023-07-10,425.8188171386719,439.6600036621094,439.8399963378906,437.5899963378906,438.1799926757813,62443500
2023-07-11,428.5306396484375,442.4599914550781,442.9700012207031,439.4400024414063,440.4500122070313,64463800
2023-07-12,431.9786071777344,446.0199890136719,447.4800109863281,444.9100036621094,446.3900146484375,91924500
2023-07-13,435.4071044921875,449.55999755859375,450.3800048828125,447.4500122070313,447.8999938964844,72425200
2023-07-14,435.1359252929688,449.2799987792969,451.3599853515625,448.489990234375,450.4800109863281,69815800
2023-07-17,436.6467895507813,450.8399963378906,451.9299926757813,449.0799865722656,449.1300048828125,52680200
2023-07-18,439.891357421875,454.1900024414063,454.8599853515625,450.0499877929688,450.5,80668200
2023-07-19,440.86962890625,455.2000122070313,456.4299926757813,454.1099853515625,455.010009765625,65891700
2023-07-20,437.9446105957031,452.1799926757813,455.1000061035156,451.4400024414063,454.1700134277344,70591600
2023-07-21,437.9446105957031,452.1799926757813,454.1700134277344,452.1700134277344,453.9599914550781,71275600
2023-07-24,439.9010620117188,454.2000122070313,455.0400085449219,452.2999877929688,453.3699951171875,54023400
2023-07-25,441.10205078125,455.4400024414063,456.739990234375,453.8699951171875,453.9200134277344,55191200
2023-07-26,441.1698303222656,455.510009765625,456.989990234375,453.3800048828125,454.4700012207031,71052900
2023-07-27,438.244873046875,452.489990234375,459.4400024414063,451.5499877929688,459.0199890136719,92194400
2023-07-28,442.5354309082031,456.9200134277344,457.7799987792969,452.489990234375,455.8800048828125,80011800
2023-07-31,443.3780517578125,457.7900085449219,458.1600036621094,456.0499877929688,457.4100036621094,62040400
2023-08-01,442.1092834472656,456.4800109863281,457.25,455.489990234375,456.2699890136719,55291500
2023-08-02,435.959228515625,450.1300048828125,453.5199890136719,449.3500061035156,453.25,93933400
2023-08-03,434.7097473144531,448.8399963378906,450.7900085449219,447.3699951171875,448.0400085449219,64276100
2023-08-04,432.7437133789063,446.80999755859375,452.8999938964844,446.2699890136719,450.7200012207031,100128900
2023-08-07,436.52093505859375,450.7099914550781,450.8699951171875,447.989990234375,448.7099914550781,58357500
2023-08-08,434.6225891113281,448.75,450.7000122070313,445.2699890136719,448.0799865722656,71361300
2023-08-09,431.7170715332031,445.75,449.2000122070313,444.9599914550781,449.0299987792969,78789600
2023-08-10,431.87200927734375,445.9100036621094,451.7000122070313,444.7000122070313,448.1900024414063,93005500
2023-08-11,431.6202087402344,445.6499938964844,446.7000122070313,443.3500061035156,443.9700012207031,68690900
2023-08-14,434.0027770996094,448.1099853515625,448.1099853515625,444.3800048828125,444.7000122070313,47867400
2023-08-15,428.9471130371094,442.8900146484375,446.6400146484375,442.2999877929688,446.2699890136719,75707500
2023-08-16,425.7994384765625,439.6400146484375,444.1799926757813,439.5299987792969,442.4599914550781,80107200
2023-08-17,422.5548706054688,436.2900085449219,441.4299926757813,435.75,441.1600036621094,95711300
2023-08-18,422.7583312988281,436.5,437.5700073242188,433.010009765625,433.3699951171875,98852000
2023-08-21,425.5088195800781,439.3399963378906,440.1099853515625,435.3200073242188,437.5499877929688,68719000
2023-08-22,424.3563232421875,438.1499938964844,441.1799926757813,437.5700073242188,441.1799926757813,64994200
2023-08-23,429.0827026367188,443.0299987792969,443.6700134277344,439.1000061035156,439.25,68441000
2023-08-24,423.1360168457031,436.8900146484375,445.2200012207031,436.8599853515625,444.6900024414063,88517300
2023-08-25,426.1190490722656,439.9700012207031,441.2999877929688,435.0,438.6799926757813,102325100
2023-08-28,428.8211975097656,442.760009765625,443.3999938964844,439.9700012207031,442.239990234375,61595400
2023-08-29,435.0197143554688,449.1600036621094,449.4500122070313,442.4599914550781,442.6499938964844,83081900
2023-08-30,436.8115234375,451.010009765625,451.6700134277344,448.7799987792969,449.510009765625,69053900
2023-08-31,436.17230224609375,450.3500061035156,452.8299865722656,450.1600036621094,451.6499938964844,66084600
2023-09-01,436.9858093261719,451.1900024414063,453.6700134277344,449.6799926757813,453.1700134277344,58944100
2023-09-05,435.09716796875,449.239990234375,451.05999755859375,449.1700134277344,450.7300109863281,55166200
2023-09-06,432.1722717285156,446.2200012207031,448.510009765625,443.80999755859375,448.3999938964844,70758500
2023-09-07,430.8453979492188,444.8500061035156,445.5499877929688,442.75,443.1099853515625,70355400
2023-09-08,431.4942932128906,445.5199890136719,447.1099853515625,444.5299987792969,444.8999938964844,61659700
2023-09-11,434.33209228515625,448.4500122070313,448.7699890136719,446.4700012207031,448.239990234375,60180100
2023-09-12,431.9494934082031,445.989990234375,448.5299987792969,445.3900146484375,446.9500122070313,67565400
2023-09-13,432.453125,446.510009765625,447.7099914550781,445.0799865722656,446.2200012207031,60199300
2023-09-14,436.1819763183594,450.3599853515625,451.0799865722656,447.7200012207031,449.0700073242188,83430800
2023-09-15,430.92669677734375,443.3699951171875,447.4800109863281,442.9200134277344,447.1400146484375,111848900
2023-09-18,431.1793823242188,443.6300048828125,444.9700012207031,442.55999755859375,443.0499877929688,55752200
2023-09-19,430.2851867675781,442.7099914550781,443.2900085449219,439.9400024414063,442.6799926757813,66514600
2023-09-20,426.3294677734375,438.6400146484375,444.4400024414063,438.4299926757813,444.010009765625,82562600
2023-09-21,419.2828979492188,431.3900146484375,435.9700012207031,431.2300109863281,435.7000122070313,104095800
2023-09-22,418.3401489257813,430.4200134277344,434.1000061035156,429.989990234375,432.4500122070313,100829700
2023-09-25,420.0993347167969,432.2300109863281,432.2699890136719,428.7200012207031,429.1700134277344,70874500
2023-09-26,413.9275817871094,425.8800048828125,429.8200073242188,425.0199890136719,429.0899963378906,96168400
2023-09-27,414.0927734375,426.0499877929688,427.6700134277344,422.2900085449219,427.0899963378906,104705800
2023-09-28,416.493408203125,428.5199890136719,430.25,424.8699951171875,425.4800109863281,92258300
2023-09-29,415.482666015625,427.4800109863281,431.8500061035156,425.9100036621094,431.6700134277344,115111300
2023-10-02,415.3173828125,427.30999755859375,428.6000061035156,424.4599914550781,426.6199951171875,83798600
2023-10-03,409.7579650878906,421.5899963378906,427.3699951171875,420.1799926757813,425.05999755859375,103760600
2023-10-04,412.7417907714844,424.6600036621094,425.4299926757813,420.55999755859375,422.0700073242188,87453000
2023-10-05,412.5862731933594,424.5,425.3699951171875,421.1700134277344,424.3599853515625,70142700
2023-10-06,417.48480224609375,429.5400085449219,431.1300048828125,420.6000061035156,421.9700012207031,113273300
2023-10-09,420.1576232910156,432.2900085449219,432.8800048828125,427.010009765625,427.5799865722656,80374400
2023-10-10,422.3444519042969,434.5400085449219,437.2200012207031,432.5299987792969,432.9400024414063,78607300
2023-10-11,424.0745544433594,436.3200073242188,436.5799865722656,433.1799926757813,435.6400146484375,62451700
2023-10-12,421.48919677734375,433.6600036621094,437.3399963378906,431.2300109863281,436.9500122070313,81154200
2023-10-13,419.3898315429688,431.5,436.4500122070313,429.8800048828125,435.2099914550781,95143100
2023-10-16,423.8024291992188,436.0400085449219,437.1400146484375,433.5700073242188,433.8200073242188,75433200
2023-10-17,423.782958984375,436.0199890136719,438.1400146484375,432.4500122070313,432.80999755859375,75324700
2023-10-18,418.1360168457031,430.2099914550781,435.1799926757813,429.0899963378906,434.1900024414063,93559800
2023-10-19,414.4621276855469,426.4299926757813,432.8200073242188,425.7300109863281,430.9500122070313,121323000
2023-10-20,409.3692321777344,421.1900024414063,426.5400085449219,421.0799865722656,425.9800109863281,123919900
2023-10-23,408.6596984863281,420.4599914550781,424.4500122070313,417.7999877929688,419.6099853515625,92035100
2023-10-24,411.74066162109375,423.6300048828125,424.8200073242188,420.739990234375,422.6499938964844,78564200
2023-10-25,405.8313293457031,417.5499877929688,421.9200134277344,417.0199890136719,421.8900146484375,94223200
2023-10-26,400.9716491699219,412.5499877929688,417.3299865722656,411.6000061035156,416.4500122070313,115156800
2023-10-27,399.1541137695313,410.6799926757813,414.6000061035156,409.2099914550781,414.1900024414063,107367700
2023-10-30,403.9263305664063,415.5899963378906,416.6799926757813,412.2200012207031,413.55999755859375,86562700
2023-10-31,406.4630737304688,418.2000122070313,418.5299987792969,414.2099914550781,416.1799926757813,79665200
2023-11-01,410.7979431152344,422.6600036621094,423.5,418.6499938964844,419.2000122070313,98068100
2023-11-02,418.6706237792969,430.760009765625,430.9200134277344,426.55999755859375,426.5799865722656,94938900
2023-11-03,422.49029541015625,434.6900024414063,436.2900085449219,433.010009765625,433.1400146484375,100167800
2023-11-06,423.4622192382813,435.6900024414063,436.1499938964844,433.6799926757813,435.4700012207031,67831700
2023-11-07,424.6674499511719,436.9299926757813,437.5899963378906,434.510009765625,435.6900024414063,64256100
2023-11-08,424.9784240722656,437.25,438.0899963378906,434.8699951171875,437.5499877929688,61746000
2023-11-09,421.66412353515625,433.8399963378906,438.4700012207031,433.3999938964844,438.4299926757813,83174400
2023-11-10,428.2441101074219,440.6099853515625,440.9299926757813,433.8299865722656,435.9800109863281,89462200
2023-11-13,427.8359375,440.1900024414063,441.3299865722656,438.4200134277344,439.2300109863281,52236100
2023-11-14,436.1362609863281,448.7300109863281,450.05999755859375,446.0899963378906,446.3200073242188,97176900
2023-11-15,437.0595703125,449.6799926757813,451.3800048828125,448.7999877929688,450.1099853515625,77327600
2023-11-16,437.59417724609375,450.2300109863281,450.55999755859375,448.1199951171875,449.2200012207031,66665800
2023-11-17,438.1384582519531,450.7900085449219,451.4200134277344,449.2900085449219,450.239990234375,83133200
2023-11-20,441.510986328125,454.260009765625,455.1300048828125,450.5199890136719,450.5299987792969,69936200
2023-11-21,440.5487976074219,453.2699890136719,454.1300048828125,451.9599914550781,453.1799926757813,49244600
2023-11-22,442.2497863769531,455.0199890136719,456.3800048828125,453.8900146484375,454.9800109863281,59394900
2023-11-24,442.5218505859375,455.2999877929688,455.5,454.7300109863281,455.0700073242188,29737400
2023-11-27,441.724853515625,454.4800109863281,455.489990234375,454.0799865722656,454.6499938964844,50506000
2023-11-28,442.1622314453125,454.9299926757813,456.2699890136719,453.5,454.0799865722656,62115000
2023-11-29,441.8511657714844,454.6099853515625,458.3200073242188,454.2000122070313,457.1499938964844,63146000
2023-11-30,443.5909729003906,456.3999938964844,456.760009765625,453.3399963378906,455.4800109863281,79752700
2023-12-01,446.2152099609375,459.1000061035156,459.6499938964844,455.1600036621094,455.7699890136719,89183400
2023-12-04,443.8728942871094,456.6900024414063,459.1199951171875,454.3399963378906,455.6000061035156,72430900
2023-12-05,443.7853698730469,456.6000061035156,457.5899963378906,454.8699951171875,455.260009765625,69793500
2023-12-06,441.9970703125,454.760009765625,458.8399963378906,454.30999755859375,458.80999755859375,69124700
2023-12-07,445.36962890625,458.2300109863281,458.8999938964844,456.2900085449219,456.9100036621094,66995400
2023-12-08,447.2843322753906,460.2000122070313,460.75,457.2099914550781,457.4599914550781,83194400
2023-12-11,449.0240783691406,461.989990234375,462.1700134277344,459.4700012207031,459.6900024414063,65002200
2023-12-12,451.0748291015625,464.1000061035156,464.2000122070313,460.6000061035156,461.6300048828125,68327600
2023-12-13,457.2952270507813,470.5,470.760009765625,464.1199951171875,464.489990234375,93278000
2023-12-14,458.7628479003906,472.010009765625,473.7300109863281,469.25,472.5,119026000
2023-12-15,458.007568359375,469.3299865722656,470.7000122070313,467.4299926757813,469.489990234375,141553700
2023-12-18,460.5838623046875,471.9700012207031,472.9800109863281,469.8900146484375,470.9800109863281,70375300
2023-12-19,463.3846435546875,474.8399963378906,474.9200134277344,472.4500122070313,472.5299987792969,55761800
2023-12-20,456.96337890625,468.260009765625,475.8999938964844,467.8200073242188,473.9599914550781,102921000
2023-12-21,461.2962951660156,472.7000122070313,472.9800109863281,468.8399963378906,471.3299865722656,86667500
2023-12-22,462.2232971191406,473.6499938964844,475.3800048828125,471.7000122070313,473.8599853515625,67160400
2023-12-26,464.1750793457031,475.6499938964844,476.5799865722656,473.989990234375,474.0700073242188,55387000
2023-12-27,465.0143127441406,476.510009765625,476.6600036621094,474.8900146484375,475.4400024414063,68000300
2023-12-28,465.1899719238281,476.6900024414063,477.5499877929688,476.260009765625,476.8800048828125,77158100
2023-12-29,463.8432922363281,475.30999755859375,477.0299987792969,473.2999877929688,476.489990234375,122283100
2024-01-02,461.2474670410156,472.6499938964844,473.6700134277344,470.489990234375,472.1600036621094,123623700
2024-01-03,457.4805908203125,468.7900085449219,471.1900024414063,468.1700134277344,470.4299926757813,103585900
2024-01-04,456.0070190429688,467.2799987792969,470.9599914550781,467.0499877929688,468.2999877929688,84232200
2024-01-05,456.6315612792969,467.9200134277344,470.4400024414063,466.4299926757813,467.489990234375,86118900
2024-01-08,463.15045166015625,474.6000061035156,474.75,468.2999877929688,468.4299926757813,74879100
2024-01-09,462.4477844238281,473.8800048828125,474.9299926757813,471.3500061035156,471.8699951171875,65931400
2024-01-10,465.0631408691406,476.55999755859375,477.4500122070313,473.8699951171875,474.1600036621094,67310600
2024-01-11,464.8582153320313,476.3500061035156,478.1199951171875,472.260009765625,477.5899963378906,77940700
2024-01-12,465.1802062988281,476.6799926757813,478.6000061035156,475.2300109863281,477.8399963378906,58026400
2024-01-16,463.472412109375,474.9299926757813,476.6099853515625,473.05999755859375,475.260009765625,85014900
2024-01-17,460.8961486816406,472.2900085449219,472.7900085449219,469.8699951171875,471.8200073242188,68843900
2024-01-18,464.9948120117188,476.489990234375,477.05999755859375,472.4200134277344,474.010009765625,91856200
2024-01-19,470.7915344238281,482.4299926757813,482.7200012207031,476.5400085449219,477.6499938964844,110834500
2024-01-22,471.7869262695313,483.4500122070313,485.2200012207031,482.7799987792969,484.010009765625,75844900
2024-01-23,473.1628723144531,484.8599853515625,485.1099853515625,482.8900146484375,484.010009765625,49945300
2024-01-24,473.6801452636719,485.3900146484375,488.7699890136719,484.8800048828125,487.80999755859375,81765000
2024-01-25,476.2564392089844,488.0299987792969,488.30999755859375,485.3900146484375,487.5799865722656,72525000
2024-01-26,475.6513671875,487.4100036621094,489.1199951171875,486.5400085449219,487.5899963378906,76641600
2024-01-29,479.4182739257813,491.2699890136719,491.4200134277344,487.1700134277344,487.7300109863281,61322800
2024-01-30,479.0474243164063,490.8900146484375,491.6199951171875,490.1099853515625,490.55999755859375,58618400
2024-01-31,471.2306518554688,482.8800048828125,489.0799865722656,482.8599853515625,488.6199951171875,126011100
2024-02-01,477.3982238769531,489.2000122070313,489.2300109863281,483.7999877929688,484.6300048828125,91891600
2024-02-02,482.4240112304688,494.3500061035156,496.0499877929688,489.2999877929688,489.6499938964844,99228200
2024-02-05,480.6673583984375,492.5499877929688,494.3800048828125,490.2300109863281,493.7000122070313,75757100
2024-02-06,482.0628967285156,493.9800109863281,494.3200073242188,492.0499877929688,493.5199890136719,55918600
2024-02-07,486.0834655761719,498.1000061035156,498.5299987792969,495.3599853515625,496.2900085449219,70556500
2024-02-08,486.2981872558594,498.3200073242188,498.7099914550781,497.260009765625,498.1000061035156,52343600
2024-02-09,489.1087341308594,501.2000122070313,501.6499938964844,498.489990234375,498.8399963378906,63979400
2024-02-12,488.89404296875,500.9800109863281,503.5,500.239990234375,501.1700134277344,56502300
2024-02-13,482.1604919433594,494.0799865722656,497.0899963378906,490.7200012207031,494.5299987792969,113099200
2024-02-14,486.5421752929688,498.5700073242188,499.0700073242188,494.3999938964844,496.7900085449219,68387800
2024-02-15,489.899169921875,502.010009765625,502.2000122070313,498.7999877929688,499.2900085449219,61683000
2024-02-16,487.45947265625,499.510009765625,502.8699951171875,498.75,501.7000122070313,75532900
2024-02-20,484.7757873535156,496.760009765625,498.4100036621094,494.4500122070313,497.7200012207031,71736700
2024-02-21,485.2149353027344,497.2099914550781,497.3699951171875,493.55999755859375,495.4200134277344,59293400
2024-02-22,495.2567138671875,507.5,508.489990234375,503.0199890136719,504.010009765625,76402500
2024-02-23,495.5982666015625,507.8500061035156,510.1300048828125,507.1000061035156,509.2699890136719,61321800
2024-02-26,493.78314208984375,505.989990234375,508.75,505.8599853515625,508.2999877929688,50386700
2024-02-27,494.7004699707031,506.9299926757813,507.1600036621094,504.75,506.7000122070313,48854500
2024-02-28,494.046630859375,506.260009765625,506.8599853515625,504.9599914550781,505.3299865722656,56506600
2024-02-29,495.82275390625,508.0799865722656,509.739990234375,505.3500061035156,508.0700073242188,83924800
2024-03-01,500.4776306152344,512.8499755859375,513.2899780273438,508.55999755859375,508.9800109863281,76844800
2024-03-04,499.94091796875,512.2999877929688,514.2000122070312,512.0,512.030029296875,49799300
2024-03-05,494.9444274902344,507.1799926757813,510.7000122070313,504.9100036621094,510.239990234375,72855600
2024-03-06,497.4524230957031,509.75,512.0700073242188,508.4200134277344,510.5499877929688,68382400
2024-03-07,502.3903503417969,514.8099975585938,515.8900146484375,509.80999755859375,513.1400146484375,58652100
2024-03-08,499.37493896484375,511.7200012207031,518.219970703125,511.1300048828125,515.4600219726562,86532500
2024-03-11,498.9455261230469,511.2799987792969,511.8800048828125,508.5,510.4800109863281,62557200
2024-03-12,504.3128967285156,516.780029296875,517.3800048828125,510.8599853515625,513.4500122070312,73114400
2024-03-13,503.5223388671875,515.969970703125,517.2899780273438,514.489990234375,517.1099853515625,55104100
2024-03-14,502.5270385742188,514.9500122070312,517.1300048828125,511.8200073242188,516.969970703125,110171800
2024-03-15,499.0763244628906,509.8299865722656,511.7000122070313,508.1199951171875,510.2099914550781,107646300
2024-03-18,502.04241943359375,512.8599853515625,515.47998046875,512.4400024414062,514.0,88893300
2024-03-19,504.8323669433594,515.7100219726562,516.0,511.1199951171875,512.1500244140625,60755300
2024-03-20,509.501708984375,520.47998046875,520.6199951171875,515.0800170898438,515.77001953125,69594600
2024-03-21,511.1854553222656,522.2000122070312,524.1099853515625,521.9099731445312,523.3900146484375,60256100
2024-03-22,510.2163391113281,521.2100219726562,522.6099853515625,520.969970703125,522.1099853515625,79070800
2024-03-25,508.8067321777344,519.77001953125,520.9500122070312,519.6099853515625,519.7999877929688,48512100
2024-03-26,507.8669128417969,518.8099975585938,521.5800170898438,518.4000244140625,521.22998046875,65463700
2024-03-27,512.1349487304688,523.1699829101562,523.2100219726562,519.489990234375,521.7100219726562,82999800
2024-03-28,512.037109375,523.0700073242188,524.6099853515625,522.780029296875,523.2100219726562,96294900
2024-04-01,511.1462707519531,522.1599731445312,524.3800048828125,520.969970703125,523.8300170898438,62477500
2024-04-02,507.8963317871094,518.8400268554688,518.97998046875,516.47998046875,518.239990234375,74230300
2024-04-03,508.4542541503906,519.4099731445312,520.9500122070312,517.6699829101562,517.719970703125,59155800
2024-04-04,502.2480163574219,513.0700073242188,523.8699951171875,512.760009765625,523.52001953125,96858100
2024-04-05,507.4949035644531,518.4299926757812,520.4400024414062,514.010009765625,514.4600219726562,74546500
2024-04-08,507.7787780761719,518.719970703125,520.1799926757812,517.8900146484375,519.1500244140625,48401800
2024-04-09,508.3661804199219,519.3200073242188,520.75,514.3499755859375,520.5,68049200
2024-04-10,503.2758483886719,514.1199951171875,516.1599731445312,512.0900268554688,513.47998046875,82652800
2024-04-11,507.0740356445313,518.0,519.47998046875,512.0800170898438,515.6799926757812,70099000
2024-04-12,500.0747985839844,510.8500061035156,515.8200073242188,509.0799865722656,514.3699951171875,92561100
2024-04-15,493.8098449707031,504.4500122070313,515.2999877929688,503.5799865722656,515.1300048828125,92101400
2024-04-16,492.9092102050781,503.5299987792969,506.5,502.2099914550781,504.9400024414063,73484000
2024-04-17,489.9920654296875,500.5499877929688,506.2200012207031,499.1199951171875,506.0499877929688,75910300
2024-04-18,488.9837951660156,499.5199890136719,504.1300048828125,498.55999755859375,501.9800109863281,74548100
2024-04-19,484.71575927734375,495.1600036621094,500.4599914550781,493.8599853515625,499.4400024414063,102212600
2024-04-22,489.1795349121094,499.7200012207031,502.3800048828125,495.4299926757813,497.8299865722656,67961000
2024-04-23,494.9844970703125,505.6499938964844,506.0899963378906,499.5299987792969,501.7799987792969,64633600
2024-04-24,494.7495727539063,505.4100036621094,507.3699951171875,503.1300048828125,506.55999755859375,55928100
2024-04-25,492.8700866699219,503.489990234375,504.2699890136719,497.489990234375,499.1799926757813,69122400
2024-04-26,497.5394592285156,508.260009765625,509.8800048828125,505.7000122070313,506.3500061035156,64306100
2024-04-29,499.3014831542969,510.05999755859375,510.75,507.25,510.0899963378906,46415400
2024-04-30,491.3919372558594,501.9800109863281,509.55999755859375,501.9800109863281,508.55999755859375,77483600
2024-05-01,489.79632568359375,500.3500061035156,508.1900024414063,499.8699951171875,501.3800048828125,80242800
2024-05-02,494.3775634765625,505.0299987792969,505.8900146484375,499.5499877929688,504.1499938964844,62550200
2024-05-03,500.5055541992188,511.2900085449219,512.5499877929688,508.55999755859375,511.1600036621094,72756700
2024-05-06,505.67425537109375,516.5700073242188,516.6099853515625,513.2999877929688,513.75,47264700
2024-05-07,506.232177734375,517.1400146484375,518.5700073242188,516.4500122070312,517.5599975585938,52561300
2024-05-08,506.2810668945313,517.1900024414062,517.739990234375,515.1400146484375,515.260009765625,42047200
2024-05-09,509.1982116699219,520.1699829101562,520.2100219726562,516.7100219726562,517.3800048828125,43643700
2024-05-10,509.8541259765625,520.8400268554688,522.6400146484375,519.5900268554688,521.8099975585938,52233200
2024-05-13,509.9225463867188,520.9099731445312,522.6699829101562,519.739990234375,522.5599975585938,36716400
2024-05-14,512.2621459960938,523.2999877929688,523.8300170898438,520.5599975585938,521.1099853515625,57535900
2024-05-15,518.6055297851562,529.780029296875,530.0800170898438,525.1799926757812,525.8300170898438,59504900
2024-05-16,517.5385131835938,528.6900024414062,531.52001953125,528.5399780273438,529.8800048828125,50244800
2024-05-17,518.282470703125,529.4500122070312,529.52001953125,527.3200073242188,528.8099975585938,59187600
2024-05-20,518.8796997070312,530.0599975585938,531.5599975585938,529.1699829101562,529.5700073242188,37764200
2024-05-21,520.1522827148438,531.3599853515625,531.52001953125,529.0700073242188,529.280029296875,33437000
2024-05-22,518.6546020507812,529.8300170898438,531.3800048828125,527.5999755859375,530.6500244140625,48390000
2024-05-23,514.8661499023438,525.9600219726562,533.0700073242188,524.719970703125,532.9600219726562,57211200
2024-05-24,518.2727661132812,529.4400024414062,530.27001953125,526.8800048828125,527.8499755859375,41291100
2024-05-28,518.635009765625,529.8099975585938,530.510009765625,527.1099853515625,530.27001953125,36269600
2024-05-29,515.0031127929688,526.0999755859375,527.3099975585938,525.3699951171875,525.6799926757812,45190300
2024-05-30,511.5867309570313,522.6099853515625,525.2000122070312,521.3300170898438,524.52001953125,46377600
2024-05-31,516.2462768554688,527.3699951171875,527.5,518.3599853515625,523.5900268554688,90785800
2024-06-03,516.6673583984375,527.7999877929688,529.3099975585938,522.5999755859375,529.02001953125,46835700
2024-06-04,517.244873046875,528.3900146484375,529.1500244140625,524.9600219726562,526.4600219726562,34632700
2024-06-05,523.3923950195312,534.6699829101562,534.6900024414062,528.72998046875,530.77001953125,47610400
2024-06-06,523.3826293945312,534.6599731445312,535.4199829101562,532.6799926757812,534.97998046875,30808500
2024-06-07,522.746337890625,534.010009765625,536.8900146484375,532.5399780273438,533.6599731445312,43224500
2024-06-10,524.3614501953125,535.6599731445312,535.989990234375,532.5700073242188,533.1799926757812,35686100
2024-06-11,525.6243286132812,536.9500122070312,537.010009765625,532.0499877929688,534.0700073242188,36383400
2024-06-12,529.9412841796875,541.3599853515625,544.1199951171875,540.2999877929688,541.6300048828125,63251300
2024-06-13,531.0082397460938,542.4500122070312,543.3300170898438,539.5900268554688,543.1500244140625,44760900
2024-06-14,531.3314208984375,542.780029296875,542.8099975585938,539.8499755859375,540.8800048828125,40089900
2024-06-17,535.5601196289062,547.0999755859375,548.530029296875,541.6099853515625,542.0800170898438,55839500
2024-06-18,536.9208374023438,548.489990234375,548.6199951171875,546.72998046875,547.1599731445312,41376400
2024-06-20,535.4623413085938,547.0,550.1199951171875,545.1799926757812,549.4400024414062,70328200
2024-06-21,534.7444458007812,544.510009765625,545.6500244140625,543.02001953125,544.4000244140625,64338600
2024-06-24,533.0060424804688,542.739990234375,546.9500122070312,542.6199951171875,544.3300170898438,45528700
2024-06-25,535.0587768554688,544.8300170898438,545.2000122070312,542.4400024414062,543.989990234375,37936200
2024-06-26,535.7266235351562,545.510009765625,546.239990234375,543.030029296875,543.6900024414062,38550600
2024-06-27,536.5711059570312,546.3699951171875,546.9600219726562,544.6099853515625,545.3699951171875,35041500
2024-06-28,534.4595947265625,544.219970703125,550.280029296875,542.9500122070312,547.1599731445312,76144500
2024-07-01,535.5595703125,545.3400268554688,545.8800048828125,542.52001953125,545.6300048828125,40297800
2024-07-02,539.1637573242188,549.010009765625,549.010009765625,543.6500244140625,543.7000122070312,40434800
2024-07-03,541.56982421875,551.4600219726562,551.8300170898438,548.6500244140625,548.6900024414062,32789900
2024-07-05,544.6926879882812,554.6400146484375,555.0499877929688,551.1199951171875,551.77001953125,41488400
2024-07-08,545.3212890625,555.280029296875,556.25,554.1900024414062,555.4400024414062,36110500
2024-07-09,545.8516235351562,555.8200073242188,557.1799926757812,555.52001953125,556.260009765625,27289700
2024-07-10,551.2529907226562,561.3200073242188,561.6699829101562,556.77001953125,557.0700073242188,38701200
2024-07-11,546.4996948242188,556.47998046875,562.3300170898438,555.8300170898438,561.4400024414062,53054200
2024-07-12,549.9468383789062,559.989990234375,563.6699829101562,557.1500244140625,557.6300048828125,53084400
2024-07-15,551.4592895507812,561.530029296875,564.8400268554688,559.6300048828125,562.030029296875,40584300
2024-07-16,554.7294311523438,564.8599853515625,565.1599731445312,562.0999755859375,562.8699951171875,36475300
2024-07-17,546.9514770507812,556.9400024414062,560.510009765625,556.6099853515625,558.7999877929688,57119000
2024-07-18,542.748291015625,552.6599731445312,559.52001953125,550.4299926757812,558.510009765625,56270400
2024-07-19,539.1441040039062,548.989990234375,554.0800170898438,547.9099731445312,552.4199829101562,65509100
2024-07-22,544.7026977539062,554.6500244140625,555.27001953125,551.02001953125,553.0,43346700
2024-07-23,543.8482055664062,553.780029296875,556.739990234375,553.280029296875,554.5399780273438,34439600
2024-07-24,531.5232543945312,541.22998046875,549.1699829101562,540.2899780273438,548.8599853515625,74515300
2024-07-25,528.7538452148438,538.4099731445312,547.4600219726562,537.4500122070312,541.3499755859375,61158300
2024-07-26,534.6756591796875,544.4400024414062,547.1900024414062,541.489990234375,542.280029296875,53763800
2024-07-29,534.989990234375,544.760009765625,547.0499877929688,542.719970703125,546.02001953125,39515800
2024-07-30,532.2794799804688,542.0,547.3400268554688,538.52001953125,546.260009765625,46853600
2024-07-31,540.9314575195312,550.8099975585938,553.5,547.5800170898438,548.97998046875,65663400
2024-08-01,533.2714233398438,543.010009765625,554.8699951171875,539.4299926757812,552.5700073242188,76428700
2024-08-02,523.3427124023438,532.9000244140625,536.989990234375,528.5999755859375,535.75,82789100
2024-08-05,508.10101318359375,517.3800048828125,523.5800170898438,510.2699890136719,511.6400146484375,146267400
2024-08-06,512.7855224609375,522.1500244140625,529.75,517.8699951171875,519.219970703125,84826300
2024-08-07,509.3580932617188,518.6599731445312,531.5900268554688,518.0499877929688,528.469970703125,70698300
2024-08-08,521.133056640625,530.6500244140625,531.2899780273438,521.8400268554688,523.9099731445312,63276600
2024-08-09,523.4310913085938,532.989990234375,534.510009765625,528.5599975585938,529.8099975585938,45619600
2024-08-12,523.7060546875,533.27001953125,535.72998046875,530.9500122070312,534.2100219726562,42542100
2024-08-13,532.3187255859375,542.0399780273438,542.280029296875,536.280029296875,536.530029296875,52333100
2024-08-14,533.998046875,543.75,544.9600219726562,540.1199951171875,542.8499755859375,42446900
2024-08-15,543.1509399414062,553.0700073242188,553.3599853515625,548.8800048828125,549.5,60846800
2024-08-16,544.36865234375,554.3099975585938,555.02001953125,551.260009765625,551.4199829101562,44430700
2024-08-19,549.5736694335938,559.6099853515625,559.6099853515625,553.8599853515625,554.72998046875,39121800
2024-08-20,548.679931640625,558.7000122070312,560.8400268554688,557.3300170898438,559.1500244140625,33732300
2024-08-21,550.5654907226562,560.6199951171875,562.1099853515625,554.72998046875,559.77001953125,41514600
2024-08-22,546.244384765625,556.219970703125,563.1799926757812,554.97998046875,562.5599975585938,56121500
2024-08-23,552.0484619140625,562.1300048828125,563.0900268554688,557.2899780273438,559.530029296875,50639400
2024-08-26,550.732421875,560.7899780273438,563.9099731445312,559.0499877929688,563.1799926757812,35788600
2024-08-27,551.4886474609375,561.5599975585938,562.0599975585938,558.3200073242188,559.489990234375,32693900
2024-08-28,548.287109375,558.2999877929688,561.6500244140625,555.0399780273438,561.2100219726562,41066000
2024-08-29,548.336181640625,558.3499755859375,563.6799926757812,557.1799926757812,560.3099975585938,38715200
2024-08-30,553.5706176757812,563.6799926757812,564.2000122070312,557.1400146484375,560.77001953125,62700100
2024-09-03,542.1787109375,552.0800170898438,560.8099975585938,549.510009765625,560.469970703125,60600100
2024-09-04,541.0689086914062,550.9500122070312,554.4299926757812,549.4600219726562,550.2000122070312,47224900
2024-09-05,539.7529907226562,549.6099853515625,553.7999877929688,547.0999755859375,550.8900146484375,44264300
2024-09-06,530.6688842773438,540.3599853515625,551.5999755859375,539.4400024414062,549.9400024414062,68493800
2024-09-09,536.6103515625,546.4099731445312,547.7100219726562,542.6799926757812,544.6500244140625,40445800
2024-09-10,538.9476928710938,548.7899780273438,549.1500244140625,543.3800048828125,548.3599853515625,36394600
2024-09-11,544.4766845703125,554.4199829101562,555.3599853515625,539.9600219726562,548.7000122070312,75248600
2024-09-12,549.06298828125,559.0900268554688,559.4000244140625,552.739990234375,555.010009765625,51819600
2024-09-13,551.9305419921875,562.010009765625,563.030029296875,559.4500122070312,559.7100219726562,39310500
2024-09-16,552.7456665039062,562.8400268554688,563.1099853515625,559.9000244140625,561.739990234375,36656100
2024-09-17,552.9715576171875,563.0700073242188,566.5800170898438,560.7899780273438,565.0999755859375,49321000
2024-09-18,551.3316040039062,561.4000244140625,568.6900024414062,560.8300170898438,563.739990234375,59044900
2024-09-19,560.7396850585938,570.97998046875,572.8800048828125,568.0800170898438,571.010009765625,75315500
2024-09-20,559.7703857421875,568.25,569.3099975585938,565.1699829101562,567.8400268554688,77503100
2024-09-23,561.1691284179688,569.6699829101562,570.3300170898438,568.0999755859375,569.3400268554688,44116900
2024-09-24,562.7748413085938,571.2999877929688,571.3599853515625,567.5999755859375,570.47998046875,46805700
2024-09-25,561.53369140625,570.0399780273438,571.8900146484375,568.9099731445312,571.1400146484375,38428600
2024-09-26,563.7599487304688,572.2999877929688,574.7100219726562,569.9000244140625,574.3800048828125,48336000
2024-09-27,562.9423217773438,571.469970703125,574.219970703125,570.4199829101562,573.3900146484375,42100900
2024-09-30,565.1981811523438,573.760009765625,574.3800048828125,568.0800170898438,570.4199829101562,63557400
2024-10-01,560.1348876953125,568.6199951171875,574.0599975585938,566.0,573.4000244140625,72668800
2024-10-02,560.371337890625,568.8599853515625,569.9000244140625,565.27001953125,567.7100219726562,38097800
2024-10-03,559.3468627929688,567.8200073242188,569.7999877929688,565.489990234375,567.3599853515625,40846500
2024-10-04,564.4297485351562,572.97998046875,573.3599853515625,568.0999755859375,572.3499755859375,42939100
2024-10-07,559.3271484375,567.7999877929688,571.9600219726562,566.6300048828125,571.2999877929688,49964700
2024-10-08,564.616943359375,573.1699829101562,573.780029296875,569.530029296875,570.4199829101562,37398700
2024-10-09,568.5277709960938,577.1400146484375,577.7100219726562,572.5499877929688,573.1599731445312,37912200
2024-10-10,567.5327758789062,576.1300048828125,577.5800170898438,574.489990234375,575.77001953125,44138100
2024-10-11,570.931396484375,579.5800170898438,580.3300170898438,575.9099731445312,576.0499877929688,42268000
2024-10-14,575.6005859375,584.3200073242188,585.27001953125,580.72998046875,581.219970703125,36217200
2024-10-15,571.1283569335938,579.780029296875,584.9000244140625,578.5399780273438,584.5900268554688,54203600
2024-10-16,573.6107788085938,582.2999877929688,582.8300170898438,578.9600219726562,579.780029296875,30725400
2024-10-17,573.659912109375,582.3499755859375,586.1199951171875,582.1599731445312,585.9099731445312,34393700
2024-10-18,575.8665771484375,584.5900268554688,585.3900146484375,582.5800170898438,584.0700073242188,37416800
2024-10-21,574.9208984375,583.6300048828125,584.8499755859375,580.5999755859375,583.8499755859375,36439000
2024-10-22,574.6155395507812,583.3200073242188,584.5,580.3800048828125,581.0499877929688,34183800
2024-10-23,569.3650512695312,577.989990234375,581.7100219726562,574.4199829101562,581.260009765625,49314600
2024-10-24,570.5963745117188,579.239990234375,580.0599975585938,576.5700073242188,579.97998046875,34979900
2024-10-25,570.3993530273438,579.0399780273438,584.4600219726562,578.0800170898438,581.510009765625,47268200
2024-10-28,572.1627807617188,580.8300170898438,582.7100219726562,580.52001953125,582.5800170898438,30174700
2024-10-29,573.088623046875,581.77001953125,582.9099731445312,578.4299926757812,579.8499755859375,42899700
2024-10-30,571.3549194335938,580.010009765625,583.3200073242188,579.2899780273438,581.2899780273438,41435800
2024-10-31,560.1546630859375,568.6400146484375,575.6300048828125,568.4400024414062,575.5599975585938,60182500
2024-11-01,562.5187377929688,571.0399780273438,575.5499877929688,570.6199951171875,571.3200073242188,45667500
2024-11-04,561.3070678710938,569.8099975585938,572.5,567.8900146484375,571.1799926757812,38217000
2024-11-05,568.0943603515625,576.7000122070312,576.739990234375,570.52001953125,570.739990234375,39478300
2024-11-06,582.2203369140625,591.0399780273438,591.9299926757812,585.3900146484375,589.2000122070312,68182000
2024-11-07,586.7221069335938,595.6099853515625,596.6500244140625,593.0,593.0800170898438,47233200
2024-11-08,589.2636108398438,598.1900024414062,599.6400146484375,596.1699829101562,596.1699829101562,46444900
2024-11-11,589.8250732421875,598.760009765625,600.1699829101562,597.0,599.8099975585938,37586800
2024-11-12,587.992919921875,596.9000244140625,599.2899780273438,594.3699951171875,598.6799926757812,43006100
2024-11-13,588.2785034179688,597.1900024414062,599.22998046875,594.9600219726562,597.3699951171875,47388600
2024-11-14,584.495849609375,593.3499755859375,597.8099975585938,592.6500244140625,597.3200073242188,38904100
2024-11-15,577.00927734375,585.75,590.2000122070312,583.8599853515625,589.719970703125,75988800
2024-11-18,579.3734741210938,588.1500244140625,589.489990234375,585.3400268554688,586.219970703125,37001700
2024-11-19,581.4913940429688,590.2999877929688,591.0399780273438,584.030029296875,584.7100219726562,49412000
2024-11-20,581.6883544921875,590.5,590.7899780273438,584.6300048828125,590.3800048828125,50032600
2024-11-21,584.81103515625,593.6699829101562,595.1199951171875,587.4500122070312,593.4000244140625,46750300
2024-11-22,586.6236572265625,595.510009765625,596.1500244140625,593.1500244140625,593.6599731445312,38226400
2024-11-25,588.613525390625,597.530029296875,600.8599853515625,595.2000122070312,599.52001953125,42441400
2024-11-26,591.6868896484375,600.6500244140625,601.3300170898438,598.0700073242188,598.7999877929688,45621300
2024-11-27,589.8941040039062,598.8300170898438,600.8499755859375,597.280029296875,600.4600219726562,34000200
2024-11-29,593.55859375,602.5499877929688,603.3499755859375,599.3800048828125,599.6599731445312,30177400
2024-12-02,594.6224365234375,603.6300048828125,604.3200073242188,602.469970703125,602.969970703125,31746000
2024-12-03,594.8982543945312,603.9099731445312,604.1599731445312,602.3400268554688,603.3900146484375,26906600
2024-12-04,598.59228515625,607.6599731445312,607.9099731445312,604.9500122070312,605.6300048828125,42787600
2024-12-05,597.607177734375,606.6599731445312,608.47998046875,606.2999877929688,607.6599731445312,28762200
2024-12-06,598.7401123046875,607.8099975585938,609.0700073242188,607.02001953125,607.4400024414062,31241500
2024-12-09,595.65673828125,604.6799926757812,607.8599853515625,604.0800170898438,607.6900024414062,34742700
2024-12-10,593.8048706054688,602.7999877929688,605.7999877929688,602.1300048828125,605.3699951171875,37234500
2024-12-11,598.395263671875,607.4600219726562,608.4299926757812,605.5,605.780029296875,28677700
2024-12-12,595.3120727539062,604.3300170898438,607.1599731445312,604.3300170898438,606.5800170898438,31543800
2024-12-13,595.1937866210938,604.2100219726562,607.1300048828125,602.8099975585938,606.4000244140625,35904700
2024-12-16,597.7352905273438,606.7899780273438,607.780029296875,605.2100219726562,606.0,43695200
2024-12-17,595.2726440429688,604.2899780273438,605.1699829101562,602.8900146484375,604.1900024414062,55773500
2024-12-18,577.5313720703125,586.280029296875,606.4099731445312,585.8900146484375,603.97998046875,108248700
2024-12-19,577.3539428710938,586.0999755859375,593.0,585.8499755859375,591.3599853515625,85919500
2024-12-20,584.2886352539062,591.1500244140625,595.75,580.9099731445312,581.77001953125,125716700
2024-12-23,587.7875366210938,594.6900024414062,595.2999877929688,587.6599731445312,590.8900146484375,57635800
2024-12-24,594.32080078125,601.2999877929688,601.3400268554688,595.469970703125,596.0599975585938,33160100
2024-12-26,594.3603515625,601.3400268554688,602.47998046875,598.0800170898438,599.5,41219100
2024-12-27,588.1038208007812,595.010009765625,597.780029296875,590.760009765625,597.5399780273438,64969300
2024-12-30,581.392578125,588.219970703125,591.739990234375,584.4099731445312,587.8900146484375,56578800
