Date,Adj Close,Close,High,Low,Open,Volume,daily_return,log_return,sma_20,sma_50,sma_200,rsi,macd,volatility_20,atr,volume_ma_20,volume_change,regime
2015-10-16,171.25990295410156,203.2700042724609,203.2899932861328,201.9199981689453,202.8300018310547,114580100,0.0045465685257981,0.0045362641044849,196.4750015258789,198.63580078125,206.0422004699707,61.36355638942918,1.2809347116890422,4.67573104506844,2.830484351969289,131161345.0,-0.1458310658390872,0
2015-10-19,171.34413146972656,203.3699951171875,203.3699951171875,202.1300048828125,202.5,76523900,0.0004919114607415,0.0004917905119613,196.8205009460449,198.5442007446289,206.03190048217772,61.539362805714966,1.488572467801248,4.923306923002581,2.716877629283983,129701230.0,-0.3321362086435603,0
2015-10-20,171.1250762939453,203.1100006103516,203.83999633789065,202.5500030517578,202.8500061035156,78448500,-0.0012784310029908,-0.0012792488930572,197.28050079345704,198.3950006103516,206.038850479126,60.76511405537484,1.6135475301039437,5.0648161212466105,2.614957319058901,125929110.0,0.0251503125167431,0
2015-10-21,170.06356811523438,201.8500061035156,203.7899932861328,201.6499938964844,203.6100006103516,102038000,-0.0062035079663712,-0.006222829671597,197.693000793457,198.25860076904297,206.0490004730225,57.02098025902778,1.5925620766037127,5.085200907456428,2.5810317526724376,126391480.0,0.3007004595371485,0
2015-10-22,172.93646240234375,205.259994506836,205.509994506836,201.8500061035156,202.97999572753903,174911700,0.016893675007231,0.016752563918761,198.3110008239746,198.1854006958008,206.0637504577637,63.5642355099619,1.8299934933386908,5.221282838457336,2.658100084861577,127168125.0,0.7141819714224114,0
2015-10-23,174.83216857910156,207.509994506836,207.9499969482422,206.3000030517578,207.25,144442300,0.0109617073965431,0.0109020633532108,199.04400024414065,198.1624005126953,206.07180046081544,67.12111193914433,2.1746478113693968,5.438785436906319,2.660378824614764,126637500.0,-0.1741987528564412,0
2015-10-26,174.40252685546875,207.0,207.3699951171875,206.5599975585937,207.3000030517578,69033000,-0.0024576864745625,-0.0024607115434298,199.99350051879884,198.1140005493164,206.08555046081543,65.55889908568498,2.37921048949346,5.055195282907236,2.53820869058816,121163355.0,-0.5220721353786253,0
2015-10-27,174.0655059814453,206.6000061035156,207.0,205.7899932861328,206.1999969482422,77905800,-0.0019323376641758,-0.0019342070371614,200.91750106811523,198.0342007446289,206.10530052185055,64.29494744081092,2.4804585391361518,4.419664388510461,2.443337120822376,117106365.0,0.1285298335578637,0
2015-10-28,176.04537963867188,208.9499969482422,208.97999572753903,206.2100067138672,207.0,135906700,0.0113745923296302,0.0113103880605106,201.78350067138672,198.01360076904297,206.1396504974365,68.17680883448764,2.7189802575052227,4.195232452308837,2.466669398883053,115729100.0,0.7445004094688714,0
2015-10-29,175.94432067871094,208.8300018310547,209.2700042724609,208.2100067138672,208.3500061035156,90525500,-0.0005742767118451,-0.0005744416718742,202.61850051879884,198.0238006591797,206.17950050354003,67.77163592132084,2.865298457619815,3.817675195020465,2.366192838862386,113701425.0,-0.3339143691959263,0
2015-10-30,175.18606567382812,207.92999267578125,209.44000244140625,207.7400054931641,209.0599975585937,131076900,-0.0043097694171432,-0.0043190832432861,203.2650001525879,198.10300048828125,206.22405044555663,64.66738328179781,2.875486648085285,3.5446727801454463,2.3186074181037983,109705105.0,0.4479555484366284,0
2015-11-02,177.25860595703125,210.38999938964844,210.6199951171875,208.1699981689453,208.32000732421875,86270800,0.0118309373371787,0.0117614989423226,203.8610000610352,198.35420043945317,206.26785041809083,68.86524894078691,3.0469396218002487,3.6949373529461114,2.3451356340539737,107702605.0,-0.3418306352988207,0
2015-11-03,177.77261352539062,211.0,211.6600036621093,209.6999969482422,209.97000122070312,95246100,0.0028993802562917,0.0028951851601861,204.52150039672853,198.78420043945312,206.31255043029785,69.8226897234994,3.1952069334078037,3.733078747744291,2.317626425469199,106951185.0,0.1040363599271132,0
2015-11-04,177.2334442138672,210.3600006103516,211.5,209.72000122070312,211.3500061035156,96224500,-0.0030331724627886,-0.0030377818534608,205.06900024414065,199.24600036621092,206.34895042419436,67.47811832858801,3.223904084542511,3.7469090841896113,2.2792244507426047,105547045.0,0.0102723366101078,0
2015-11-05,177.0564422607422,210.1499938964844,210.97999572753903,209.08999633789065,210.42999267578125,78408700,-0.0009983205612181,-0.0009988192150948,205.5159996032715,199.5598001098633,206.3692003631592,66.68681108663142,3.1928952874929166,3.795258280550584,2.251422660664446,101814720.0,-0.1851482730489636,0
2015-11-06,176.96377563476562,210.0399932861328,210.32000732421875,208.4600067138672,209.7400054931641,110471500,-0.0005234385607728,-0.0005235756025603,205.95149917602535,199.77519989013672,206.39455032348636,66.24857782668164,3.123439397383379,3.7893650825064022,2.2234639427849543,101984835.0,0.4089189082333975,0
2015-11-09,175.31239318847656,208.0800018310547,209.4900054931641,206.9499969482422,209.3099975585937,131008700,-0.0093315155100394,-0.0093753268647913,206.27949905395508,199.95119995117187,206.4077003479004,58.83019199392344,2.8770750437883805,3.667547329838951,2.285359113863931,105715490.0,0.1859049619132535,0
2015-11-10,175.7168426513672,208.5599975585937,208.6000061035156,207.19000244140625,207.509994506836,75874600,0.0023067845218913,0.002304127979073,206.69499893188475,200.16899993896484,206.43680030822756,60.01116372146736,2.689557616316364,3.41020277628603,2.2228337244528893,105107285.0,-0.4208430432482728,0
2015-11-11,175.02597045898438,207.7400054931641,208.94000244140625,207.6600036621093,208.8800048828125,67846000,-0.0039316842876315,-0.0039394336770712,207.11749954223632,200.4883999633789,206.47480033874515,57.00290878250197,2.446579551210675,2.9348000139607806,2.155488371227464,103544275.0,-0.1058140668945866,1
2015-11-12,172.58261108398438,204.83999633789065,207.0599975585937,204.82000732421875,206.5,121315200,-0.0139598010907382,-0.0140581555257129,207.24199905395508,200.6769998168945,206.4890502929688,47.864501103308285,1.9969911111634813,2.770103512279633,2.210096213921598,102902925.0,0.7880965716475548,1
2015-11-13,170.64486694335938,202.5399932861328,204.6699981689453,202.44000244140625,204.3500061035156,153577100,-0.0112282908263867,-0.0112918039606613,207.20549850463868,200.816799621582,206.5045002746582,42.09991119118019,1.4385156954744218,2.829371008774176,2.2236603341046552,104852775.0,0.2659345242805517,1
2015-11-16,173.23983764648438,205.6199951171875,205.69000244140625,202.17999267578125,202.32000732421875,117645200,0.0152068822610431,0.0150924166120076,207.31799850463867,201.077399597168,206.52300025939945,50.66811581847277,1.2302685421215358,2.711098782461438,2.3155424363561083,106908840.0,-0.2339665223526164,1
2015-11-17,173.1134490966797,205.47000122070312,207.0399932861328,204.8800048828125,205.9900054931641,121123700,-0.0007294713551514,-0.000729737548842,207.43599853515624,201.2381997680664,206.52615028381348,50.27790877757986,1.041126461089959,2.5657710762231187,2.3044314339964087,109042600.0,0.0295677171699313,1
2015-11-18,175.8600311279297,208.72999572753903,208.8999938964844,205.9900054931641,206.0399932861328,121342500,0.0158660363433502,0.0157414864700227,207.7799980163574,201.51699981689453,206.5495002746582,57.87175322974728,1.141130073806096,2.2146028219678837,2.384828665552471,110007825.0,0.0018064177365784,1
2015-11-19,175.7084503173828,208.5500030517578,209.0500030517578,208.1999969482422,208.58999633789065,88220500,-0.0008623229984451,-0.0008626950128016,207.94449844360352,201.77099975585935,206.56165031433105,57.350947733921984,1.1921177612130125,2.1384466789748524,2.2751984825498397,105673265.0,-0.2729628942868327,1
2015-11-20,176.34872436523438,209.3099975585937,210.1199951171875,208.8600006103516,209.4499969482422,94011500,0.003644183628457,0.0036375596790126,208.0344985961914,202.022399597168,206.58045028686524,59.02759119523177,1.2791063343852898,2.156995027081213,2.2248265956126856,103151725.0,0.0656423393655669,1
2015-11-23,176.1465606689453,209.07000732421875,209.97999572753903,208.5200042724609,209.3800048828125,64931200,-0.0011465779808619,-0.0011472358042736,208.13799896240235,202.2835998535156,206.60265029907225,58.2488617829578,1.3135385444204246,2.1544051304294203,2.1701955141459317,102946635.0,-0.309327050414045,1
2015-11-24,176.38241577148438,209.3500061035156,209.8300018310547,207.4100036621093,207.8699951171875,98874400,0.001339258475572,0.0013383624688403,208.27549896240237,202.5013998413086,206.61535034179687,58.929642509266095,1.3478823318913271,2.138779560139189,2.18803856091732,103995065.0,0.5227563944605982,1
2015-11-25,176.35716247558594,209.32000732421875,209.7400054931641,209.009994506836,209.5,51980100,-0.000143294857522,-0.000143305125211,208.2939994812012,202.68420013427732,206.62730041503903,58.81898304281579,1.3570363102577687,2.14650740716905,2.0838937341609465,99798735.0,-0.4742815127070303,1
2015-11-27,176.55938720703125,209.5599975585937,209.8000030517578,208.8600006103516,209.42999267578125,37317800,0.0011465231510487,0.0011458663953233,208.3304992675781,202.8808001708984,206.6305004119873,59.47460975753824,1.3678879494949283,2.16225022721095,2.002187213249895,97138350.0,-0.2820752557228632,1
2015-11-30,175.8263397216797,208.69000244140625,209.88999938964844,208.5599975585937,209.75,112822700,-0.0041515323884473,-0.0041601739244038,208.36849975585935,203.14560028076173,206.62505043029785,55.99434961787615,1.2914001594977549,2.161519337923526,1.954173971664527,96225640.0,2.0232945136101272,1
2015-12-01,177.50303649902344,210.67999267578125,210.82000732421875,209.1100006103516,209.44000244140625,97858400,0.0095356280180873,0.0094904508850662,208.382999420166,203.43,206.627900390625,61.53838993955896,1.3755026770911627,2.176712696031979,1.9667333224608108,96805020.0,-0.1326355423155092,1
2015-12-02,175.69155883789062,208.52999877929688,211.0,208.22999572753903,210.6199951171875,108441300,-0.0102050216974947,-0.0102574499238718,208.25949935913087,203.7223999023437,206.6199003601074,53.6710329814747,1.2542102341517136,2.088708446756524,2.0241098188893933,97464780.0,0.1081450340491976,1
2015-12-03,173.23146057128906,205.6100006103516,209.1499938964844,204.75,208.8300018310547,166224200,-0.0140027726755791,-0.0141017364276533,208.0219993591309,203.9625997924805,206.59805038452149,45.21617064536715,0.9119532214012338,2.1072677451955832,2.193815824431894,100964765.0,0.5328495693061592,1
2015-12-04,176.60992431640625,209.6199951171875,209.97000122070312,205.6100006103516,205.6100006103516,192913900,0.0195029156895689,0.0193151709493906,207.99549942016603,204.29699981689453,206.5899503326416,55.56783039798994,0.9532961125676708,2.0822830891690614,2.34854330914044,106690025.0,0.1605644665457857,1
2015-12-07,175.5399169921875,208.3500061035156,209.72999572753903,207.1999969482422,209.22999572753903,102027100,-0.006058529926794,-0.0060769572853991,207.9110000610352,204.60699981689453,206.57565032958985,52.203503970954415,0.8735138283445281,2.028547203659784,2.361504414151612,106267805.0,-0.4711262381819039,1
2015-12-08,174.36038208007812,206.9499969482422,208.2899932861328,205.77999877929688,206.4900054931641,103372400,-0.0067195061879568,-0.0067421837146053,207.85449981689453,204.98579986572267,206.55135032653808,48.70288403893743,0.6893701251468087,2.0393005924995555,2.376397479156405,104885990.0,0.013185712423464,1
2015-12-09,173.00393676757812,205.33999633789065,208.67999267578125,204.17999267578125,206.19000244140625,162401500,-0.0077796599859539,-0.0078100794119385,207.69349975585936,205.33019989013675,206.51990028381348,44.96838425610925,0.4088088260875508,2.106665755644828,2.528083373502376,109212335.0,0.5710334673471835,1
2015-12-10,173.45045471191406,205.8699951171875,207.42999267578125,205.13999938964844,205.4199981689453,116128900,0.0025810791309488,0.0025777538668262,207.59999923706056,205.6149996948242,206.4923502349853,46.42476639576323,0.2266161573544138,2.1456311911155157,2.5110769386902647,111626480.0,-0.2849271712391819,1
2015-12-11,170.08877563476562,201.8800048828125,204.13999938964844,201.509994506836,203.3500061035156,211173300,-0.0193811158935705,-0.0195713922445069,207.45199966430664,205.80999969482423,206.4484502410889,38.22358925260051,-0.2369997261029368,2.42935526313556,2.643142915237497,116119385.0,0.8184388209997684,1
2015-12-14,170.94818115234375,202.8999938964844,203.0500030517578,199.9499969482422,202.07000732421875,182385200,0.0050524518971752,0.0050397310916021,207.46999969482425,205.9679995727539,206.40300018310543,41.08864968885324,-0.5161640470816735,2.392092705529026,2.6757760001145057,117559790.0,-0.1363245258751935,1
2015-12-15,172.74270629882812,205.02999877929688,206.1100006103516,202.8699951171875,204.6999969482422,154069600,0.0104978065396057,0.0104430871908064,207.44049987792968,206.0991995239258,206.372550201416,46.65272667955128,-0.5590854013896376,2.419588106221687,2.716078106760905,119381010.0,-0.1552516322596351,1
2015-12-16,175.2703094482422,208.02999877929688,208.38999938964844,204.8000030517578,206.3699951171875,197017000,0.0146320051595441,0.0145259902611953,207.56849975585936,206.30399963378903,206.3615502166748,53.33751091098585,-0.3470256601620747,2.377201916597268,2.778500837555885,123175675.0,0.2787532387959728,1
2015-12-17,172.59947204589844,204.8600006103516,208.47999572753903,204.83999633789065,208.3999938964844,173092500,-0.015238178087519,-0.0153554722146246,207.375,206.4129995727539,206.33355018615725,46.68111925456844,-0.4298046266926576,2.434497048585257,2.8400364484196348,125763175.0,-0.1214336833877279,1
2015-12-18,169.52464294433594,200.0200042724609,202.92999267578125,199.8300018310547,202.7700042724609,251393500,-0.0236258729057433,-0.0239094390792097,206.9485000610352,206.38919952392575,206.29615020751956,38.73309735101875,-0.8758584578894784,2.91715459537989,2.9964623291965826,133921825.0,0.4523650649219348,1
2015-12-21,170.9230194091797,201.6699981689453,201.8800048828125,200.08999633789065,201.4100036621093,99094300,0.008249144391762,0.008215306163752,206.56650009155277,206.3959994506836,206.2627001953125,42.33749961217384,-1.083726095057585,3.086928809245983,2.915286492136226,134175965.0,-0.6058199595454934,1
2015-12-22,172.47409057617188,203.5,203.8500061035156,201.5500030517578,202.72000122070312,111026200,0.0090742393398626,0.0090333158103591,206.2879997253418,206.4355993652344,206.2553002166748,46.12333643851857,-1.0882521479677507,3.100408167200207,2.871337674966337,136480715.0,0.1204095492879004,1
2015-12-23,174.60984802246094,206.0200042724609,206.07000732421875,204.5800018310547,204.69000244140625,110987200,0.0123833133781863,0.0123072673109855,206.12149963378903,206.5509994506836,206.2629002380371,50.90360665478574,-0.8783704850888512,3.0155699308984585,2.8498140784843677,137086355.0,-0.0003512684393413,1
2015-12-24,174.32168579101562,205.67999267578125,206.3300018310547,205.4199981689453,205.72000122070312,48539600,-0.0016503814660152,-0.0016517448457778,205.9394989013672,206.67879943847657,206.2558001708984,50.25569738498128,-0.731046796983378,2.920720619180617,2.71125619160044,136914330.0,-0.5626558738304958,1
2015-12-28,173.9233856201172,205.2100067138672,205.259994506836,203.94000244140625,204.8600006103516,65899900,-0.002285034902033,-0.0022876495781282,205.72199935913085,206.7359994506836,206.2527001953125,49.32120628623369,-0.6447829950365644,2.796234282387783,2.6418800517986227,138343435.0,0.357652308630479,1
2015-12-29,175.77944946289062,207.3999938964844,207.7899932861328,206.47000122070312,206.509994506836,92640700,0.0106719317331869,0.010615388596982,205.6574989318848,206.81859924316407,206.24680015563965,53.6464832674188,-0.3951496086297084,2.7384495646711757,2.637459088974837,137334335.0,0.4057790679500273,1
2015-12-30,174.53355407714844,205.92999267578125,207.2100067138672,205.759994506836,207.1100006103516,63317700,-0.0070877592283674,-0.0071129967160006,205.4199989318848,206.86979919433597,206.2366500854492,50.529101193085765,-0.3123298208327867,2.473051585854911,2.566211967594378,135607300.0,-0.3165239468181912,1
2015-12-31,172.78765869140625,203.8699951171875,205.88999938964844,203.8699951171875,205.1300048828125,114877900,-0.0100033877135956,-0.0100537577922811,205.1869987487793,206.88499908447267,206.20370002746583,46.455145559896735,-0.4082134980781973,2.3824835543456158,2.5300537955229045,135929130.0,0.8143094269059046,1
2016-01-04,170.3721923828125,201.0200042724609,201.02999877929688,198.58999633789065,200.4900054931641,222353500,-0.0139794521655252,-0.014078085007926,204.9574989318848,206.8683990478516,206.1613000488281,41.47315152714893,-0.7060337285697074,2.554457805479218,2.726478437221043,138735595.0,0.9355637594350176,1
2016-01-05,170.66036987304688,201.3600006103516,201.8999938964844,200.0500030517578,201.3999938964844,110845800,0.0016913557390529,0.0016899270077034,204.54449920654295,206.79039916992187,206.1160500335693,42.26857266976992,-0.9042004835838212,2.425430910736037,2.663872180614297,134632190.0,-0.5014883957302223,1
2016-01-06,168.50759887695312,198.82000732421875,200.0599975585937,197.6000061035156,198.33999633789065,152112600,-0.012614189900843,-0.0126944242357676,204.06799926757813,206.61659942626957,206.0601500701904,38.10239938960215,-1.251775605254096,2.5702597419792115,2.7421666324872755,137136465.0,0.3722901544307497,1
2016-01-07,164.46484375,194.0500030517578,197.44000244140625,193.58999633789065,195.3300018310547,213436100,-0.0239915707511388,-0.0242840560808666,203.4229995727539,206.3575994873047,205.98630004882813,31.76951920380087,-1.8903402082946168,3.318626167128985,2.9198698006187627,142639650.0,0.4031454330541979,2
2016-01-08,162.65957641601562,191.9199981689453,195.8500061035156,191.5800018310547,195.19000244140625,209817200,-0.0109765774249659,-0.0110372645508516,202.75199966430665,206.06399932861328,205.91710006713868,29.418200169361384,-2.5390126918322267,4.160539313862183,3.016307977178916,145010435.0,-0.0169554260033799,2
2016-01-11,162.82057189941406,192.1100006103516,193.4100036621093,189.82000732421875,193.009994506836,187941300,0.000990008562,0.000989518826725,202.06399993896488,205.72719940185547,205.8513000488281,29.91648772557295,-3.003140366607568,4.718134310355098,3.0572857172297483,148601055.0,-0.1042617097168392,0
2016-01-12,164.13424682617188,193.6600036621093,194.5500030517578,191.13999938964844,193.82000732421875,172330500,0.0080683100662808,0.0080359352759325,201.6529998779297,205.42379943847652,205.7909000396729,34.00935571062925,-3.208902371301491,5.079214165688814,3.082479856149721,146658915.0,-0.0830621050296023,0
2016-01-13,160.04067993164062,188.8300018310547,194.8600006103516,188.3800048828125,194.4499969482422,221168900,-0.0249406265605666,-0.0252569140030496,200.9495002746582,205.04179962158204,205.6938000488281,28.43639649565489,-3.718842522512773,5.818057033560669,3.325159561248962,148598100.0,0.2833996303614277,0
2016-01-14,162.66807556152344,191.92999267578125,193.259994506836,187.6600036621093,189.5500030517578,240795600,0.0164168342671526,0.0162835349665719,200.2944999694824,204.6725994873047,205.6213000488281,35.71721105812294,-3.82869559328401,6.066588855768535,3.487647510068799,152934400.0,0.0887407768452075,0
2016-01-15,159.17617797851562,187.8099975585937,188.759994506836,185.5200042724609,186.7700042724609,324846400,-0.0214661349159079,-0.0216998835633958,199.28349990844723,204.20879943847655,205.53185005187987,31.17730091310652,-4.199791534509672,6.386041285476308,3.696386145301052,159325870.0,0.349054550830663,0
2016-01-19,159.38809204101562,188.0599975585937,190.1100006103516,186.1999969482422,189.9600067138672,195244400,0.0013311325448583,0.0013302473733657,198.44349975585936,203.7627993774414,205.4399500274658,31.74424079584112,-4.422732325674957,6.710583088980957,3.711644539358791,160433465.0,-0.3989639411118608,0
2016-01-20,157.34555053710938,185.6499938964844,187.5,181.0200042724609,185.02999877929688,286547800,-0.0128150786631718,-0.0128979001202459,197.72499923706056,203.2727993774414,205.32904998779296,29.243349575931163,-4.739250533101796,7.278194354808432,3.949383735556933,162191180.0,0.4676364597396902,0
2016-01-21,158.2269744873047,186.69000244140625,188.8699951171875,184.63999938964844,186.2100067138672,195772900,0.0056019853440003,0.0055863525799393,196.9759994506836,202.8057995605469,205.2261000061035,31.74245406970374,-4.85026268595692,7.613900972523933,3.969427449269943,167025110.0,-0.3167879844130717,0
2016-01-22,161.4730224609375,190.5200042724609,190.759994506836,188.8800048828125,189.77999877929688,168319600,0.0205153022709758,0.0203076980313579,196.32699966430664,202.454599609375,205.13880004882813,40.12895409084476,-4.576437158953496,7.5816660732808705,3.9766106361385,169889780.0,-0.1402303383154665,0
2016-01-25,159.03211975097656,187.63999938964844,190.1499938964844,187.4100036621093,189.9199981689453,130371700,-0.0151165484895423,-0.0152319681504436,195.407999420166,202.0361996459961,205.032500076294,36.49756413008867,-4.539492338887982,7.4578462918756605,3.9147099200108633,170859005.0,-0.2254514625747684,0
2016-01-26,161.20181274414062,190.1999969482422,190.52999877929688,188.0200042724609,188.4199981689453,141036800,0.0136431334839099,0.0135509038588184,194.63399963378907,201.68539947509765,204.9333000946045,41.55996493277826,-4.25459853115521,7.131833328444624,3.841516310699261,175483865.0,0.0818053304513173,0
2016-01-27,159.4473876953125,188.1300048828125,191.5599975585937,187.0599975585937,189.5800018310547,185681700,-0.0108832392147355,-0.0109428948887975,193.77999954223637,201.3511996459961,204.82850013732912,38.862181225938734,-4.148033250758942,6.81430996122357,3.888550859935028,181472955.0,0.3165478797023189,0
2016-01-28,160.2779998779297,189.1100006103516,190.1999969482422,187.1600036621093,189.9600067138672,143798800,0.0052091410306907,0.0051956203891781,192.8654998779297,201.0825997924805,204.72660011291504,40.820762094804536,-3.939094602658912,6.077742117971383,3.827939604663445,184030860.0,-0.2255628853031828,0
2016-01-29,164.18515014648438,193.72000122070312,193.8800048828125,189.8800048828125,190.0200042724609,210529300,0.0243773496667165,0.0240849642697306,192.25500030517577,200.8445999145508,204.64305015563968,49.08395208403271,-3.3627569282202217,5.253745740004711,3.8952299380775495,191391440.0,0.4640546374517729,0
2016-02-01,164.1258087158203,193.6499938964844,194.5800018310547,191.83999633789065,192.52999877929688,136061600,-0.0003613840789674,-0.00036144939393,191.74400024414064,200.6081997680664,204.55945014953613,48.972123073697226,-2.878472930768936,4.508766449933717,3.8127139062980127,192450625.0,-0.3537165610677468,0
2016-02-02,161.1678924560547,190.1600036621093,191.97000122070312,189.5399932861328,191.9600067138672,182564900,-0.0180221551478109,-0.0181865321324966,191.20100021362305,200.2367999267578,204.47050018310543,43.63491089922615,-2.744648815499204,3.952469826620351,3.833948670873269,190461195.0,0.3417812226226944,0
2016-02-03,162.1341094970703,191.3000030517578,191.77999877929688,187.1000061035156,191.4100036621093,205054900,0.0059949482945642,0.0059770500889594,190.69800033569337,199.8917999267578,204.37775016784667,45.71605442637849,-2.517582690509641,3.1502938194950483,3.8943803855095545,195171650.0,0.1231890686544894,1
2016-02-04,162.3883514404297,191.6000061035156,192.75,189.9600067138672,190.7100067138672,139531800,0.0015682333872029,0.001567004993329,190.3370002746582,199.53760009765625,204.28775016784667,46.27819914455712,-2.2870596119245192,2.5215165427931123,3.81549559269693,194542610.0,-0.3195393038644772,1
2016-02-05,159.2948455810547,187.9499969482422,191.6699981689453,187.1999969482422,190.9900054931641,180788300,-0.0190501515605454,-0.0192339436191548,190.03199996948243,199.11519989013672,204.17435012817384,40.749174700315386,-2.3715558264232186,2.4154520048880137,3.8622459946973726,192910220.0,0.2956781178197372,1
2016-02-08,157.1505889892578,185.4199981689453,186.1199951171875,182.8000030517578,185.7700042724609,191526700,-0.0134610205925865,-0.0135524414694514,189.7069999694824,198.6365997314453,204.045650100708,37.4125990206163,-2.6125535514994738,2.579751954390145,3.954227987682159,191995695.0,0.0593976490735297,1
2016-02-09,157.1590118408203,185.42999267578125,186.94000244140625,183.1999969482422,183.3600006103516,184513100,5.390198972410332e-05,5.390053706405582e-05,189.37299957275388,198.15879943847656,203.9145500946045,37.43439335267852,-2.7707994603272823,2.682639477783373,3.938926380930866,191824285.0,-0.0366194373943684,1
2016-02-10,157.0233917236328,185.2700042724609,188.33999633789065,185.1199951171875,186.4100036621093,148214100,-0.0008627967946915,-0.0008631692180786,188.9534996032715,197.6729995727539,203.7870500946045,37.21101556395051,-2.8759678431743225,2.63250029911166,3.887574583771744,190618465.0,-0.1967285791632138,1
2016-02-11,154.98089599609375,182.8600006103516,184.1000061035156,181.08999633789065,182.33999633789065,219058900,-0.0130080617829809,-0.0130934075485595,188.65499954223637,197.1563995361328,203.6441500854492,33.92683920789588,-3.117841166391713,2.9647448742625047,3.908462680257352,190512965.0,0.4779896109749342,1
2016-02-12,158.1761016845703,186.6300048828125,186.6499938964844,183.9600067138672,184.9600067138672,127632400,0.020616888657319,0.0204072372840124,188.3900001525879,196.67539978027344,203.52445007324215,42.479245844823446,-2.9710710227743675,2.8925954566016525,3.9000005806770273,184854805.0,-0.4173603537678679,1
2016-02-16,160.8458251953125,189.77999877929688,189.8099975585937,187.6300048828125,188.7700042724609,120250700,0.0168782822379622,0.0167374267553103,188.48850021362304,196.30039978027344,203.4310500335693,48.47982466205178,-2.570940245887101,2.9053191596416115,3.848571444613039,174625020.0,-0.0578356279440016,1
2016-02-17,163.47323608398438,192.8800048828125,193.32000732421875,191.009994506836,191.1600036621093,136009500,0.016334735606784,0.0162027590747905,188.729500579834,196.04579986572264,203.34185005187987,53.60891792183233,-1.980855073448396,3.063510062623397,3.8265312374922416,171663275.0,0.1310495489839145,1
2016-02-18,162.8036651611328,192.08999633789065,193.2700042724609,191.72000122070312,193.1999969482422,102343000,-0.004095855064924,-0.0041042660539313,189.0515007019043,195.6951998901367,203.24569999694825,52.18315435045903,-1.558984408329792,3.0612404858072053,3.663922081368352,162453035.0,-0.2475305033839547,1
2016-02-19,162.72738647460938,192.0,192.17999267578125,190.4499969482422,191.1699981689453,114793000,-0.0004685113207683,-0.000468621106489,189.317000579834,195.3681997680664,203.1612000274658,52.01344575826929,-1.2178719494124266,3.0758810744572327,3.52578448466626,158404040.0,0.1216497464408898,1
2016-02-22,165.0835418701172,194.77999877929688,194.9499969482422,193.7899932861328,193.8699951171875,103640300,0.0144791603088378,0.014375338238185,189.53000030517575,195.1247998046875,203.09490005493163,56.69817168251042,-0.7149734314060368,3.3027070004278416,3.484656803493112,155170075.0,-0.0971548787818072,0
2016-02-23,162.9985809326172,192.32000732421875,194.32000732421875,192.17999267578125,194.0,111455300,-0.0126295896421352,-0.0127100208356243,189.7640007019043,194.86440002441407,203.0121501159668,51.87231998954468,-0.5090554102231692,3.3274497036418538,3.421467467780434,154224255.0,0.075405030668572,0
2016-02-24,163.74440002441406,193.1999969482422,193.52999877929688,189.32000732421875,190.6300048828125,150812200,0.00457565302886,0.0045652165522275,189.91400070190429,194.6110000610352,202.9200501251221,53.40029659616103,-0.2717238235028389,3.4146163115971886,3.477790609730269,154713025.0,0.3531182456105721,0
2016-02-25,165.72764587402344,195.5399932861328,195.5500030517578,192.8300018310547,193.72999572753903,110728300,0.0121117824785343,0.0120390217599483,190.2845001220703,194.4841998291016,202.84470008850096,57.2839066342695,0.1039826696682268,3.607421018003072,3.4236627962283306,150965355.0,-0.2657868527877718,0
2016-02-26,165.34629821777344,195.08999633789065,196.67999267578125,194.8999938964844,196.57000732421875,129833700,-0.0023013038953298,-0.0023039559647322,190.5834999084473,194.3279998779297,202.77025009155275,56.31198252770815,0.3612574286214567,3.749958378391072,3.306258223590368,150267100.0,0.1725430626136226,0
2016-02-29,164.04954528808594,193.5599975585937,196.22999572753903,193.3300018310547,195.1100006103516,125918100,-0.0078425281050651,-0.0078734424658438,190.57549972534176,194.0985998535156,202.6879500579834,53.01822868637706,0.436657893514166,3.743079134072098,3.277239343082795,146036540.0,-0.030158579783215,0
2016-03-01,167.90585327148438,198.1100006103516,198.2100067138672,194.4499969482422,195.009994506836,141799700,0.0235069389809252,0.0232349057551655,190.7985000610352,193.90019989013672,202.61745002746585,60.43056991315687,0.8537193798978251,4.055689913780188,3.375294329667845,146323445.0,0.1261264266217485,0
2016-03-02,168.66014099121094,199.0,199.0599975585937,197.25,197.7400054931641,102415000,0.0044924505926324,0.0044823896573848,191.2404998779297,193.78299987792968,202.5502500152588,61.70333903791878,1.2417450612256573,4.445420113310768,3.2634874174482627,142315950.0,-0.277748824574382,0
2016-03-03,169.3212127685547,199.77999877929688,199.8000030517578,198.1100006103516,198.7899932861328,95172200,0.0039195918557632,0.0039119302692744,191.66449966430665,193.7781997680664,202.4836499786377,62.83170852112282,1.5938249698882316,4.838428540965337,3.15109563344526,136821815.0,-0.0707201093589806,0
2016-03-04,169.8721160888672,200.42999267578125,201.3500061035156,199.02999877929688,200.009994506836,129293600,0.003253548405526,0.0032482670692009,192.10599899291992,193.75339965820316,202.4206499481201,63.78918638897551,1.903359169615328,5.220045872686305,3.091732182786221,136309905.0,0.3585227618989579,0
2016-03-07,170.0077362060547,200.58999633789065,201.07000732421875,199.25,199.33999633789065,100219000,0.0007983019905022,0.0007979835169489,192.73799896240237,193.69519958496093,202.3591999053955,64.03479523833714,2.1369448413690577,5.450475971835782,3.0008946928885445,132281440.0,-0.2248726928479059,0
2016-03-08,168.151611328125,198.3999938964844,199.9199981689453,198.2100067138672,199.32000732421875,123974900,-0.0109178048825386,-0.010977841492832,193.3869987487793,193.5427993774414,202.28369987487795,58.21460668178487,2.1208998613332426,5.30405562127406,2.956544330826753,128903850.0,0.2370398826569812,0
2016-03-09,168.98219299316406,199.3800048828125,199.7899932861328,198.42999267578125,199.3600006103516,94801200,0.0049395716556293,0.0049274119974546,194.0844993591309,193.41679962158204,202.21564987182617,59.96807735655661,2.1623367236181537,5.11653228315009,2.844648263599729,124418255.0,-0.2353194073961745,0
2016-03-10,169.11776733398438,199.5399932861328,201.07000732421875,197.3800048828125,199.9600067138672,156838700,0.0008024295285495,0.0008021077540981,194.7979988098145,193.30339935302732,202.1598498535156,60.26125470085401,2.182922095489488,4.808351345195004,2.9050307048716237,124849485.0,0.6543957249486294,0
2016-03-11,171.84693908691406,202.759994506836,202.8099975585937,199.5200042724609,201.259994506836,137964500,0.0161371220258879,0.01600830267356,195.79299850463863,193.2105993652344,202.11014984130856,65.70509934009678,2.431039825011851,4.232466601559008,2.9325280321045635,120794765.0,-0.1203414718433651,0
2016-03-14,171.6265106201172,202.5,203.0399932861328,201.7700042724609,202.1600036621093,73612000,-0.0012822771448005,-0.0012830999656033,196.58649826049805,193.14199951171875,202.06034980773927,64.93163423603569,2.576989597454002,3.898665607257985,2.8137752450736597,118093745.0,-0.4664424543995012,0
2016-03-15,171.3468017578125,202.1699981689453,202.52999877929688,201.0500030517578,201.3600006103516,93169100,-0.001629638671875,-0.0016309679773635,197.20599822998048,193.1079995727539,202.0154998016357,63.90337573246879,2.635645374554457,3.741402133899257,2.718505279535474,116739665.0,0.2656781503015812,0
2016-03-16,172.33843994140625,203.33999633789065,203.82000732421875,201.5500030517578,201.6000061035156,129303200,0.005787199780096,0.005770518268001,197.7289978027344,193.1543994140625,201.9743497467041,65.96149245650822,2.7448980980155966,3.834777506133903,2.6864694933158644,116404350.0,0.3878335199116445,0
2016-03-17,173.43177795410156,204.6300048828125,205.22999572753903,202.7700042724609,203.2400054931641,134278500,0.0063440964303855,0.0063240573591707,198.3559982299805,193.2197994995117,201.9406997680664,68.11981494034504,2.902120735672497,3.889038728427042,2.6702924905845973,118001125.0,0.0384777793589021,0
2016-03-18,174.11328125,204.3800048828125,204.77999877929688,203.8000030517578,204.1699981689453,138372400,-0.0012217172166084,-0.0012224641214868,198.9749984741211,193.3309994506836,201.90299980163573,67.23011859302088,2.9722852439714984,3.8085398431601543,2.549557007509916,119180095.0,0.0304881272876893,0
2016-03-21,174.3603515625,204.6699981689453,204.94000244140625,203.8000030517578,204.07000732421875,72926700,0.0014188926470526,0.0014178869700667,199.46949844360356,193.54339935302733,201.8756997680664,67.75619312488928,3.0165186081254944,3.87664351353712,2.4488743205198102,117644415.0,-0.4729678750964787,0
2016-03-22,174.26666259765625,204.5599975585937,205.22999572753903,203.57000732421875,203.759994506836,97471900,-0.0005374535170553,-0.0005375979969666,200.08149795532228,193.79619934082032,201.84964973449704,67.31475028029107,3.008023119863424,3.647970045587816,2.39252532643413,116945245.0,0.3365735731906147,0
2016-03-23,173.1165771484375,203.2100067138672,204.3300018310547,203.009994506836,204.1100006103516,81052500,-0.0065994860228711,-0.0066213589171053,200.5819984436035,194.01819946289064,201.82329978942872,61.97792564033242,2.859396067430765,3.326674645815056,2.332345163957242,113457260.0,-0.1684526514821194,0
2016-03-24,173.03990173339844,203.1199951171875,203.1600036621093,201.7400054931641,202.0,84360900,-0.0004429486428118,-0.0004430467735408,200.96099853515625,194.20739929199215,201.79664978027344,61.62709564291821,2.7031842486394453,3.1490625965456016,2.2707491680105174,112138890.0,0.0408179883408901,1
2016-03-28,173.14215087890625,203.2400054931641,203.8600006103516,202.7100067138672,203.6100006103516,62408200,0.0005908348703305,0.0005906603961287,201.3684989929199,194.4955993652344,201.75809982299805,61.93646254259532,2.559564030306632,2.863742333997746,2.190695220044366,108767615.0,-0.2602236344088315,1
2016-03-29,174.74365234375,205.1199951171875,205.25,202.3999938964844,202.759994506836,92922900,0.0092500963058999,0.0092075761741435,201.9464988708496,194.7593994140625,201.72554977416996,66.4936568403246,2.5678429286254527,2.319695241982752,2.2377888545780253,107117855.0,0.488953374716784,1
2016-03-30,175.51048278808594,206.0200042724609,206.8699951171875,205.58999633789065,206.3000030517578,86365300,0.0043877202452116,0.0043781222659933,202.34199905395508,195.12359954833985,201.70559982299804,68.44161374137144,2.616861679824382,2.305428990280544,2.202946793536738,104346135.0,-0.0705703330395414,1
2016-03-31,175.08448791503906,205.5200042724609,206.4100036621093,205.3300018310547,205.9100036621093,94584100,-0.0024269487895881,-0.0024298986034664,202.66799926757807,195.4727996826172,201.6876498413086,66.14106593814407,2.5855588589138563,2.2686686388120987,2.1227364390737304,103954590.0,0.0951632194874561,1
2016-04-01,176.2771759033203,206.9199981689453,207.13999938964844,203.97999572753903,204.3500061035156,114423500,0.0068119592612911,0.0067888626960507,203.0249992370605,195.8981997680664,201.6709998321533,69.25706402877375,2.643249223345549,2.350590729051641,2.19682695500485,104917155.0,0.2097540707159024,1
2016-04-04,175.70640563964844,206.25,207.07000732421875,205.88999938964844,206.8300018310547,63497000,-0.0032379575433703,-0.0032432110714291,203.31599960327148,196.28939971923828,201.64929985046388,66.12092726543901,2.60487858116565,2.372575830297728,2.124197024973812,101627325.0,-0.4450702871350728,1
2016-04-05,173.9514617919922,204.19000244140625,206.259994506836,203.88999938964844,204.6699981689453,99662200,-0.0099878669507575,-0.0100380803233054,203.4959999084473,196.5627996826172,201.6063498687744,57.49961066520626,2.380800596650687,2.290001037700054,2.141754031560508,101599485.0,0.5695576168952865,1
2016-04-06,175.85122680664062,206.4199981689453,206.4900054931641,203.97999572753903,204.19000244140625,91839800,0.0109211797878252,0.0108619743757728,203.89700012207032,196.93839965820317,201.58439987182615,63.107447525674246,2.3560006885107327,2.039123333659242,2.1680580125651185,99992730.0,-0.0784891363024296,1
2016-04-07,173.74697875976562,203.9499969482422,205.5599975585937,203.08999633789065,205.13999938964844,113859000,-0.0119659007974679,-0.0120380684669549,204.1254997253418,197.21339965820312,201.54469985961916,54.52560099329906,2.112684415940293,1.7405047169654355,2.2510539996000856,100945620.0,0.2397566196790499,1
2016-04-08,174.215576171875,204.5,205.8500061035156,203.8699951171875,205.33999633789065,95040600,0.0026967544005278,0.0026931246825536,204.37350006103517,197.54079956054687,201.5069998931885,55.96169650168882,1.9418507202952355,1.3657670786124665,2.231693784366372,97855715.0,-0.165278107132506,1
2016-04-11,173.806640625,204.0200042724609,206.07000732421875,203.9100036621093,205.25,83757500,-0.0023471673718292,-0.002349926287101,204.4365005493164,197.83899963378903,201.4745999145508,54.34859522551226,1.747587046350333,1.3155597651119253,2.2265730613480192,95145365.0,-0.1187187370450102,1
2016-04-12,175.4252471923828,205.9199981689453,206.25,203.6999969482422,204.22000122070312,115350600,0.009312782358082,0.0092696857599929,204.60750045776368,198.08299957275392,201.45489990234373,59.34424834900821,1.7270371049865787,1.2721544893813177,2.2496752035201477,97232295.0,0.377197265916485,1
2016-04-13,177.19723510742188,208.0,208.1000061035156,206.83999633789065,207.0,96336400,0.0101010190828971,0.0100503447455696,204.8990005493164,198.36999969482423,201.44579986572265,63.99001378991285,1.8571814610394028,1.3498021983898103,2.2446989700237285,97390660.0,-0.1648383276723311,1
2016-04-14,177.2057647705078,208.009994506836,208.6000061035156,207.6000061035156,208.07000732421875,65212900,4.805051363465651e-05,4.804935924570541e-05,205.13250045776368,198.7269995117188,201.4587498474121,64.01129438883282,1.9387792338649772,1.4649357566004388,2.155791900736319,94186145.0,-0.3230710302647804,1
2016-04-15,177.0098419189453,207.77999877929688,208.1699981689453,207.3999938964844,208.009994506836,75761600,-0.0011056955608522,-0.0011063072931569,205.29000015258788,199.05659942626957,201.46839981079103,63.087349105007085,1.9622675250913917,1.573385908606766,2.056807070145218,91260300.0,0.161757873058858,1
2016-04-18,178.25360107421875,209.2400054931641,209.27999877929688,207.0,207.77999877929688,82531000,0.0070266951701065,0.0070021229879382,205.53300018310543,199.4093994140625,201.47709983825683,66.40259083191344,2.074775781430958,1.7863339646735474,2.0727493350846222,88468230.0,0.089351333657156,1
2016-04-19,178.81582641601562,209.8999938964844,210.1999969482422,208.94000244140625,209.7400054931641,88316100,0.0031542170999507,0.0031492529930353,205.7944999694824,199.84839935302733,201.49004981994628,67.81002080511568,2.1919277548230696,2.020773828907112,2.014695418781145,89237700.0,0.0700960851074141,1
2016-04-20,178.98626708984375,210.1000061035156,210.9199981689453,209.38999938964844,209.9499969482422,81100300,0.0009528928673043,0.0009524391531005,206.0715003967285,200.34199951171877,201.50694984436035,68.24418021347245,2.2746896450236704,2.213187896251142,1.9800742302465544,88419120.0,-0.0817042419219146,1
2016-04-21,178.02359008789062,208.97000122070312,210.25,208.6499938964844,210.1199951171875,85695000,-0.0053784143264409,-0.0053929300679507,206.3595001220703,200.8127996826172,201.5116998291016,63.06869726001947,2.2234663530188925,2.195930407196161,1.9529265069086288,88651245.0,0.0566545376527583,1
2016-04-22,178.02359008789062,208.97000122070312,209.2899932861328,207.9100036621093,208.5500030517578,99251700,0.0,0.0,206.6520004272461,201.286799621582,201.5338998413086,63.06869726001947,2.1579954962855936,2.130348272126175,1.9120024438454049,89395785.0,0.1581970943462278,1
2016-04-25,177.71694946289062,208.6100006103516,208.6600036621093,207.5399932861328,208.259994506836,66166500,-0.0017227382315575,-0.0017242238515328,206.92050018310547,201.80179962158203,201.55244987487796,61.34964299999511,2.053390126836433,2.012846954196929,1.8775742646114697,89583700.0,-0.3333464313457603,1
2016-04-26,177.98098754882812,208.9199981689453,209.5200042724609,208.3600006103516,209.0399932861328,75864200,0.0014860148491766,0.0014849118217189,207.11050033569336,202.24759948730468,201.55964988708496,62.30250056813394,1.9727630457389007,2.01329367354369,1.8263192215756017,88730765.0,0.1465651046979967,1
2016-04-27,178.34730529785156,209.3500061035156,209.8099975585937,208.0500030517578,208.47000122070312,77329400,0.0020582420942898,0.0020561268160363,207.2770004272461,202.63899963378907,201.55754989624023,63.6415086896032,1.9214146773149423,2.055614080526687,1.821581741951336,88278970.0,0.019313457467422,1
2016-04-28,176.72865295410156,207.4499969482422,209.759994506836,206.9600067138672,208.4600067138672,97216200,-0.0090757539999015,-0.0091171895516868,207.37350006103517,202.9303994750977,201.54139991760252,54.44011506061189,1.7077203286724796,2.013664954557527,1.891467888452584,88410575.0,0.2571699767488173,1
2016-04-29,175.7744903564453,206.3300018310547,207.1300048828125,205.02999877929688,206.72000122070312,142424100,-0.0053988678412317,-0.0054134943965281,207.34400024414063,203.2151995849609,201.51999992370605,49.86353246892301,1.431490441286087,2.0249483975355926,1.9292200513449216,89810605.0,0.4650243477938862,1
2016-05-02,177.17164611816406,207.97000122070312,208.17999267578125,206.4100036621093,206.9199981689453,62188000,0.0079484290946272,0.0079170067279039,207.43000030517575,203.534599609375,201.4983499145508,55.731996487243904,1.329583894601626,2.0125268840240778,1.9235608223007528,89745155.0,-0.5633604144242442,1
2016-05-03,175.62973022460938,206.1600036621093,206.8000030517578,205.27999877929688,206.5200042724609,106422100,-0.008703166552723,-0.0087412602918988,207.52850036621092,203.76219970703124,201.46674995422364,48.92548144649764,1.090203360250456,1.8900888978698127,1.97830665223686,90083150.0,0.7112963915868014,1
2016-05-04,174.64999389648438,205.009994506836,205.8500061035156,204.4199981689453,204.9900054931641,92243800,-0.0055782360052639,-0.0055938524656738,207.45800018310547,204.0159994506836,201.42884994506835,45.152296897543394,0.7984919165603515,1.9586646084724613,1.9612851408745136,90103350.0,-0.1332270270930567,1
2016-05-05,174.61587524414062,204.97000122070312,205.97999572753903,204.47000122070312,205.5599975585937,67619200,-0.000195079689793,-0.0001950987203107,207.5090003967285,204.2513995361328,201.39494995117187,45.02225877366734,0.5576530940739417,1.8739629500702075,1.929050095586042,87791360.0,-0.2669512747740228,1
2016-05-06,175.25482177734375,205.72000122070312,205.7700042724609,203.8800048828125,204.0599975585937,89315000,0.003659072037534,0.0036523939189663,207.57000045776368,204.4549996948242,201.36669998168944,48.04418505060945,0.4224357477489775,1.7887811219384178,1.9262607594476395,87505080.0,0.3208526572334484,1
2016-05-09,175.399658203125,205.88999938964844,206.3999938964844,205.3600006103516,205.57000732421875,74374900,0.000826357028663,0.0008260157836741,207.66350021362305,204.67099975585936,201.3452500152588,48.73206157758465,0.3252432562962895,1.6357857717180766,1.862955939925152,87035950.0,-0.1672742540446733,1
2016-05-10,177.5806121826172,208.4499969482422,208.47000122070312,206.63999938964844,206.72000122070312,77472200,0.0124338120655822,0.0123571470623683,207.79000015258788,204.96879974365237,201.3475,57.79416159764465,0.4496051465126811,1.5910744428440666,1.9141735035772616,85142030.0,0.0416444257404042,1
2016-05-11,175.91937255859375,206.5,208.5399932861328,206.5,207.9100036621093,81727000,-0.0093547468303699,-0.0093987772854794,207.7150001525879,205.1365997314453,201.34605003356933,50.47533774541253,0.3863606584006334,1.615815587258503,1.9231606309026577,84411560.0,0.0549203456207516,1
2016-05-12,175.97047424316406,206.5599975585937,207.4900054931641,205.3699951171875,207.2899932861328,89586300,0.0002905450779355,0.0002905028778882,207.6425003051758,205.2877996826172,201.33220001220704,50.68227785111107,0.3371932930906496,1.634306951039794,1.9372213269793677,85630230.0,0.0961652819753569,1
2016-05-13,174.43701171875,204.759994506836,206.8600006103516,204.3800048828125,206.2100067138672,96474600,-0.0087141899352854,-0.008752380516923,207.49150009155272,205.387399597168,201.3021499633789,44.65382148031747,0.1512392073874764,1.7559243712121009,1.975990927019348,86665880.0,0.0768901048486208,1
2016-05-16,176.15789794921875,206.77999877929688,207.33999633789065,204.88999938964844,204.9600067138672,77486800,0.0098652291788055,0.0098168854931038,207.36849975585935,205.51439971923827,201.28194992065428,51.609980811801286,0.1649651026324079,1.7126237009057774,2.0191345630218698,86413670.0,-0.1968165714084329,1
2016-05-17,174.5137176513672,204.8500061035156,206.8000030517578,204.22999572753903,206.4600067138672,114924900,-0.0093335558911634,-0.0093773864672286,207.11600036621093,205.5995999145508,201.25369995117188,45.69999919386947,0.0198795352818876,1.691896284842301,2.0584826173930777,87744110.0,0.4831545501943557,1
2016-05-18,174.56478881835938,204.9100036621093,206.3000030517578,203.6300048828125,204.44000244140625,120062100,0.0002928853151382,0.0002928424326072,206.85650024414065,205.72980010986328,201.22930000305172,45.90737262332858,-0.0892319106494596,1.605960487908625,2.102162299646809,89692200.0,0.0447004957150278,1
2016-05-19,173.95993041992188,204.1999969482422,204.5399932861328,202.77999877929688,204.0599975585937,115430500,-0.0034649685285151,-0.0034709854349152,206.6180000305176,205.82619995117187,201.2033999633789,43.77673214626694,-0.2303399105833534,1.6295874361802538,2.104151055587212,91178975.0,-0.0385767032227488,1
2016-05-20,175.05892944335938,205.4900054931641,206.1000061035156,204.8600006103516,204.9199981689453,104990400,0.0063173778854113,0.0062975068981848,206.44400024414065,205.9452001953125,201.1804999542236,48.45741035930866,-0.2353629905881291,1.5490318299786745,2.0895694912790828,91465910.0,-0.0904448997448681,1
2016-05-23,174.82040405273438,205.2100067138672,205.83999633789065,204.9900054931641,205.509994506836,58682600,-0.0013625907431601,-0.0013635199140758,206.2740005493164,205.99420043945312,201.1647999572754,47.53243325643989,-0.2589523377655496,1.484014418942903,2.001028159382474,91091715.0,-0.4410669927917219,1
2016-05-24,177.08648681640625,207.8699951171875,208.2400054931641,206.13999938964844,206.1699981689453,93537800,0.0129622743350388,0.012878983047929,206.2215003967285,206.10160034179688,201.1643999481201,56.10472336407076,-0.0622901891323977,1.401774196361909,2.0745260608049336,91975395.0,0.5939614127526729,1
2016-05-25,178.28765869140625,209.27999877929688,209.7700042724609,207.8699951171875,208.6699981689453,76621400,0.0067831033589742,0.0067602016183051,206.2180000305176,206.2438003540039,201.1579499053955,59.8494696883763,0.2049786261659107,1.393614505363607,2.062060567552682,91939995.0,-0.18085095009718,1
2016-05-26,178.33877563476562,209.33999633789065,209.7100067138672,208.97000122070312,209.44000244140625,55280700,0.0002866855836378,0.0002866444971783,206.3125,206.3638003540039,201.16129989624025,60.0058202437754,0.4168274619009651,1.5381380756404293,1.967628062239209,89843220.0,-0.2785214052470981,1
2016-05-27,179.1055450439453,210.2400054931641,210.25,209.47000122070312,209.52999877929688,64211200,0.0042992699484945,0.0042900544911671,206.50800018310548,206.4760003662109,201.16789993286133,62.372869391925335,0.6498513260810057,1.7712929073333763,1.8920834622299327,85932575.0,0.1615482437812836,1
2016-05-31,178.76475524902344,209.83999633789065,210.69000244140625,209.17999267578125,210.5599975585937,109879400,-0.0019026310160862,-0.0019044433176034,206.60149993896485,206.5852001953125,201.17379989624024,60.65463594329379,0.793104605276227,1.897394334655496,1.8647924839010093,88317145.0,0.7112186036080932,1
2016-06-01,179.13107299804688,210.2700042724609,210.47999572753903,208.88999938964844,209.1199951171875,69936200,0.0020492181761089,0.0020471213925649,206.80699996948243,206.6972003173828,201.1780499267578,61.870645857209226,0.930604478568398,2.062451272713344,1.8451641877574083,86492850.0,-0.3635185485177385,1
2016-06-02,179.67628479003906,210.9100036621093,210.92999267578125,209.2400054931641,209.8000030517578,63044700,0.003043702747155,0.0030390800616269,207.10200042724608,206.82420043945316,201.1796499633789,63.67031611899367,1.0787812026459846,2.2086588579037243,1.8340801159616764,85032895.0,-0.0985398120000801,1
2016-06-03,179.1395721435547,210.27999877929688,210.69000244140625,208.8600006103516,210.25,101757100,-0.0029870791895757,-0.002991549414782,207.36750030517575,206.9656002807617,201.1811499786377,60.63631770047569,1.132323474987885,2.2574992483143816,1.849503182804252,86739790.0,0.6140468588160464,1
2016-06-06,180.05113220214844,211.3500061035156,211.7700042724609,210.509994506836,210.6999969482422,64887000,0.0050884883509143,0.0050755857453942,207.6490005493164,207.1302005004883,201.19629997253415,63.79211446120406,1.2467252871593644,2.388470174533749,1.8238247764013789,85518390.0,-0.3623344218732648,1
2016-06-07,180.3321990966797,211.67999267578125,212.33999633789065,211.5,211.52999877929688,60974800,0.0015613274792338,0.0015601098747066,207.93850021362303,207.2990002441406,201.2348499298096,64.73118533965223,1.3484723561678038,2.511757793483161,1.7642651662566418,84848385.0,-0.0602925085148026,1
2016-06-08,180.92007446289065,212.3699951171875,212.5200042724609,211.69000244140625,211.83999633789065,66170900,0.00325964883447,0.0032543476959841,208.1345001220703,207.44400024414065,201.30754989624023,66.67732544899167,1.467864444236227,2.6996862969603126,1.698247054144,84283320.0,0.0852171716840399,1
2016-06-09,180.6730194091797,212.0800018310547,212.22000122070312,211.19000244140625,211.509994506836,73786900,-0.001365509689694,-0.0013664428476379,208.41350021362305,207.5652001953125,201.42044990539551,65.05263680988777,1.5215440864873813,2.8080372242503238,1.6612288842609464,83886315.0,0.1150959107402196,1
2016-06-10,178.960693359375,210.07000732421875,210.8600006103516,209.42999267578125,210.4600067138672,113829200,-0.0094775296561772,-0.0095227272413637,208.5890007019043,207.6562002563477,201.5344499206543,55.04168631064153,1.3859198103669144,2.795757342928638,1.7318560464761243,85098460.0,0.5426749192607361,1
2016-06-13,177.5806121826172,208.4499969482422,210.3699951171875,208.3500061035156,209.3600006103516,117751200,-0.0077117642666439,-0.0077416536866318,208.77350082397464,207.6868002319336,201.60439987182616,48.55593437413805,1.1346359194781712,2.647602202102983,1.7524369727043942,86162290.0,0.0344551310208627,1
2016-06-14,177.2313232421875,208.0399932861328,208.7400054931641,206.9199981689453,208.0,125059300,-0.0019669161339022,-0.001968853053697,208.8365005493164,207.72260009765623,201.6482498168945,47.04503000866027,0.8921239074799701,2.612427330534055,1.757263426383993,88540915.0,0.0620639110259597,1
2016-06-15,176.98426818847656,207.75,209.3600006103516,207.52999877929688,208.0399932861328,109124500,-0.0013939304724642,-0.0013949028973121,208.98150024414065,207.79380004882813,201.69059982299805,45.95579930411731,0.66882159710633,2.455269326382136,1.762459026717616,88250895.0,-0.1274179529231333,1
2016-06-16,177.5124053955078,208.3699951171875,208.57000732421875,205.58999633789065,207.75,149533100,0.0029843326940433,0.0029798884131752,209.1544998168945,207.83279998779295,201.74409980773925,48.69097301428011,0.53570604593844,2.2680489980751464,1.8494270238326505,89724445.0,0.3702981456959711,1
2016-06-17,176.85133361816406,206.5200042724609,207.1999969482422,205.75,207.1699981689453,117055700,-0.0088783936654898,-0.0089180414494049,209.27050018310547,207.8842001342773,201.8178498077393,41.8800091434489,0.2777307057467908,2.050176183631401,1.904467601929425,89805705.0,-0.2171920464432289,1
2016-06-20,177.99029541015625,207.8500061035156,209.6100006103516,207.75,208.82000732421875,82789600,0.0064400629650385,0.0064194143643197,209.38850021362305,207.95120025634765,201.8800498199463,47.55932165723779,0.1785452638489175,1.8821657245688097,1.9891482259266584,88695665.0,-0.2927332885113668,1
2016-06-21,178.49551391601562,208.44000244140625,208.9199981689453,207.77999877929688,208.3000030517578,72461700,0.0028385678160471,0.0028345466901191,209.55,208.03960021972657,201.9444998168945,49.89818809803496,0.1458664031185037,1.625886073507603,1.928494737621071,89384620.0,-0.124748760713906,1
2016-06-22,178.20437622070312,208.1000061035156,209.5,207.92999267578125,208.6499938964844,95560500,-0.0016311472553653,-0.0016324790244544,209.5615005493164,208.083200378418,202.02204986572264,48.55426592040826,0.0914787969239796,1.6141483920137356,1.9028884938066195,89485755.0,0.318772537768228,1
2016-06-23,180.52500915527344,210.8099975585937,210.8699951171875,209.2700042724609,209.8099975585937,102731400,0.0130225438519693,0.0129384795618291,209.63800048828125,208.13940032958985,202.08894989013672,58.21460232638974,0.2640065856732576,1.6362100354138014,1.9648242452255684,90791255.0,0.0750404194201579,1
2016-06-24,174.0425567626953,203.2400054931641,210.8500061035156,202.72000122070312,203.6300048828125,333444400,-0.0359090752483195,-0.0365696685376433,209.33300094604493,208.0440005493164,202.13119995117188,37.20071636852386,-0.2077047028414824,2.1746327141598942,2.40519429076749,104699440.0,2.2457885320359696,1
2016-06-27,170.92547607421875,199.6000061035156,201.6000061035156,198.6499938964844,201.58999633789065,230775800,-0.0179098567765534,-0.0180721792973996,208.8010009765625,207.88040069580077,202.14994995117183,31.342122308739874,-0.865282390705687,3.061643636607585,2.561252669761218,113027670.0,-0.3079032066515437,1
2016-06-28,174.00828552246094,203.1999969482422,203.22999572753903,201.1199951171875,201.47999572753903,159382400,0.0180360257246665,0.017875306229735,208.46900100708007,207.7596005249023,202.1822499084473,41.20429250906714,-1.083439060071754,3.2942280348295845,2.6375910236370905,115502820.0,-0.3093625934781723,2
2016-06-29,176.9712371826172,206.6600036621093,206.92999267578125,204.72000122070312,204.83999633789065,137328600,0.0170275923515315,0.0168842478208305,208.2885009765625,207.6948007202148,202.23549995422363,48.81439015363823,-0.96600071205782,3.289249490269684,2.71561993105866,118872440.0,-0.1383703595880097,2
2016-06-30,179.3861083984375,209.47999572753903,209.5399932861328,206.5599975585937,207.2100067138672,165021900,0.013645562834889,0.013553300509067,208.217000579834,207.68240051269527,202.290599899292,54.03614720529886,-0.638025423214259,3.244503199763018,2.7345039165215503,123971300.0,0.2016571930391775,2
2016-07-01,179.76287841796875,209.9199981689453,210.4900054931641,209.2899932861328,209.47999572753903,106055300,0.0021004508801811,0.0020982480173619,208.1990005493164,207.7014004516601,202.3392999267578,54.81077934946875,-0.3386938719771706,3.233435344773141,2.6248973658436734,124186210.0,-0.3573259064402967,2
2016-07-05,178.46986389160156,208.4100036621093,209.0800018310547,207.7100067138672,208.9499969482422,109803700,-0.0071931903582656,-0.0072191860885357,208.0520004272461,207.69020050048823,202.38269996643064,51.597052598122765,-0.2207704933825596,3.1483536553250726,2.5952612293604203,126432045.0,0.0353438253439479,1
2016-07-06,179.5402374267578,209.6600036621093,209.8000030517578,207.0599975585937,207.8300018310547,96021500,0.0059977927068539,0.0059798775467645,207.9510009765625,207.7112005615234,202.45375,54.00145100659204,-0.0261493791744555,3.0569146201952653,2.605600105346398,128184380.0,-0.1255167175605194,1
2016-07-07,179.42892456054688,209.52999877929688,210.6499938964844,208.6300048828125,209.8699951171875,85593800,-0.0006200747903351,-0.0006202671162163,207.809001159668,207.72340057373043,202.51909996032717,53.70266189196081,0.116258789501245,2.9029228355528325,2.5637707416553632,129155525.0,-0.1085975536728753,1
2016-07-08,182.10069274902344,212.6499938964844,212.94000244140625,210.77999877929688,211.0500030517578,133971000,0.0148904459283365,0.0147806716223705,207.83750076293944,207.7894003295898,202.61279991149905,59.494918409498446,0.4753957539145403,2.9494850414900613,2.624215950259221,132164730.0,0.565195142638836,1
2016-07-11,182.7429656982422,213.3999938964844,214.07000732421875,212.9499969482422,213.19000244140625,73633900,0.0035269222738143,0.0035207172688849,208.00400009155277,207.90840026855463,202.71179985046388,60.76563989036904,0.8111823128832043,3.168035934600698,2.5382014843645875,130154965.0,-0.4503743347440864,1
2016-07-12,184.0703125,214.9499969482422,215.3000030517578,213.42999267578125,214.52999877929688,101275600,0.0072633697098869,0.0072371184784051,208.32900009155276,208.0808001708984,202.82204986572265,63.32629793550877,1.1886656744617312,3.529037748023106,2.492616318000932,129331185.0,0.3753936705783613,2
2016-07-13,184.0445556640625,214.9199981689453,215.4499969482422,214.3500061035156,215.44000244140625,87324100,-0.0001395616642139,-0.0001395714038491,208.67300033569336,208.2198001098633,202.93239982604985,63.24027100103643,1.4684756343362153,3.8225029584216665,2.3931430699099074,127444425.0,-0.1377577619880801,2
2016-07-14,185.0721740722656,216.1199951171875,216.6699981689453,215.6600036621093,216.3999938964844,91230900,0.0055834587682197,0.0055679290418858,209.09150009155277,208.4189999389648,203.0729498291016,65.27255510570528,1.7666914490909278,4.159466117174487,2.347204279202057,126549745.0,0.0447390811929353,2
2016-07-15,184.82383728027344,215.8300018310547,217.009994506836,215.3099975585937,216.77999877929688,107155400,-0.0013418160868251,-0.0013427171281419,209.4645004272461,208.6354000854492,203.2114998626709,64.34672551802117,1.957069714758944,4.417824306596961,2.300975184133503,124430860.0,0.1745516047742596,2
2016-07-18,185.32052612304688,216.4100036621093,216.6000061035156,215.6699981689453,215.97000122070312,58725900,0.0026873086509475,0.0026837042929591,209.95900039672853,208.8642001342773,203.3353998565674,65.40368039616145,2.130191639172608,4.6197836225179,2.2030489520218444,121514370.0,-0.4519557577126304,2
2016-07-19,185.1321716308593,216.19000244140625,216.22999572753903,215.6300048828125,215.9199981689453,54345700,-0.0010165945057076,-0.0010171115883741,210.37600021362303,209.07360015869136,203.45569984436037,64.62113059364935,2.224002831415873,4.792567525620323,2.101402511112914,120092175.0,-0.0745871923631651,2
2016-07-20,185.9028167724609,217.08999633789065,217.3699951171875,216.19000244140625,216.19000244140625,58159500,0.0041629764851329,0.0041543352723342,210.8084999084473,209.2976000976562,203.5661498260498,66.39263957760247,2.34395125205063,4.994701946363664,2.035587522874938,119377065.0,0.070176665311147,2
2016-07-21,185.2006378173828,216.2700042724609,217.22000122070312,215.75,216.9600067138672,67777300,-0.0037771987620907,-0.003784350391766,211.2169998168945,209.4540002441406,203.6551498413086,63.28346963678147,2.3458037672481,5.09462333120304,1.9951885012912367,117987905.0,0.165369372157601,2
2016-07-22,186.03128051757807,217.2400054931641,217.3000030517578,216.1000061035156,216.4100036621093,62787500,0.0044851398785805,0.0044751116129839,211.53850021362305,209.66880035400388,203.7523999023437,65.35059861508519,2.3979013763364208,5.267538360893015,1.9383891046448785,115990710.0,-0.0736205189643139,2
2016-07-25,185.52606201171875,216.6499938964844,217.0599975585937,215.97000122070312,217.0,55873100,-0.0027159435728252,-0.0027196384391192,212.20899963378903,209.8706002807617,203.83859985351563,63.02625468147385,2.3643256278661227,5.00243735793756,1.890647330917456,102112145.0,-0.1101238303802508,2
2016-07-26,185.6116943359375,216.75,217.1699981689453,215.759994506836,216.52999877929688,70080500,0.0004616021524717,0.0004614956469723,213.06649932861328,210.11040039062496,203.9162998199463,63.26475251211556,2.319053655095871,4.1192172405923655,1.8563156402883032,94077380.0,0.2542797875900926,2
2016-07-27,185.41473388671875,216.5200042724609,217.2700042724609,215.6199951171875,217.19000244140625,84083900,-0.0010611106230177,-0.0010616739994666,213.7324996948242,210.30520050048824,203.99224983215333,62.26992615313931,2.2388089613542945,3.464851787276909,1.8415794627872395,90312455.0,0.199818779831765,2
2016-07-28,185.6287536621093,216.7700042724609,217.1100006103516,215.75,216.2899932861328,65035700,0.0011546277252305,0.0011539616552978,214.2379997253418,210.5436004638672,204.0684998321533,62.95188244394254,2.170368714561249,3.0966398475007013,1.80718097332755,86697810.0,-0.2265380173850166,1
2016-07-29,185.9285125732422,217.1199951171875,217.5399932861328,216.1300048828125,216.4600067138672,79519400,0.0016145723016487,0.0016132702810726,214.61999969482423,210.7878002929687,204.15284980773924,63.93467111224541,2.1199333895641246,2.946391230849192,1.7788100754698903,82422685.0,0.2227038380458732,1
2016-08-01,185.77444458007807,216.94000244140625,217.6499938964844,216.4100036621093,217.19000244140625,73311400,-0.0008290009203625,-0.0008293447316518,214.97099990844723,211.042600402832,204.24109985351564,63.008952308703485,2.041901358640075,2.7698715514669323,1.7403229439631185,80785490.0,-0.0780689995145839,1
2016-08-02,184.58409118652344,215.5500030517578,216.8300018310547,214.57000732421875,216.6499938964844,92295500,-0.0064072986724699,-0.0064279135147553,215.3279998779297,211.24380035400387,204.30709983825685,56.237064525821374,1.8466124787289004,2.3000134227547027,1.78529952776486,79910080.0,0.2589515409608873,1
2016-08-03,185.1235809326172,216.17999267578125,216.25,215.1300048828125,215.47999572753903,53993600,0.0029227075625333,0.0029184447567219,215.65399932861328,211.46320007324212,204.37164978027343,58.418350840711085,1.7228199362279213,1.8776436932930545,1.7377777841521915,77808685.0,-0.4149920635350586,1
2016-08-04,185.32052612304688,216.4100036621093,216.77999877929688,214.25,216.3099975585937,46585500,0.0010639790643023,0.0010634134397505,215.9979995727539,211.6340002441406,204.43684982299808,59.21759402229944,1.6245466561268245,1.2071455544984195,1.7943649980910976,75858270.0,-0.1372032981686718,1
2016-08-05,186.83624267578125,218.17999267578125,218.22999572753903,216.4100036621093,216.4100036621093,71892200,0.0081788687385981,0.0081456030523742,216.27449951171877,211.8120001220703,204.5121997833252,64.82117033878845,1.6702342735926266,1.01850548337244,1.7961955029009988,72754330.0,0.5432312629466249,1
2016-08-08,186.7249450683593,218.0500030517578,218.5200042724609,217.7400054931641,218.3999938964844,39906500,-0.0005957907616973,-0.00059596831554,216.5069999694824,211.9862002563476,204.5931997680664,64.12432237310834,1.6766258640087983,0.8434957337740497,1.7236100226435571,71067960.0,-0.4449119654148851,1
2016-08-09,186.83624267578125,218.17999267578125,218.759994506836,217.8000030517578,218.1300048828125,51251700,0.000596145939941,0.00059596831554,216.6684997558594,212.14499999999995,204.65779975891112,64.53491099121865,1.6728962155217744,0.8388971009036642,1.6690658392460305,68566765.0,0.2842945384837056,1
2016-08-10,186.3738555908203,217.63999938964844,218.3999938964844,217.22999572753903,218.3099975585937,57941100,-0.0024749899361086,-0.0024780577866787,216.8044998168945,212.30100006103515,204.7084497833252,61.3916499154693,1.6078333944171277,0.756997252973062,1.633418148510269,67097615.0,0.1305205485866809,1
2016-08-11,187.2387237548828,218.6499938964844,218.94000244140625,217.9499969482422,218.259994506836,72504300,0.0046406658227733,0.0046299311310669,216.93099975585935,212.4685998535156,204.76669975280765,64.84100227074993,1.6191047243600565,0.8430867159583769,1.6096027844565222,66161285.0,0.2513449002521526,1
2016-08-12,187.0760192871093,218.4600067138672,218.7100067138672,217.9900054931641,218.2899932861328,61313500,-0.0008689100751,-0.000869287796279,217.0625,212.61959991455075,204.82599975585936,63.68832919869965,1.5943285298403396,0.867086123474384,1.5460598156169918,63869190.0,-0.1543467077125081,1
2016-08-15,187.61553955078125,219.08999633789065,219.5,218.8800048828125,218.88999938964844,49813500,0.002883775540887,0.002879625436933,217.19649963378907,212.7957998657226,204.8766997528076,65.85586519354428,1.607003577875588,0.9627482716572534,1.5099122063681218,63423570.0,-0.1875606514062971,1
2016-08-16,186.6478881835937,217.9600067138672,218.67999267578125,217.9600067138672,218.6000061035156,53213600,-0.0051576504765682,-0.0051709970669316,217.2849998474121,212.9279998779297,204.92234977722168,59.0474367445951,1.508479117549456,0.946574465717794,1.4827748790577893,63366965.0,0.06825659710721,1
2016-08-17,186.9989624023437,218.3699951171875,218.52999877929688,217.0200042724609,218.0,75134300,0.0018810258335995,0.0018792589198994,217.34899978637696,213.06179992675777,204.97454978942872,60.6375087640939,1.4468025712049837,0.975524951440816,1.484719138184802,64215705.0,0.4119379256430686,1
2016-08-18,187.41856384277344,218.8600006103516,218.8999938964844,218.2100067138672,218.33999633789065,52989300,0.0022439231768134,0.0022414093410688,217.47849960327147,213.19160003662105,205.01689979553225,62.51100803250625,1.4210814694359044,0.9964362235982096,1.4279525699299744,63476305.0,-0.294738887565333,1
2016-08-19,187.14450073242188,218.5399932861328,218.75,217.7400054931641,218.3099975585937,75443000,-0.0014621553656508,-0.0014632253579313,217.54349899291992,213.32079986572265,205.0545997619629,60.48625841963325,1.3592072986599248,1.0221290677430297,1.4059556090197975,64109080.0,0.423740264543974,1
2016-08-22,187.135971069336,218.52999877929688,218.8000030517578,217.8300018310547,218.259994506836,61368800,-4.573307926691861e-05,-4.573412505607312e-05,217.63749923706052,213.48999969482415,205.0954497528076,60.42043433936706,1.294443559772617,1.0220803950399315,1.374816009854321,64383865.0,-0.1865540871916546,1
2016-08-23,187.5127716064453,218.97000122070312,219.6000061035156,218.8999938964844,219.25,53399200,0.0020134647136049,0.0020114404103152,217.7484992980957,213.7003997802734,205.1395497894287,62.36234410858126,1.2640511550041822,1.0409966053386797,1.3530439608803495,63549800.0,-0.1298640351448944,1
2016-08-24,186.5536956787109,217.8500061035156,218.9100036621093,217.3600006103516,218.8000030517578,71728900,-0.0051148335888195,-0.0051279591258946,217.81499938964845,213.89660003662107,205.17859985351564,54.96929012373636,1.1364899606663244,1.0000648156419107,1.3713980072711485,62932050.0,0.343257951429984,1
2016-08-25,186.4252471923828,217.6999969482422,218.19000244140625,217.22000122070312,217.3999938964844,69224800,-0.0006885891717722,-0.0006888263581849,217.8614990234375,214.0955999755859,205.2266998291016,54.0451360543742,1.0116308591471466,0.9700903246590789,1.3427268082305752,63141505.0,-0.0349106148288904,1
2016-08-26,186.0741424560547,217.2899932861328,219.1199951171875,216.25,217.9199981689453,122506300,-0.001883342525755,-0.0018851182451652,217.8699989318848,214.2739999389648,205.27034980773925,51.49678630427548,0.8695713751202732,0.96397683194102,1.4518174017274983,65290850.0,0.769688030879107,1
2016-08-29,186.99044799804688,218.3600006103516,218.6699981689453,217.3999938964844,217.44000244140625,70502200,0.0049243285806068,0.0049122437315626,217.94099884033204,214.51079986572265,205.3234497833252,57.17236568351024,0.8337182738959541,0.9439604070217632,1.4466879360907128,65150390.0,-0.4245014338038125,1
2016-08-30,186.68214416503903,218.0,218.58999633789065,217.3500061035156,218.259994506836,58114500,-0.0016486563901141,-0.0016500169196298,218.06349868774413,214.71379974365232,205.3892498016357,54.846987281971806,0.7674091769668507,0.7579980479773288,1.4319238145395945,63441340.0,-0.1757065736955726,1
2016-08-31,186.1511688232422,217.3800048828125,217.75,216.47000122070312,217.6100006103516,85269500,-0.0028440142990252,-0.0028480661919428,218.1234992980957,214.89259979248044,205.46344985961915,50.9997807944547,0.657253901626035,0.6392523261567502,1.4389291691651145,65005135.0,0.4672672052585844,1
2016-09-01,186.15977478027344,217.38999938964844,217.72999572753903,216.02999877929688,217.3699951171875,97844200,4.597712122289544e-05,4.597606430745329e-05,218.17249908447263,215.0783996582031,205.52229988098145,51.05937719011629,0.5642571206180094,0.5290588681446434,1.4575768676706176,67568070.0,0.1474700801576178,1
2016-09-02,186.9989624023437,218.3699951171875,218.8699951171875,217.6999969482422,218.38999938964844,79293900,0.0045080074073808,0.0044978767765507,218.18199920654297,215.229599609375,205.58679985046388,56.62949007306023,0.5631424115337325,0.5309031984283549,1.459178214804078,67938155.0,-0.1895901852128179,1
2016-09-06,187.5641632080078,219.02999877929688,219.1199951171875,217.8600006103516,218.6999969482422,56702100,0.0030224100236626,0.0030178517248761,218.23099899291992,215.54539947509767,205.63829986572264,59.936603681363664,0.608501351404783,0.5623712308815104,1.444950807092066,68777935.0,-0.2849122063613972,1
2016-09-07,187.54705810546875,219.009994506836,219.22000122070312,218.3000030517578,218.83999633789065,76554900,-9.133119925297528e-05,-9.133537020091416e-05,218.27249908447263,215.93359924316405,205.69059982299805,59.78779501586409,0.6355087116042455,0.5884302865061278,1.4074541900815836,70043095.0,0.3501245985598418,1
2016-09-08,187.1188507080078,218.509994506836,218.94000244140625,218.1499938964844,218.6199951171875,74102900,-0.0022830008334819,-0.0022856108530928,218.31599884033204,216.23979919433597,205.73659980773925,56.0425041504808,0.6095400198904031,0.5711142145873197,1.3683503629580127,70851185.0,-0.0320293018474323,1
2016-09-09,182.64019775390625,213.27999877929688,217.02999877929688,213.25,216.97000122070312,221589100,-0.0239348124068324,-0.0242259042326651,218.04749908447263,216.37219909667968,205.75764976501463,32.85698774110864,0.1650402174061582,1.256669763915557,1.6463249446635828,78305425.0,1.990289178966005,1
2016-09-12,185.26055908203125,216.33999633789065,216.8099975585937,212.3099975585937,212.38999938964844,168110900,0.0143473254693717,0.0142453765676569,217.94149856567384,216.50939910888675,205.7925997161865,46.740535674524494,0.059006955548142,1.308390733141016,1.8501588771876123,83645295.0,-0.2413394882690529,1
2016-09-13,182.597396850586,213.22999572753903,215.1499938964844,212.5,214.83999633789065,182828800,-0.0143755230793951,-0.0144798519733024,217.64849853515625,216.5755990600586,205.8121496582031,38.11445631080941,-0.2728311980786202,1.6493710348926889,1.992290124380687,90296060.0,0.0875487550182647,1
2016-09-14,182.52891540527344,213.1499938964844,214.6999969482422,212.5,213.2899932861328,134185500,-0.0003751903233955,-0.0003752607248947,217.40799789428712,216.6703988647461,205.83009963989255,37.92058260953836,-0.5360910804847947,1.92860417042859,2.00712632608508,94344655.0,-0.2660592860643399,1
2016-09-15,184.3528747558593,215.27999877929688,215.72999572753903,212.75,212.9600067138672,134427900,0.0099929858963396,0.0099433861719644,217.25349807739255,216.78279876708984,205.86304962158204,45.822198361642414,-0.566324603621581,1.9707907120829944,2.076616997617505,97309335.0,0.0018064544976916,1
2016-09-16,183.6402282714844,213.3699951171875,213.69000244140625,212.57000732421875,213.47999572753903,155236400,-0.0088721835420831,-0.0089117757158042,216.9789978027344,216.8595986938477,205.87649963378905,40.8064537753928,-0.7359229597104502,2.112494676711941,2.1218580302932635,102421690.0,0.1547930154380155,1
2016-09-19,183.67466735839844,213.4100036621093,214.8800048828125,213.02999877929688,214.1300048828125,80250500,0.0001875078307043,0.0001874902533082,216.7224983215332,216.87479888916016,205.90089965820312,40.95225663338518,-0.8572210133508804,2.2216069814804,2.1024400355234323,102662065.0,-0.483043281086137,1
2016-09-20,183.68328857421875,213.4199981689453,214.58999633789065,213.3800048828125,214.4100036621093,69665300,4.683241958902684e-05,4.683132298550216e-05,216.4669982910156,216.87519897460936,205.93994964599608,40.991358778981855,-0.9416889179272232,2.295407979609279,2.0386937083487693,103076890.0,-0.1319019819191157,1
2016-09-21,185.74884033203125,215.82000732421875,216.02999877929688,213.44000244140625,214.2400054931641,110284400,0.0112454745378338,0.0111827142634522,216.30949859619145,216.8925991821289,205.97094970703125,49.61913913105288,-0.8056822562153627,2.221503860379316,2.079501344206112,105921150.0,0.5830607203299203,1
2016-09-22,186.91940307617188,217.17999267578125,217.52999877929688,216.7100067138672,217.0,76678700,0.0063014794986984,0.0062817081922799,216.2759979248047,216.9377990722656,206.01509963989255,53.74616532370815,-0.5814539062456276,2.2020165314970006,2.05310778069697,106168640.0,-0.3047185277337502,1
2016-09-23,185.89520263671875,215.9900054931641,216.8800048828125,215.8800048828125,216.72000122070312,73630900,-0.0054792670722373,-0.0054943333159131,216.1904983520508,216.9351992797852,206.0602996826172,49.89475926694394,-0.4940779211932522,2.176869725185064,1.99931349585924,106388945.0,-0.0397476743867593,1
2016-09-26,184.38905334472656,214.2400054931641,215.22999572753903,214.009994506836,215.0200042724609,89827300,-0.0081022267488918,-0.0081352281655567,216.0379989624024,216.9033993530273,206.10479972839357,44.80940249818847,-0.5595915748280902,2.202473325171549,1.997934745178444,104754995.0,0.2199674321514473,1
2016-09-27,185.53370666503903,215.57000732421875,215.67999267578125,213.6199951171875,214.0500030517578,78494800,0.0062079994256585,0.0061888091783015,215.8984992980957,216.88659942626956,206.1532997894287,49.05886486016096,-0.4984458118102566,2.134984378190723,2.0023678032795376,105154625.0,-0.1261587512927584,1
2016-09-28,186.45465087890625,216.63999938964844,216.82000732421875,214.7100067138672,215.8300018310547,87411000,0.0049635479383753,0.0049512701451568,215.8304992675781,216.8955993652344,206.2270997619629,52.24456364952224,-0.3595038006729965,2.085615455168431,2.0100558609275394,106619450.0,0.1135896900176827,1
2016-09-29,184.76768493652344,214.67999267578125,216.8699951171875,214.0399932861328,216.3999938964844,128070600,-0.0090472983723652,-0.009088473714841,215.69549865722652,216.8473992919922,206.28599975585936,46.507134223841966,-0.4029030021625601,2.067343059405005,2.068623430222336,108759505.0,0.465154271201565,1
2016-09-30,186.1619873046875,216.3000030517578,217.1199951171875,215.3600006103516,215.6499938964844,117202900,0.0075461637378717,0.0075178338762104,215.64099884033203,216.84799926757813,206.34234977722167,51.2704919461593,-0.3030821414036779,2.034426434237084,2.095150502449758,109727440.0,-0.0848571022545376,1
2016-10-03,185.7144775390625,215.77999877929688,216.0399932861328,215.0399932861328,215.82000732421875,83512100,-0.0024040881420446,-0.0024069826018969,215.5114990234375,216.8187991333008,206.3810997772217,49.73943282684093,-0.2629028090806287,1.9313946919063592,2.035497592676561,109938350.0,-0.2874570509774076,1
2016-10-04,184.76768493652344,214.67999267578125,216.1699981689453,213.9900054931641,215.9100036621093,119948100,-0.0050978130954608,-0.0051108512743136,215.2939987182617,216.7793991088867,206.43019973754883,46.571215836744194,-0.3161770064403697,1.750802196313948,2.04581867004118,113100650.0,0.4362960576970283,1
2016-10-05,185.5853576660156,215.6300048828125,216.1300048828125,215.3300018310547,215.4100036621093,72816000,0.0044252479944231,0.0044154853752615,215.1249992370605,216.75699920654296,206.50824974060055,49.55943733931742,-0.2785284436235713,1.521320707922577,2.00326106554047,112913705.0,-0.3929374454451551,1
2016-10-06,185.7144775390625,215.77999877929688,216.0399932861328,214.7400054931641,215.3699951171875,62927400,0.0006956077219675,0.0006953658990521,214.9884994506836,216.74219909667968,206.57879974365235,50.034593110343216,-0.2338922679806216,1.3093209332972269,1.9530272603567735,112354930.0,-0.1358025708635465,1
2016-10-07,185.0775451660156,215.0399932861328,216.3000030517578,214.19000244140625,216.1000061035156,89788300,-0.0034294443291796,-0.003435338352725,215.07649917602535,216.7075988769531,206.636499710083,47.649734633855886,-0.255287243578465,1.2460654468490542,1.9642396424992583,105764890.0,0.4268553920867539,1
2016-10-10,186.0414886474609,216.1600036621093,216.6999969482422,215.9900054931641,216.1600036621093,51855000,0.0052083817473256,0.0051948650402454,215.06749954223636,216.6883990478516,206.68719970703123,51.423623779009816,-0.1797948754524441,1.2370771980325077,1.9425085010428385,99952095.0,-0.422474865878962,1
2016-10-11,183.69189453125,213.42999267578125,215.7400054931641,212.5800018310547,215.6600036621093,130367400,-0.0126295842897721,-0.0127100154147984,215.07749938964844,216.61819885253905,206.72594970703125,43.24099320461938,-0.3363781429188748,1.2221604773093284,2.0594723103293946,97329025.0,1.5140757882557132,1
2016-10-12,183.932861328125,213.7100067138672,214.32000732421875,213.009994506836,213.58999633789065,73866100,0.0013119713615477,0.0013111114791328,215.1055000305176,216.5813989257813,206.76844970703124,44.22138149050576,-0.4328866697427429,1.1814114325892342,2.0059394894046347,94313055.0,-0.4334005280461219,1
2016-10-13,183.3303680419922,213.009994506836,213.58999633789065,211.2100067138672,212.1600036621093,101357000,-0.0032755237707161,-0.0032809000419821,214.9919998168945,216.51799896240237,206.796499710083,42.25636606249301,-0.5594070116073055,1.2695207157075956,2.0412295258757323,92659510.0,0.3721720789374287,1
2016-10-14,183.4250640869141,213.1199951171875,214.69000244140625,213.02999877929688,214.1499938964844,93346200,0.0005164105590733,0.0005162772650282,214.97949981689453,216.45219879150392,206.83244972229005,42.68734727012889,-0.6433826494320556,1.2874362826227737,2.015427983639627,89565000.0,-0.0790354884221119,1
2016-10-17,182.78819274902344,212.3800048828125,213.38999938964844,212.1699981689453,213.08999633789065,58275700,-0.0034721764795841,-0.0034782184743058,214.9279998779297,216.3361990356445,206.87499977111813,40.497575642831336,-0.7608740920719015,1.3713873557867278,1.95861178628702,88466260.0,-0.375703563723001,1
2016-10-18,183.932861328125,213.7100067138672,214.3099975585937,213.2700042724609,214.2400054931641,76869700,0.0062623683985154,0.0062428412512597,214.94250030517577,216.2493991088867,206.9384497833252,45.87200694253916,-0.7381578501577337,1.3560506755439197,1.956567564108032,88826480.0,0.3190695264063752,1
2016-10-19,184.42344665527344,214.27999877929688,214.63999938964844,213.6000061035156,214.0200042724609,66519200,0.0026671285738755,0.0026635780981098,214.8654998779297,216.17139923095704,207.0030497741699,48.03813362094785,-0.6664787169410431,1.347295607887388,1.891097972824089,86638220.0,-0.1346499335889173,1
2016-10-20,184.07920837402344,213.8800048828125,214.52999877929688,213.1100006103516,213.8699951171875,73639800,-0.0018666879725734,-0.0018684324057799,214.70050048828125,216.0961993408203,207.0783497619629,46.62794426316365,-0.6346329978504741,1.247286130766106,1.8574479868327465,86486275.0,0.1070457852770327,1
2016-10-21,184.16522216796875,213.97999572753903,214.0800018310547,212.759994506836,213.8800048828125,89089100,0.0004675090819328,0.0004673998336103,214.6,216.00279937744145,207.1779997253418,47.04642755938968,-0.5944738856178731,1.218563177589591,1.8190593680746,87259185.0,0.2097955181844599,1
2016-10-24,184.9484100341797,214.88999938964844,215.32000732421875,214.47999572753903,215.0,60146600,0.0042527510995378,0.0042437337103484,214.63249969482425,215.93139923095703,207.2928497314453,50.8253910649161,-0.4836426777959275,1.217123596533593,1.7848416701178222,85775150.0,-0.3248713927966496,1
2016-10-25,184.32872009277344,214.1699981689453,214.97999572753903,213.97999572753903,214.67999267578125,66542300,-0.0033505571350371,-0.0033561828212316,214.5624992370605,215.8329992675781,207.4031497192383,47.91201438338267,-0.4487335077602097,1.2005128939017728,1.728781550823692,85177525.0,0.1063351876914073,1
2016-10-26,183.95870971679688,213.7400054931641,214.4199981689453,212.92999267578125,213.2100067138672,75705500,-0.0020077166711371,-0.0020097348359742,214.41749954223636,215.74859924316405,207.50354972839355,46.2084830301897,-0.4505706562816272,1.1079469825057484,1.7117261181337184,84592250.0,0.1377048884694398,1
2016-10-27,183.4681396484375,213.1699981689453,214.6199951171875,213.0800018310547,214.5800018310547,77220200,-0.0026668256272549,-0.0026703879415081,214.3419998168945,215.64459930419923,207.625249710083,43.97630662078578,-0.4923459790633728,1.140100103303483,1.699459487276511,82049730.0,0.0200077933571536,1
2016-10-28,182.9258728027344,212.5399932861328,213.92999267578125,211.7100067138672,213.13999938964844,140623200,-0.0029554106498288,-0.0029597864996322,214.15399932861328,215.51819915771483,207.7282997131348,41.58522697988749,-0.5697219521900934,1.1098436082997791,1.7366399497506215,83220745.0,0.8210675445026043,1
2016-10-31,182.9344787597656,212.5500030517578,213.19000244140625,212.3600006103516,212.92999267578125,61272500,4.709591578611061e-05,4.709480680828749e-05,213.99249954223632,215.39839935302732,207.85199974060055,41.639521851145545,-0.623053095676056,1.0956994902402255,1.6718800841294816,82108765.0,-0.5642788672139447,1
2016-11-01,181.6090850830078,211.009994506836,212.9900054931641,209.6000061035156,212.92999267578125,122781800,-0.0072453941322542,-0.0072717694773878,213.80899963378903,215.2479992675781,207.9667497253418,36.082782345196094,-0.7805861194189276,1.2682319901271528,1.794602891666554,82250450.0,1.0038647027622507,1
2016-11-02,180.5160369873047,209.7400054931641,211.1000061035156,209.22999572753903,210.6499938964844,103330800,-0.0060186201920912,-0.006036805088637,213.51449966430664,215.0633993530274,208.0871997833252,32.25952297095361,-0.9964235252149932,1.4879495569021977,1.79998914054584,83776190.0,-0.1584192445460157,1
2016-11-03,179.6897735595703,208.77999877929688,210.2400054931641,208.4600067138672,209.9900054931641,88939300,-0.004577127342063,-0.0045876344632961,213.16449966430665,214.881999206543,208.19764976501463,29.69788227334745,-1.230753384136193,1.7305140122299776,1.7985612575994876,85076785.0,-0.1392759951534296,1
2016-11-04,179.49183654785156,208.5500030517578,209.88999938964844,208.3800048828125,208.9100036621093,109122100,-0.0011016176304425,-0.0011022248571398,212.8400001525879,214.69899932861333,208.28779975891112,29.10165997144256,-1.4186667118794958,1.954333917807488,1.7779493468306626,86043475.0,0.2269278035694006,1
2016-11-07,183.4509429931641,213.1499938964844,213.19000244140625,208.5500030517578,208.5500030517578,109794900,0.0220570164344948,0.0218172793002083,212.68949966430665,214.61619934082037,208.4153497314453,50.5044631239184,-1.1827742749266292,1.7945775791200267,1.982381492746218,88940470.0,0.0061655704939695,1
2016-11-08,184.2771148681641,214.1100006103516,214.7700042724609,212.3800048828125,212.69000244140625,106772100,0.0045039021410124,0.004493789925349,212.7235000610352,214.53119934082036,208.53489974975585,53.64926440298712,-0.9078976217926424,1.8156633927582184,2.01149705681066,87760705.0,-0.0275313334225906,1
2016-11-09,186.2308654785156,216.3800048828125,217.1000061035156,212.33999633789065,212.3699951171875,258429000,0.0106020469197605,0.0105462393236105,212.8569999694824,214.4987994384766,208.6761497497559,60.10419386258361,-0.5011090470692068,1.9825080498241496,2.2078193931545376,96988850.0,1.4203794811565942,1
2016-11-10,186.69561767578125,216.9199981689453,218.3099975585937,215.22000122070312,217.3000030517578,172113300,0.0024955784912994,0.0024924697063666,213.0525001525879,214.4895993041993,208.8151997375488,61.47850287996546,-0.1336130178699477,2.181218464326114,2.2708320320642543,100526665.0,-0.334001601987393,1
2016-11-11,186.26528930664065,216.4199981689453,216.6999969482422,215.32000732421875,216.0800018310547,100552700,-0.0023049972534601,-0.002307657848859,213.21750030517575,214.4701992797852,208.92869972229005,59.436862007966425,0.1159478371194495,2.307739291419546,2.222914804397276,100886990.0,-0.4157761195677498,1
2016-11-14,186.4115600585937,216.58999633789065,217.2700042724609,215.72000122070312,217.02999877929688,94580000,0.0007855012031403,0.0007851928585297,213.4279998779297,214.43459930419925,209.04339973449703,59.92416332921821,0.3237124881282227,2.4167581767369826,2.1748496792087413,102702205.0,-0.0593987033664934,1
2016-11-15,187.8661193847656,218.27999877929688,218.27999877929688,216.8000030517578,217.0399932861328,91652600,0.0078027723809077,0.0077724881842797,213.6564994812012,214.41959930419927,209.183999710083,64.4911563266341,0.6176170392230063,2.6496455147327467,2.1402177336514185,103441350.0,-0.0309515753859166,1
2016-11-16,187.5132293701172,217.8699951171875,218.13999938964844,217.4199981689453,217.5599975585937,65617700,-0.0018783382096493,-0.0018801044990033,213.8359992980957,214.3967993164063,209.31684967041016,62.6265326173353,0.8081389220011204,2.810808051410146,2.0487736534157146,103396275.0,-0.2840606813118231,1
2016-11-17,188.4771423339844,218.9900054931641,219.0599975585937,217.9199981689453,218.0500030517578,69797200,0.0051407279619855,0.0051275595309297,214.09149932861328,214.40639953613285,209.4537996673584,65.55621725074249,1.0375442000732278,3.038077943206828,1.9874328525578917,103204145.0,0.0636947043252049,1
2016-11-18,188.055404663086,218.5,219.2700042724609,218.2899932861328,219.07000732421875,86265800,-0.0022375701213422,-0.00224007722194,214.31749954223636,214.5107995605469,209.6065496826172,63.22123262144961,1.1663650572268978,3.1934913856682376,1.915474147827192,103062980.0,0.2359492930948519,1
2016-11-21,189.4755249023437,220.1499938964844,220.17999267578125,219.0,219.1699981689453,72402600,0.0075514594804777,0.0075230899417677,214.5804992675781,214.5869995117188,209.78019966125487,67.42827573168435,1.3856246144631257,3.449456208729125,1.8986540426810528,103675780.0,-0.1607033146391733,2
2016-11-22,189.8456420898437,220.5800018310547,220.7899932861328,219.72999572753903,220.509994506836,67429000,0.0019532498137269,0.0019513447016792,214.9009994506836,214.7339996337891,209.95594970703124,68.44143077955384,1.5759212012154933,3.698131299742924,1.8387500081033907,103720115.0,-0.0686936656970882,2
2016-11-23,189.9488983154297,220.6999969482422,220.759994506836,219.75,219.97999572753903,56620200,0.0005439981693327,0.0005438502559692,215.2489990234375,214.88499969482424,210.13309967041016,68.73370024040796,1.7166270127063683,3.9048264200735394,1.779553186584291,102765850.0,-0.1602989811505435,2
2016-11-25,190.65467834472656,221.5200042724609,221.5599975585937,221.009994506836,221.1000061035156,37872300,0.0037154840759288,0.0037085987146661,215.66649932861327,215.00979980468756,210.3263996887207,70.72871779113548,1.8727175972855437,4.1117472930171495,1.7138708597105208,100798455.0,-0.3311168099017665,2
2016-11-28,189.7595672607422,220.47999572753903,221.47999572753903,220.3600006103516,221.1600036621093,76572500,-0.0046948741642434,-0.0047059297024315,216.0634994506836,215.15199981689457,210.49564964294436,65.0587594182044,1.8907056346425577,4.176786575456563,1.6743089170247207,97595920.0,1.0218603042329089,2
2016-11-29,190.12966918945312,220.9100036621093,221.44000244140625,220.1699981689453,220.5200042724609,69886700,0.0019503263012652,0.0019484268841789,216.4814994812012,215.30199981689455,210.6512996673584,66.26300410497646,1.9175549506043128,4.224707037225166,1.6454300138415934,98026630.0,-0.0873133305037708,2
2016-11-30,189.67349243164065,220.3800048828125,221.82000732421875,220.3099975585937,221.6300048828125,113291800,-0.002399161516051,-0.0024020441155118,216.95,215.4411999511719,210.7887996673584,63.36429835517705,1.874459156492492,4.103823406075504,1.6357571389689836,97552130.0,0.6210781164370331,2
2016-12-01,188.97637939453125,219.57000732421875,220.72999572753903,219.1499938964844,220.72999572753903,79040500,-0.0036754584837425,-0.0036822295776166,217.44150009155277,215.5161999511719,210.92619972229005,59.10854176874371,1.7547180976681886,3.769929045871717,1.631774616975101,96337615.0,-0.3023281473151631,2
2016-12-02,189.0710601806641,219.67999267578125,220.25,219.259994506836,219.6699981689453,74840300,0.0005009124556802,0.0005007870409156,217.98649978637692,215.5661999511719,211.06459968566892,59.50624219057798,1.6496808505923468,3.196080543148059,1.5859339652743083,95632665.0,-0.0531398460283019,1
2016-12-05,190.20713806152344,221.0,221.3999938964844,220.4199981689453,220.6499938964844,67837800,0.0060087735261666,0.0059907928384908,218.60899963378907,215.66639984130865,211.1956996917725,64.02806398395543,1.6538866589396548,2.36606799788802,1.5955101978049402,93568450.0,-0.0935658996556667,1
2016-12-06,190.80958557128903,221.6999969482422,221.7400054931641,220.6600036621093,221.22000122070312,59877400,0.0031674070056206,0.0031624013392542,219.03649978637696,215.8155996704102,211.34259963989257,66.18454241752579,1.6941743091120998,2.083338297701714,1.5586881716084997,91072575.0,-0.1173446072838446,1
2016-12-07,193.30555725097656,224.6000061035156,224.6699981689453,221.3800048828125,221.5200042724609,110738100,0.0130807812142208,0.0129959666223823,219.56100006103517,215.99619964599611,211.49959968566893,73.320430502151,1.937771639336148,2.0981930626873018,1.6823528226459508,91270875.0,0.8494139692104199,1
2016-12-08,193.77886962890625,225.1499938964844,225.6999969482422,224.259994506836,224.57000732421875,99714400,0.0024487434462281,0.002445750159527,219.99949951171877,216.16639953613284,211.6476496887207,74.4227925486481,2.1504150508956457,2.304667516169934,1.6650420811288251,83335145.0,-0.0995474908816387,1
2016-12-09,194.9494171142578,226.509994506836,226.52999877929688,225.3699951171875,225.4100036621093,88005800,0.0060404203740589,0.0060222501686504,220.47899932861327,216.40299957275397,211.80474967956545,76.95812012023978,2.4009999371210995,2.6079147741458164,1.6446822812490858,79129770.0,-0.1174213553909967,1
2016-12-12,194.7255859375,226.25,226.9600067138672,225.759994506836,226.3999938964844,102016100,-0.0011478279684835,-0.0011484872275317,220.970499420166,216.6019995117188,211.96819969177247,75.41900361220783,2.549225001998849,2.7262918854620044,1.6129201330906648,79202940.0,0.1591974619854601,1
2016-12-13,196.02520751953125,227.759994506836,228.33999633789065,227.0,227.0200042724609,110477500,0.0066740088699932,0.006651836271534,221.52899932861328,216.8415994262696,212.11644966125488,78.15191919875083,2.756760155915657,2.9190001422022687,1.6469970048620926,79997815.0,0.0829418101652581,1
2016-12-14,194.4071502685547,225.8800048828125,228.22999572753903,225.3699951171875,227.4100036621093,142501800,-0.0082542574173054,-0.0082885124300909,221.90899963378905,217.0655996704102,212.25084968566892,68.01316715630304,2.737972170818267,2.968057267303763,1.7336401195399098,82540275.0,0.2898716933312213,1
2016-12-15,195.2075958251953,226.8099975585937,227.8099975585937,225.88999938964844,226.1600036621093,124972600,0.004117197873551,0.0041087454067623,222.3559997558594,217.28919952392584,212.38599967956543,70.08093434827896,2.7662377273333902,3.0007714436991964,1.7476653021285729,85508020.0,-0.1230103760092855,1
2016-12-16,194.82579040527344,225.0399932861328,226.0800018310547,224.6699981689453,226.009994506836,156420200,-0.0078039076386111,-0.0078345174807459,222.65849914550785,217.47439941406253,212.5090496826172,61.8817199066615,2.6156621076850115,2.9480746809828235,1.7756891655228448,89839170.0,0.2516359586021255,1
2016-12-19,195.25001525878903,225.52999877929688,226.0200042724609,225.0800018310547,225.25,90341100,0.0021774151607845,0.0021750480279245,223.00999908447267,217.68419952392583,212.63374969482425,63.16649390702933,2.5069703982107683,2.843395792563617,1.718855009866077,90042935.0,-0.4224460779362257,1
2016-12-20,196.003158569336,226.3999938964844,226.57000732421875,225.8800048828125,226.1499938964844,89838800,0.0038575582933377,0.0038501369946168,223.32249908447267,217.88899932861327,212.77374969482423,65.396538450147,2.4626449326352717,2.855948576681624,1.670365976655777,90914745.0,-0.0055600385649499,1
2016-12-21,195.4577789306641,225.7700042724609,226.4499969482422,225.7700042724609,226.25,67909000,-0.0027826397570996,-0.002786518496202,223.58199920654295,218.1357995605469,212.90569969177247,62.44810709485932,2.349597091505757,2.8293070322633187,1.5996250265933127,90938745.0,-0.2441016576356763,1
2016-12-22,195.1201019287109,225.3800048828125,225.7400054931641,224.9199981689453,225.6000061035156,56219100,-0.0017274189762505,-0.0017289126848318,223.81599960327148,218.36919952392583,213.03489974975585,60.62585136456329,2.203139747953628,2.7713416003914237,1.546080817802047,90918690.0,-0.1721406588228364,1
2016-12-23,195.4058532714844,225.7100067138672,225.72000122070312,225.2100067138672,225.42999267578125,36697800,0.0014642018985946,0.0014631310002082,224.0254997253418,218.62319976806648,213.149649810791,61.6457125657007,2.0896118926854967,2.746904606318614,1.472074652733039,90859965.0,-0.3472360816875404,1
2016-12-27,195.89064025878903,226.2700042724609,226.72999572753903,226.0,226.0200042724609,42672500,0.0024810488765951,0.0024779761561614,224.31500015258788,218.8861999511719,213.2684998321533,63.37916757033265,2.0215244963069665,2.657216643547408,1.4397828213715251,89164965.0,0.1628081247377226,1
2016-12-28,194.271728515625,224.3999938964844,226.58999633789065,224.2700042724609,226.57000732421875,64095000,-0.0082645085104817,-0.0082988488960986,224.48949966430663,219.1265997314453,213.37964981079105,54.518172235786096,1.795967737000268,2.5335582089922566,1.5026549102328264,88875380.0,0.5020212080379636,1
2016-12-29,194.2284240722656,224.3500061035156,224.88999938964844,223.83999633789065,224.47999572753903,48696100,-0.0002227620068112,-0.0002227868219524,224.6879997253418,219.33939971923832,213.48469985961916,54.29962894992287,1.5947949792781344,2.342995073544735,1.4703226346274665,85645595.0,-0.2402511896403776,1
2016-12-30,193.5185546875,223.52999877929688,224.8300018310547,222.72999572753903,224.72999572753903,108998300,-0.0036550358899494,-0.0036617318546012,224.8859992980957,219.52439971923832,213.57919982910155,50.70862048083943,1.353593003868383,2.034775763351292,1.5153000252623368,87143485.0,1.2383373617189055,1
2017-01-03,194.9989776611328,225.2400054931641,225.8300018310547,223.8800048828125,225.0399932861328,91366500,0.0076500099458935,0.0076208970017462,225.16399993896485,219.7515997314453,213.68349983215333,57.08269041184473,1.285602327900051,1.624533358802893,1.571350241440585,87969795.0,-0.1617621559235327,1
2017-01-04,196.15904235839844,226.5800018310547,226.75,225.6100006103516,225.6199951171875,78744400,0.0059491933280531,0.0059315667521485,225.4430000305176,220.00359985351565,213.79304985046383,61.30536035340248,1.3245768357577106,1.3229235743605146,1.5669676889688229,88515125.0,-0.1381480082962574,1
2017-01-05,196.003158569336,226.3999938964844,226.5800018310547,225.47999572753903,226.2700042724609,78379000,-0.0007944564088427,-0.0007947721565785,225.6779998779297,220.2337997436524,213.90224983215333,60.44498562172031,1.3256579188057458,1.0014115171853126,1.533613290007882,89440205.0,-0.0046403299790207,1
2017-01-06,196.7044677734375,227.2100067138672,227.75,225.8999938964844,226.52999877929688,71559900,0.0035777952262363,0.0035714101420463,225.8084999084473,220.4945999145508,214.0222498321533,62.9638237862885,1.3760141155285908,1.023359912935336,1.5562127766870046,87481295.0,-0.0870016203319766,1
2017-01-09,196.05517578125,226.4600067138672,227.07000732421875,226.4199981689453,226.9100036621093,46939700,-0.003300910953911,-0.0033063709791562,225.8740005493164,220.7489999389649,214.13894989013676,59.20451823988097,1.339956843838138,1.0209146824317257,1.5014839029894953,84842560.0,-0.3440502292485037,1
2017-01-10,196.05517578125,226.4600067138672,227.4499969482422,226.009994506836,226.47999572753903,63771900,0.0,0.0,225.871501159668,221.01480010986333,214.25504989624025,59.204518239880976,1.2964366811879415,1.019335670120149,1.4970923700192595,83630865.0,0.3585919807753353,1
2017-01-11,196.6092529296875,227.1000061035156,227.1000061035156,225.58999633789065,226.3600006103516,74650000,0.0028261033766419,0.0028221174544802,225.91400146484372,221.30600036621095,214.36494995117187,61.48057945903214,1.2986195628306518,1.0531080932506658,1.4980150411339512,82262560.0,0.1705782640943738,1
2017-01-12,196.1157684326172,226.52999877929688,226.75,224.9600067138672,226.5,72113200,-0.0025099397133389,-0.0025130948926668,225.8525016784668,221.58560028076172,214.46749992370604,58.35769741576712,1.2400600446605663,0.972457937696044,1.543871066027841,80344345.0,-0.0339825853985265,1
2017-01-13,196.56591796875,227.0500030517578,227.3999938964844,226.69000244140625,226.72999572753903,62717900,0.0022955205723882,0.0022928898901267,225.91100158691407,221.90640045166012,214.57514991760252,60.33700935809853,1.221530164186191,1.0087152510988877,1.4957370696821042,76355150.0,-0.1302854401135992,1
2017-01-17,195.8733367919922,226.25,226.77999877929688,225.8000030517578,226.3099975585937,61240800,-0.0035234663774721,-0.003529688404831,225.8830017089844,222.23660034179687,214.6717999267578,55.93235315785281,1.129273972629477,0.9900470217936622,1.4781844218476683,73168560.0,-0.0235514900849678,1
2017-01-18,196.3062286376953,226.75,226.8000030517578,225.8999938964844,226.5399932861328,54793300,0.0022099447513812,0.0022075064152105,225.9685020446777,222.59600036621092,214.7742999267578,57.99621085402477,1.0840103014938052,0.987247254516018,1.4368861885209354,68087215.0,-0.1052811197763582,1
2017-01-19,195.57896423339844,225.9100036621093,227.0,225.4100036621093,226.83999633789065,66608800,-0.0037045042464859,-0.0037113829156361,225.98750228881835,222.943200378418,214.8828999328613,53.46589192632677,0.9691856626641028,0.9820066044076384,1.4478226277616315,66900600.0,0.2156376783292848,1
2017-01-20,196.29751586914065,226.7400054931641,227.3099975585937,225.97000122070312,226.6999969482422,129168600,0.0036740375264487,0.0036673047365518,226.00450286865237,223.21500061035155,214.9844999694824,57.037053929580814,0.9343894602159536,0.9924115711041288,1.444406289813256,68867090.0,0.9392122362210398,1
2017-01-23,195.7867889404297,226.1499938964844,226.8099975585937,225.2700042724609,226.7400054931641,75061600,-0.0026021504030415,-0.0026055418811031,226.02350234985352,223.45580047607424,215.09549995422364,53.87209414080265,0.8494127131472169,0.991322674235405,1.451233932407508,69224720.0,-0.4188866334387769,1
2017-01-24,197.0421142578125,227.6000061035156,228.0800018310547,226.2700042724609,226.3999938964844,95555300,0.0064117278185509,0.0063912601339694,226.13450241088867,223.68020050048827,215.2109999847412,59.77899667950157,0.8888260621511677,1.0386364307119016,1.485432075419135,71191530.0,0.2730250887271255,1
2017-01-25,198.74757385253903,229.57000732421875,229.57000732421875,228.509994506836,228.6999969482422,84437700,0.0086555411593758,0.0086182967225277,226.32750244140624,223.93320068359372,215.33875,66.12567192261864,1.0667274892371097,1.285016163035069,1.5200441572251364,73578525.0,-0.1163472879055373,1
2017-01-26,198.539779663086,229.3300018310547,229.7100067138672,229.009994506836,229.3999938964844,59970700,-0.0010454566603079,-0.0010460035313087,226.48050231933595,224.19140075683595,215.45580001831053,64.78444128981388,1.1748067732345078,1.449456913512284,1.4614704464969976,74443435.0,-0.2897639324614479,1
2017-01-27,198.22813415527344,228.97000122070312,229.58999633789065,228.759994506836,229.4199981689453,59711100,-0.0015697929075009,-0.0015710263233611,226.7090026855469,224.43900085449215,215.5606500244141,62.729167754407406,1.2173781661589942,1.46435584317947,1.4163655453939736,74224240.0,-0.0043287805545041,1
2017-01-30,196.9988250732422,227.5500030517578,228.1999969482422,226.4100036621093,228.1699981689453,79737300,-0.0062016777803857,-0.0062209880628622,226.86900253295897,224.6244009399414,215.65835006713868,55.27957036513048,1.1235823589200606,1.3644517000210494,1.4980535463368188,75776300.0,0.3353848781884776,1
2017-01-31,196.9814910888672,227.52999877929688,227.6000061035156,226.32000732421875,226.97999572753903,75880800,-8.791154556209158e-05,-8.79154100085011e-05,227.069002532959,224.8176010131836,215.75710006713868,55.18015218011383,1.0356954755716288,1.1206391588548346,1.4824782058339636,74120425.0,-0.0483650687946544,1
2017-02-01,197.05935668945312,227.6199951171875,228.58999633789065,226.94000244140625,227.52999877929688,79117700,0.0003955361419305,0.0003954579381317,227.18800201416016,224.99020080566407,215.8490000152588,55.56731221141074,0.9622146283859934,1.0396344369813075,1.494443612308995,73507985.0,0.0426576947001084,1
2017-02-02,197.18927001953125,227.7700042724609,228.1000061035156,226.82000732421875,227.6199951171875,69657600,0.000659033294488,0.0006588162274107,227.24750213623048,225.17560089111328,215.93835006713869,56.24576225117407,0.9056452974973012,1.0370558682629638,1.4791261242366986,73053645.0,-0.1195699571650844,1
2017-02-03,198.54844665527344,229.33999633789065,229.5500030517578,228.4600067138672,228.82000732421875,80563200,0.0068928833295875,0.006869236012565,227.3945022583008,225.3594009399414,216.0345500183105,62.670202530493945,0.9762453848125574,1.115967686144228,1.5006170281695703,73162855.0,0.1565600882028666,1
2017-02-06,198.19351196289065,228.92999267578125,229.3300018310547,228.5399932861328,228.8699951171875,57790100,-0.0017877547251083,-0.0017893546657389,227.4805015563965,225.52640075683595,216.13434997558596,60.18490870013692,0.9877266951640706,1.1661467878319116,1.4505731727115896,72474365.0,-0.2826737269621862,1
2017-02-07,198.2022399902344,228.94000244140625,229.6600036621093,228.72000122070312,229.3800048828125,57931200,4.372413377562445e-05,4.372317790355026e-05,227.60450134277343,225.6912008666992,216.23419998168944,60.22637856647675,0.9862643789347488,1.183644738084945,1.4141038347612045,73023940.0,0.0024415946675988,1
2017-02-08,198.4618530273437,229.2400054931641,229.38999938964844,228.3099975585937,228.94000244140625,51566200,0.0013104003169328,0.001309542491752,227.74350128173828,225.8456008911133,216.33735000610352,61.51999777410142,0.9978110768561236,1.2052051291581276,1.3902394059250285,72413655.0,-0.1098717098903526,1
2017-02-09,199.6393280029297,230.6000061035156,230.9499969482422,229.2400054931641,229.2400054931641,65955200,0.005932649527842,0.0059151206568967,227.9185012817383,226.0480010986328,216.4457500457764,66.79280219496175,1.103976645832773,1.352014139136454,1.4130788380073904,71978915.0,0.279039370750608,1
2017-02-10,200.4271545410156,231.509994506836,231.7700042724609,230.6199951171875,231.0,66015900,0.0039461768397002,0.0039384111071401,228.16750106811523,226.2600009155273,216.55654998779295,69.77698734670804,1.2471655352294135,1.529736284984986,1.395715933074385,71674050.0,0.000920321672893,1
2017-02-13,201.5179748535156,232.7700042724609,233.07000732421875,232.0500030517578,232.0800018310547,55182100,0.0054425717918096,0.0054278145187522,228.4535011291504,226.50780090332032,216.6831500244141,73.34839656451463,1.44565144941933,1.8174603761929995,1.407451424810697,71297260.0,-0.1641089495106481,1
2017-02-14,202.3230743408203,233.6999969482422,233.7100067138672,232.1600036621093,232.5599975585937,71109000,0.0039953286880241,0.0039873685575423,228.8260009765625,226.7904006958008,216.82,75.63677062758953,1.6588731460758197,2.0857317356485603,1.417633683878352,71790670.0,0.288624390880376,1
2017-02-15,203.37928771972656,234.9199981689453,235.13999938964844,233.38999938964844,233.4499969482422,86785800,0.0052203732847002,0.0052067943735727,229.23450088500977,227.0952008056641,216.9547499847412,78.27238112824527,1.904344679340511,2.429477297158809,1.4413741350298983,73390295.0,0.2204615449521156,1
2017-02-16,203.2061920166016,234.72000122070312,235.1600036621093,233.8500061035156,234.9499969482422,84722400,-0.000851340668317,-0.0008517032645937,229.67500076293945,227.36960083007813,217.09754997253415,76.80552796739133,2.059009575008986,2.5884609134579133,1.4319900938558856,74295975.0,-0.0237757789868849,1
2017-02-17,203.52647399902344,235.08999633789065,235.08999633789065,233.92999267578125,233.9499969482422,77204100,0.0015763254740257,0.001575084377103,230.09250030517575,227.63740081787108,217.24794998168943,77.64036204748362,2.186236558741342,2.757996322630976,1.41256249158828,71697750.0,-0.0887404039545621,1
2017-02-21,204.7385406494141,236.4900054931641,236.69000244140625,235.509994506836,235.5200042724609,88946100,0.0059552051430602,0.0059375429953654,230.60950088500977,227.8752008056641,217.40555000305176,80.50033769516499,2.3726830847786573,2.942995738806796,1.4259513210116597,72391975.0,0.1520903682576444,1
2017-02-22,204.5567169189453,236.27999877929688,236.5399932861328,235.8300018310547,236.0200042724609,62115200,-0.0008880151760717,-0.0008884096951247,231.0435005187988,228.09780090332032,217.55834999084476,78.87066621904694,2.474967627037529,3.1110467720583324,1.3748113305878358,70719970.0,-0.3016534732832581,1
2017-02-23,204.6952209472656,236.44000244140625,236.8999938964844,235.5599975585937,236.8800048828125,74615900,0.0006771781908583,0.0006769490091659,231.3870002746582,228.2964010620117,217.71110000610352,79.2159013508443,2.5396641545363536,3.312534706880575,1.372324545395184,70228880.0,0.2012502575859049,2
2017-02-24,204.9549255371093,236.7400054931641,236.7899932861328,235.4100036621093,235.4600067138672,82381600,0.0012688337365085,0.0012680294472507,231.75750045776368,228.506201171875,217.8525500488281,79.87971139481027,2.5853421428362253,3.4804934016542663,1.3728720510114918,71349425.0,0.1040756728793728,2
2017-02-27,205.2752685546875,237.1100006103516,237.3099975585937,236.3500061035156,236.63999938964844,56515400,0.0015628753425798,0.0015616553239042,232.16450042724608,228.6932012939453,218.0056000518799,80.69847630552724,2.621182431988302,3.6108679408862714,1.343380579873392,71189640.0,-0.3139803062819852,2
2017-02-28,204.72120666503903,236.47000122070312,236.9499969482422,236.0200042724609,236.6699981689453,96961900,-0.0026991665809161,-0.0027028158992565,232.61050033569336,228.90500122070316,218.1551500701904,75.0122339491658,2.568337323380632,3.561448634380292,1.3252817054460555,72050870.0,0.7156721884654449,2
2017-03-01,207.58677673339844,239.77999877929688,240.32000732421875,238.3699951171875,238.38999938964844,149158200,0.0139975368609417,0.0139004760348199,233.22300033569337,229.1644012451172,218.33025009155276,82.05491881521151,2.7617110483948863,3.692677662044892,1.505619162451025,75714740.0,0.5383176278517645,2
2017-03-02,206.279525756836,238.2700042724609,239.57000732421875,238.2100067138672,239.5599975585937,70246000,-0.0062974164422522,-0.0063173288108461,233.75550079345703,229.4290014648437,218.4877001190185,72.07498295294508,2.761286786269324,3.609118163968896,1.5102172269495004,75271155.0,-0.5290503639759665,2
2017-03-03,206.40939331054688,238.4199981689453,238.6100006103516,237.72999572753903,238.1699981689453,81974300,0.0006295122919159,0.0006293142321694,234.28800048828128,229.68680145263676,218.6555500793457,72.43364496341015,2.74145205655978,3.4621957831140127,1.4652020595111477,75886990.0,0.1669603963214987,2
2017-03-06,205.7946929931641,237.7100067138672,238.1199951171875,237.009994506836,237.5,55391500,-0.0029779022755256,-0.0029823450487956,234.70650100708008,229.9130017089844,218.8195500946045,67.9826775439885,2.638032912290413,3.3361948149493608,1.4612593168395882,74628405.0,-0.3242821225676828,2
2017-03-07,205.18006896972656,237.0,237.7700042724609,236.759994506836,237.3600006103516,65103700,-0.0029868608548812,-0.0029913304259744,235.11000137329103,230.13760162353515,218.98355010986327,63.76302214842894,2.470304751858748,3.078871625508945,1.42902720603854,74994085.0,0.1753373712573229,1
2017-03-08,204.79913330078125,236.5599975585937,237.63999938964844,236.3999938964844,237.33999633789065,78168800,-0.0018565503856806,-0.0018582759113622,235.4910011291504,230.3612014770508,219.13890007019043,61.226742215543545,2.275642268994005,2.726477823122075,1.4155256551189324,76005965.0,0.2006813744840923,1
2017-03-09,205.058822631836,236.8600006103516,237.2400054931641,235.7400054931641,236.6999969482422,90683900,0.0012681901202826,0.0012673866464254,235.87200088500973,230.58420135498048,219.29715003967289,62.3270475531387,2.1211275498642124,2.307150691342313,1.421559536896151,77961850.0,0.1601035195627922,1
2017-03-10,205.7773895263672,237.69000244140625,238.0200042724609,236.58999633789065,237.97000122070312,81991700,0.0035041874057075,0.003498062046454,236.22650070190429,230.81260131835936,219.44625007629395,65.26401172098284,2.042107587782681,1.975291320527287,1.4221629938728733,78763675.0,-0.0958516340827865,1
2017-03-13,205.8812866210937,237.8099975585937,237.8600006103516,237.2400054931641,237.6199951171875,57256800,0.0005048387225163,0.0005047113343203,236.5415008544922,231.0808013916016,219.5889000701904,65.68057236295809,1.9664977397989103,1.660869618484277,1.3648652883953467,78325720.0,-0.301675657414104,1
2017-03-14,205.093505859375,236.8999938964844,237.2400054931641,236.19000244140625,237.17999267578125,59880800,-0.0038265996865211,-0.0038339398503306,236.74800033569332,231.3318011474609,219.7267000579834,59.821607387461626,1.812256139531712,1.4041809746279386,1.3830888475947822,78560655.0,0.0458286177362339,1
2017-03-15,206.86822509765625,238.9499969482422,239.44000244140625,237.2899932861328,237.5599975585937,96081800,0.0086534533751552,0.0086162268519959,237.01050033569337,231.64020111083985,219.8702500152588,66.96973208890206,1.8342920962770108,1.2905139615141747,1.4657259688324298,79809295.0,0.6045510414022526,1
2017-03-16,206.4613037109375,238.47999572753903,239.1999969482422,238.1000061035156,239.1100006103516,78344000,-0.0019669438238367,-0.0019688807982031,237.18850021362303,231.90500091552732,220.01345001220704,64.15175619466157,1.7931601462489652,1.231144903161175,1.4396020313962985,79387205.0,-0.1846114456640071,1
2017-03-17,206.0987243652344,237.02999877929688,237.97000122070312,237.02999877929688,237.75,89002100,-0.0060801617503329,-0.0060987212016736,237.30400009155272,232.1140008544922,220.1472499847412,56.28327584647733,1.624830113788903,1.087330595870757,1.440344525456717,79601190.0,0.1360423261513326,1
2017-03-20,205.8726501464844,236.7700042724609,237.3600006103516,236.32000732421875,237.02999877929688,52537000,-0.0010968843951184,-0.0010974864130762,237.38800048828125,232.3214010620117,220.27654998779295,54.9810769458185,1.4536907246918247,0.9653383985390092,1.4117480083621543,78367835.0,-0.4097105573913424,1
2017-03-21,203.22935485839844,233.72999572753903,237.6100006103516,233.5800018310547,237.47000122070312,131809300,-0.0128395003170401,-0.0129226391082766,237.25,232.4518008422852,220.39379997253417,42.57691420406631,1.0605330775172206,1.254453275193353,1.5987659205717797,80510995.0,1.5088851666444605,1
2017-03-22,203.7076110839844,234.27999877929688,234.6100006103516,233.0500030517578,233.7700042724609,97569200,0.0023531556146476,0.0023503912797317,237.15,232.6082006835937,220.5084499359131,44.9947848308534,0.7842926221500761,1.406365458531051,1.5959967518590652,82283695.0,-0.2597699858811176,1
2017-03-23,203.49020385742188,234.02999877929688,235.33999633789065,233.6000061035156,234.27999877929688,100410300,-0.0010670992031014,-0.001067668958816,237.0294998168945,232.75960052490237,220.62019996643068,44.08611121694148,0.5389840873507694,1.564731647708099,1.6062820006102074,83573415.0,0.02911882028345,1
2017-03-24,203.3424224853516,233.8600006103516,235.0399932861328,232.9600067138672,234.3800048828125,112504900,-0.0007263947777292,-0.000726658730246,236.8854995727539,232.89480041503907,220.72764999389648,43.44362952343625,0.3270874145596849,1.717809411461369,1.6401180414427372,85079580.0,0.1204517863207259,1
2017-03-27,203.13375854492188,233.6199951171875,233.9199981689453,231.6100006103516,231.92999267578125,87454500,-0.0010262785108086,-0.0010268054951854,236.7109992980957,233.03660034179688,220.83534996032716,42.50189417338074,0.1381982735784959,1.8647791745140652,1.6879665783820932,86626535.0,-0.2226605241193939,1
2017-03-28,204.61187744140625,235.32000732421875,235.8099975585937,233.13999938964844,233.2700042724609,93483900,0.0072768266525238,0.0072504782938721,236.65349960327148,233.2020004272461,220.96159996032716,50.66045334354416,0.1242468061503814,1.8901584495585135,1.7581116919937476,86452635.0,0.0689432790765482,1
2017-03-29,204.8031616210937,235.5399932861328,235.8099975585937,234.72999572753903,234.9900054931641,61950400,0.0009348374769126,0.0009344007884925,236.44149932861328,233.3878002929688,221.0970499420166,51.61716022173199,0.129448988960263,1.7539023740434327,1.7096752733552414,82092245.0,-0.3373147675696029,1
2017-03-30,205.4552764892578,236.2899932861328,236.5200042724609,235.2700042724609,235.47000122070312,56737900,0.0031841726304582,0.0031791138885483,236.34249877929688,233.57860015869144,221.2382999420166,54.83273431264247,0.1918786308887092,1.70032193223832,1.6768413252584384,81416840.0,-0.0841398925592086,1
2017-03-31,204.97705078125,235.7400054931641,236.509994506836,235.67999267578125,235.8999938964844,73733100,-0.0023275966337801,-0.0023303096975879,236.2084991455078,233.7752001953125,221.37824996948245,52.09830183639587,0.1947304223520802,1.632219593077502,1.6163527899581744,81004780.0,0.2995387562810749,1
2017-04-03,204.6205596923828,235.3300018310547,236.02999877929688,233.9100036621093,235.8000030517578,85546500,-0.0017392197020258,-0.001740733900549,236.0894989013672,233.9470001220703,221.51305000305172,50.092804826861965,0.1620387369502225,1.6034943190296316,1.6523272419031303,82512530.0,0.1602184093710965,1
2017-04-04,204.7510223388672,235.47999572753903,235.5800018310547,234.5599975585937,235.0,56466200,0.0006373768551279,0.0006371738167703,236.01349868774412,234.1336001586914,221.6578499603272,50.83838631371055,0.1465443228996434,1.5940621365906276,1.6071613155144064,82080655.0,-0.3399355905852372,1
2017-04-05,204.14236450195312,234.77999877929688,237.38999938964844,234.5399932861328,236.259994506836,108800600,-0.0029726386994336,-0.0029770657654075,235.92449874877929,234.27720001220703,221.7924999237061,47.28788950024644,0.0768945915427252,1.611538804283366,1.6959359432287793,83612245.0,0.9268270221831822,1
2017-04-06,204.71620178222656,235.44000244140625,236.0399932861328,234.42999267578125,234.94000244140625,69135800,0.0028111579586889,0.0028072140437375,235.85349884033204,234.3945999145508,221.92749992370605,50.77839272272065,0.0740992868410899,1.599388735791741,1.689797705166121,82534840.0,-0.3645641660064375,1
2017-04-07,204.50753784179688,235.1999969482422,236.0,234.63999938964844,235.1499938964844,74412300,-0.0010193913127561,-0.0010199112454537,235.72899856567383,234.51199981689453,222.06299987792968,49.494887904758144,0.0519190596362193,1.5448923504275138,1.666240769822224,82155870.0,0.0763208062971716,1
2017-04-10,204.6293182373047,235.33999633789065,236.259994506836,234.72999572753903,235.3600006103516,67615300,0.0005952355079292,0.0005950584255413,235.60549850463863,234.63939971923827,222.18564987182617,50.28429638453523,0.0451177610330546,1.4665188953320434,1.6565091990704193,82673795.0,-0.0913424259161456,1
2017-04-11,204.3857879638672,235.0599975585937,235.17999267578125,233.33999633789065,234.8999938964844,88045300,-0.0011897628267782,-0.0011904711564555,235.51349868774412,234.789599609375,222.34474983215333,48.64659916566335,0.0169388608042027,1.4384832906737834,1.681044256279675,84082020.0,0.3021505487663294,1
2017-04-12,203.49020385742188,234.02999877929688,234.9600067138672,233.7700042724609,234.7400054931641,81864400,-0.0043818548030064,-0.0043914832660766,235.2674987792969,234.919599609375,222.51689979553225,43.087348476982406,-0.0874968053680333,1.2246671289577131,1.6531120441263256,83371150.0,-0.0702013622532946,1
2017-04-13,202.1685943603516,232.509994506836,234.4900054931641,232.509994506836,233.63999938964844,92880400,-0.0064949121069488,-0.0065160958226528,234.96899871826173,235.017399597168,222.6634497833252,36.46473230024453,-0.2895764082307153,1.123856832042781,1.6764619685693094,84097970.0,0.1345639862992949,1
2017-04-17,203.9597320556641,234.57000732421875,234.57000732421875,232.8800048828125,233.1100006103516,68405400,0.0088598893211113,0.0088208707988862,234.84599914550785,235.1533996582031,222.8029998016357,48.10614197934048,-0.2802693605600836,1.0158461441378712,1.7038584577702698,83068135.0,-0.2635109237255654,1
2017-04-18,203.3510589599609,233.8699951171875,234.4900054931641,233.0800018310547,233.72000122070312,83225800,-0.0029842357725798,-0.0029886974828944,234.70099868774412,235.24399963378903,222.924949798584,45.0832260527272,-0.325624990888258,0.930116287646412,1.6885832460126835,84602575.0,0.2166554102453899,1
2017-04-19,202.9772491455078,233.44000244140625,234.9499969482422,233.17999267578125,234.5200042724609,68699900,-0.0018385970186803,-0.001840289312795,234.6864990234375,235.33419982910155,223.0425498199463,43.28397086262488,-0.3917506128215393,0.948135839746071,1.6943990336161303,81447105.0,-0.174536021281862,1
2017-04-20,204.6293182373047,235.33999633789065,235.8500061035156,233.77999877929688,234.1499938964844,92572200,0.0081391101636973,0.0081061662419882,234.7394989013672,235.4621997070313,223.1771997833252,52.33596763335629,-0.2875275771486087,0.953826266645328,1.7455136499370745,81197255.0,0.347486677564305,1
2017-04-21,203.97715759277344,234.58999633789065,235.3099975585937,234.1300048828125,235.25,110389800,-0.0031868786082718,-0.0031919675206105,234.7674987792969,235.5691995239258,223.3018497467041,49.01072427398672,-0.2624237449017244,0.9400220356290504,1.7072620645900085,81696230.0,0.192472470136823,1
2017-04-24,206.22048950195312,237.1699981689453,237.4100036621093,234.5599975585937,237.17999267578125,119209900,0.0109979192264386,0.01093788190213,234.93299865722656,235.7005993652344,223.44004974365237,58.725783430355065,-0.0339528043973871,1.0560560521563012,1.7888866387989812,82031480.0,0.0798995921724652,1
2017-04-25,207.42041015625,238.5500030517578,238.9499969482422,237.8099975585937,237.9100036621093,76698300,0.0058186317555624,0.0058017688986924,235.17949905395508,235.84139953613283,223.56954978942872,62.80770686808437,0.2555214308591473,1.2841816337915002,1.7882517916916878,81493670.0,-0.3566113217106968,1
2017-04-26,207.2899627685547,238.3999938964844,239.52999877929688,238.3500061035156,238.509994506836,84702500,-0.0006288373647216,-0.0006290351658647,235.3334983825684,235.9539993286133,223.69454978942872,62.08888430980085,0.4674390166837838,1.4727499429595516,1.7448047119838015,81054600.0,0.1043595490382447,1
2017-04-27,207.4638214111328,238.6000061035156,238.9499969482422,237.97999572753903,238.7700042724609,57410300,0.0008389773999659,0.0008386256551506,235.4864990234375,236.05199951171875,223.81279983520508,62.70182681840111,0.6440997626436342,1.644290026263822,1.6894616054637552,80827595.0,-0.322212449455447,1
2017-04-28,207.01173400878903,238.0800018310547,238.92999267578125,237.92999267578125,238.8999938964844,63532800,-0.0021793975656283,-0.0021817759087012,235.5759994506836,236.11519958496092,223.92859985351564,59.98638226200385,0.7336871884541267,1.736459667683413,1.64021434793063,81167340.0,0.1066446264868847,1
2017-05-01,207.533432006836,238.67999267578125,239.1699981689453,238.1999969482422,238.67999267578125,66882500,0.0025201228163309,0.0025169526318786,235.72299880981444,236.1943994140625,224.0413998413086,62.0296609971877,0.8433781770478959,1.870353908251444,1.6009130614992009,80824810.0,0.0527239473154024,1
2017-05-02,207.61170959472656,238.7700042724609,238.97999572753903,238.3000030517578,238.83999633789065,57375700,0.0003771225047837,0.0003770514119651,235.8949989318848,236.2679995727539,224.15609985351563,62.34035618722317,0.9268876752306028,1.9868563628368108,1.5351330339479166,79416270.0,-0.1421418158711173,1
2017-05-03,207.3595123291016,238.47999572753903,238.8800048828125,237.6999969482422,238.7700042724609,73137700,-0.0012145937083074,-0.0012153319250617,236.0449989318848,236.3077993774414,224.2664498138428,60.6192886879956,0.9586179374571202,2.065561561190456,1.5097669554209447,80249845.0,0.2747156025983126,1
2017-05-04,207.6030120849609,238.759994506836,238.9199981689453,237.77999877929688,238.8300018310547,61462700,0.0011740975524707,0.0011734088389646,236.2439987182617,236.35739929199215,224.3792997741699,61.71817136215634,0.9948894935334068,2.12804956393457,1.4833549864371942,77882950.0,-0.1596303958150174,1
2017-05-05,208.4203186035156,239.6999969482422,239.72000122070312,238.67999267578125,239.19000244140625,62001300,0.0039370181899518,0.0039292884153709,236.4569984436035,236.4225991821289,224.49234977722168,65.2263050616318,1.0869555570838827,2.2528746557652446,1.4516873834718145,77526225.0,0.0087630383956447,1
2017-05-08,208.3855743408203,239.6600036621093,239.9199981689453,239.1699981689453,239.75,48385700,-0.0001668472534086,-0.00016686117396,236.67999877929688,236.4809991455078,224.60929977416995,64.95357731226197,1.1435097828284029,2.340918024523563,1.4015668560809704,76224895.0,-0.2196018470580455,1
2017-05-09,208.19422912597656,239.44000244140625,240.19000244140625,239.0399932861328,239.9600067138672,51363200,-0.0009179721995382,-0.0009183937940455,236.88499908447267,236.5275991821289,224.72029975891112,63.3835549847322,1.157237243708039,2.39626417490453,1.3835984488804325,75412290.0,0.061536776361611,1
2017-05-10,208.5681610107422,239.8699951171875,239.8699951171875,239.1499938964844,239.38999938964844,54293800,0.0017958263924027,0.0017942158240993,237.12549896240236,236.5955990600586,224.83639976501465,65.15630542935668,1.189105898092464,2.444352511864062,1.3361986468677656,73724715.0,0.0570564139305962,1
2017-05-11,208.1420440673828,239.3800048828125,239.57000732421875,238.1300048828125,239.3500061035156,62358300,-0.0020427324982251,-0.0020448217218897,237.3929992675781,236.5875991821289,224.94954978942872,61.502263116797046,1.1614356126247856,2.3796491574560434,1.3650409031182824,72749410.0,0.1485344551311567,1
2017-05-12,207.79425048828125,238.97999572753903,239.42999267578125,238.6699981689453,239.08999633789065,53912700,-0.0016710215854046,-0.0016724192992644,237.71649932861328,236.60179901123047,225.0618497467041,58.61242191304824,1.0946113183177602,2.1048021362157416,1.3218233033838291,70801025.0,-0.1354366620000866,1
2017-05-15,208.9420623779297,240.3000030517578,240.44000244140625,239.4499969482422,239.47000122070312,61918900,0.0055235055143432,0.0055083068985,238.00299911499025,236.63939910888672,225.1794997406006,64.53456931986227,1.1350816284898997,2.0430380579917613,1.3316935469897853,70476700.0,0.1485030428822893,1
2017-05-16,208.750732421875,240.0800018310547,240.6699981689453,239.6300048828125,240.63999938964844,51241800,-0.0009155273321229,-0.000915946683242,238.3134994506836,236.68679901123048,225.29429977416996,62.918641455950734,1.1363037783579557,1.844052954614483,1.31085781407143,68877500.0,-0.172436848845829,1
2017-05-17,205.04669189453125,235.82000732421875,240.0800018310547,235.75,240.0800018310547,172174100,-0.0177440622890102,-0.0179033755519231,238.43249969482423,236.66319915771484,225.388699798584,41.335280476064526,0.7844833507479336,1.5693344786585346,1.5265109581416625,74051210.0,2.3600322393046302,1
2017-05-18,205.8726501464844,236.7700042724609,237.75,235.42999267578125,235.72999572753903,107047700,0.0040284832445791,0.0040203906326403,238.50400009155277,236.66739929199215,225.4947998046875,45.80040555409576,0.5756838167167189,1.4489827882874076,1.5831892700043115,74774985.0,-0.3782589832036294,1
2017-05-19,207.2117156982422,238.3099975585937,239.0800018310547,237.2700042724609,237.3300018310547,115011400,0.006504173917067,0.0064831130509257,238.69000015258788,236.69639923095704,225.6054498291016,52.15741127030441,0.5283824061362452,1.1219757582361591,1.635104147760702,75006065.0,0.0743939384031604,1
2017-05-22,208.26377868652344,239.5200042724609,239.7100067138672,238.82000732421875,238.8999938964844,61010600,0.0050774483918565,0.0050646016183069,238.80750045776367,236.7329992675781,225.72099983215327,56.47687898075824,0.581826196603771,1.0765475229377215,1.61831164829733,72096100.0,-0.4695256296332364,1
2017-05-23,208.724609375,240.0500030517578,240.2400054931641,239.509994506836,239.9499969482422,48341700,0.0022127537151093,0.0022103091810445,238.88250045776368,236.77779937744137,225.8303498840332,58.254727026792175,0.6593467191464697,1.1094129456539312,1.5548616010138134,70678270.0,-0.2076508016639731,1
2017-05-24,209.21157836914065,240.6100006103516,240.72999572753903,239.92999267578125,240.32000732421875,46927700,0.0023328371234097,0.002330120283364,238.99300079345704,236.8519995117188,225.94314987182617,60.10888499206416,0.7572404184720654,1.1673718188949764,1.500943133209811,68789530.0,-0.0292501091190421,1
2017-05-25,210.21148681640625,241.759994506836,242.0800018310547,240.9600067138672,241.1999969482422,64071700,0.0047794933442801,0.0047681078295482,239.15100021362304,236.90819946289065,226.06104988098144,63.67682328436747,0.9170456456578506,1.3157930439483414,1.498732996602189,69122600.0,0.3653279406406025,1
2017-05-26,210.16799926757807,241.7100067138672,241.8999938964844,241.4499969482422,241.5399932861328,46629900,-0.0002067661900422,-0.0002067875691179,239.33250045776367,236.9727996826172,226.18139991760253,63.41132537837155,1.0278108783938364,1.4074528189889697,1.423823278862191,68277455.0,-0.272223150002263,1
2017-05-30,209.9854888916016,241.5,241.7899932861328,241.1600036621093,241.33999633789065,35201900,-0.0008688374830744,-0.0008692151411252,239.4735008239746,237.06219970703123,226.2956499481201,62.2372817724849,1.0861271390791103,1.478124898763277,1.3671208749451411,66693425.0,-0.2450788013699364,1
2017-05-31,209.9332733154297,241.44000244140625,241.8800048828125,240.63999938964844,241.83999633789065,91796000,-0.0002484370956262,-0.0002484679612337,239.60700073242188,237.15559967041017,226.41054992675785,61.8847598017819,1.1146528698241696,1.5308750131662126,1.3580412048179211,68414440.0,1.607700152548584,1
2017-06-01,211.60272216796875,243.3600006103516,243.3800048828125,241.63999938964844,241.97000122070312,68962000,0.0079522786180028,0.0079208258876084,239.8510009765625,237.3481997680664,226.53189994812013,68.10983087970529,1.2774617393571075,1.7191205406543275,1.3996098645742303,68205655.0,-0.2487472221011808,1
2017-06-02,212.3070068359375,244.1699981689453,244.3500061035156,243.0800018310547,243.4199981689453,88666100,0.0033283923264391,0.0033228654889599,240.121501159668,237.54599975585936,226.66294990539552,70.31267751640269,1.4550757672908787,1.9487130420156695,1.3903523222804215,69565825.0,0.2857240219251182,1
2017-06-05,212.15049743652344,243.9900054931641,244.3000030517578,243.759994506836,243.97000122070312,44698800,-0.0007371613102797,-0.0007374331472784,240.33600158691405,237.74519989013672,226.7910499572754,69.16928192373743,1.563291606865647,2.1277566540047883,1.3296134810405211,68700700.0,-0.4958749736370496,1
2017-06-06,211.4723052978516,243.2100067138672,243.97999572753903,243.1199951171875,243.33999633789065,50375400,-0.0031968472549535,-0.0032019680877318,240.51350173950195,237.93220001220703,226.91279998779297,64.29026978142579,1.568038682749659,2.2146928667497217,1.2967846878216691,68800185.0,0.1269966978979302,1
2017-06-07,211.86355590820312,243.6600036621093,243.9199981689453,242.8300018310547,243.6000061035156,54144300,0.001850240268985,0.001848530682897,240.7245018005371,238.13300018310548,227.0384000396729,65.78953325404864,1.5897857075014483,2.3061711087911103,1.2820140913980231,68939240.0,0.0748162793744566,1
2017-06-08,211.9679107666016,243.77999877929688,244.3300018310547,243.1699981689453,243.7700042724609,65950700,0.0004924694877455,0.0004923482644448,240.92000198364255,238.30220001220704,227.1646500396729,66.19708636805531,1.598279018777788,2.393978764370372,1.2732990607345482,69522085.0,0.2180543473643579,1
2017-06-09,211.64620971679688,243.4100036621093,245.009994506836,241.9499969482422,244.08999633789065,132256400,-0.0015177418944961,-0.0015188948314467,241.12150192260745,238.45960021972652,227.2868500518799,63.67806318839213,1.557204036568777,2.4269108037847484,1.4009203820102096,73016990.0,1.005382808673752,1
2017-06-12,211.60272216796875,243.3600006103516,243.4199981689453,242.3800048828125,243.1300048828125,86108100,-0.0002054272667738,-0.0002054483698449,241.34050216674805,238.6010003662109,227.41440002441405,63.32733577851168,1.5032880203209515,2.4211092541910286,1.3751398751618242,74626760.0,-0.3489305621504894,1
2017-06-13,212.637451171875,244.5500030517578,244.6100006103516,243.5800018310547,243.97999572753903,60067000,0.0048898851019956,0.004877968445439,241.5530021667481,238.7772003173828,227.54865005493164,67.86373518461542,1.5388436095230702,2.509862262067309,1.3662013126502652,74534165.0,-0.3024233492551804,1
2017-06-14,212.367904663086,244.2400054931641,244.8699951171875,243.2899932861328,244.8600006103516,78602300,-0.0012676244315078,-0.0012684285469736,241.76100234985356,238.955400390625,227.6834001159668,65.58766273399442,1.5244347233460758,2.553364532494575,1.3814727782505811,75902190.0,0.3085770889173755,1
2017-06-15,211.9592437744141,243.7700042724609,243.9100036621093,242.3600006103516,242.67999267578125,66464900,-0.001924341672668,-0.0019261955968755,242.1585021972656,239.12120056152344,227.81045013427732,62.182470077512455,1.4582802596088982,2.169820299821052,1.417082214290718,70616730.0,-0.1544153288135334,1
2017-06-16,212.0055084228516,242.63999938964844,242.8300018310547,241.6300048828125,242.7700042724609,84553100,-0.00463553703494,-0.0046463144557278,242.452001953125,239.2784005737305,227.9336501312256,54.81400415541483,1.2996884211903534,1.761090721588741,1.468719155387696,69492000.0,0.2721466518417992,1
2017-06-19,213.77047729492188,244.6600036621093,244.72999572753903,243.47999572753903,243.58999633789065,65123800,0.0083251082984756,0.0082906457220631,242.7695022583008,239.4628005981445,228.0700501251221,63.20721957303491,1.321764234236042,1.532632965477187,1.513096096995046,66997620.0,-0.2297881449645252,1
2017-06-20,212.3288116455078,243.009994506836,244.259994506836,242.9900054931641,244.25,56906400,-0.0067440902909169,-0.0067669344344187,242.94400177001955,239.6190005493164,228.198150100708,54.32989451103119,1.192372596922553,1.3282340888386437,1.5243033878486305,66792410.0,-0.1261812117843246,1
2017-06-21,212.27639770507807,242.9499969482422,243.58999633789065,242.4100036621093,243.4600067138672,55977600,-0.0002468933786676,-0.0002469238618553,243.08900146484376,239.77120056152344,228.32105010986328,54.0327250237289,1.0726229607700477,1.1407342794789048,1.4997097655581093,67174205.0,-0.0163215385264223,1
2017-06-22,212.1802673339844,242.83999633789065,243.52999877929688,242.63999938964844,242.9600067138672,44148100,-0.0004527705772104,-0.0004528731087583,243.20050125122071,239.9268005371094,228.44010009765623,53.45542267971915,0.9578034198160594,0.983873480864524,1.456159024421704,67035225.0,-0.211325601669239,1
2017-06-23,212.43370056152344,243.1300048828125,243.509994506836,242.47000122070312,242.9100036621093,66986800,0.0011942371491322,0.0011935246151813,243.26900177001957,240.10880065917968,228.56070014953613,54.82579124331508,0.8800645361014858,0.9241837689336556,1.426432900258216,67180980.0,0.5173201111712622,1
2017-06-26,212.573471069336,243.2899932861328,244.3800048828125,243.0500030517578,243.8999938964844,56700500,0.0006580364418511,0.0006578200308041,243.3480010986328,240.3244006347656,228.68460014343265,55.60237873628646,0.8218913854663583,0.8483220067832467,1.4195449667436784,67684510.0,-0.1535571187159261,1
2017-06-27,210.8609161376953,241.3300018310547,243.3800048828125,241.3099975585937,243.0399932861328,82247700,-0.0080561942914478,-0.0080888207730104,243.3395011901856,240.4596005249024,228.82485015869145,45.32296188089549,0.6105952523930966,0.868426354517418,1.4660065637061876,70036800.0,0.4505639280076896,1
2017-06-28,212.7482452392578,243.4900054931641,243.72000122070312,242.22999572753903,242.5,70042600,0.0089504149741876,0.0089105974227858,243.44200134277344,240.65200073242187,228.96060020446777,55.16113963967553,0.6103994829752537,0.7445787489431831,1.5320060512734912,68949130.0,-0.1483944231875177,1
2017-06-29,210.8784027099609,241.3500061035156,243.72000122070312,239.9600067138672,243.6600036621093,106949700,-0.0087888592606261,-0.0088277090820899,243.34150161743165,240.81020080566407,229.10120025634765,46.27694248888251,0.4325777808898863,0.879631167301095,1.691148083813666,70848515.0,0.5269236150571224,1
2017-06-30,211.2715759277344,241.8000030517578,242.7100067138672,241.5800018310547,242.27999877929688,86820700,0.0018644994276453,0.0018627634061266,243.22300186157227,240.9394009399414,229.244450302124,48.16740685859179,0.3242263146612174,0.9208187509120096,1.6674946928520893,70756245.0,-0.1882099716034734,1
2017-07-03,211.6298828125,242.2100067138672,243.3800048828125,242.2100067138672,242.8800048828125,39153800,0.0016956313355447,0.0016941953757414,243.1340019226074,241.09180114746093,229.37910034179689,49.89734804907653,0.2683475228308793,0.9287705819572768,1.6612452027237037,70478995.0,-0.5490269025704699,1
2017-07-05,212.1190795898437,242.7700042724609,243.009994506836,241.6999969482422,242.6300048828125,54427600,0.0023120331244417,0.0023093644883825,243.11200180053712,241.20380126953123,229.52610038757325,52.241893125802,0.2661819211099328,0.9320808226157064,1.636156085285854,70681605.0,0.3900975128850839,1
2017-07-06,210.17941284179688,240.5500030517578,242.02999877929688,240.33999633789065,241.88999938964844,65400800,-0.009144462584478,-0.0091865298337696,242.95650177001957,241.24380126953125,229.66180038452148,43.54293341284468,0.0843576979265208,1.083042617048256,1.6928597888061685,71244430.0,0.2016109473869876,1
2017-07-07,211.54244995117188,242.1100006103516,242.27999877929688,240.5599975585937,241.2100067138672,57972300,0.0064851279933599,0.0064641900256622,242.87300186157228,241.31800140380855,229.80525039672847,49.86093890414488,0.06538573061448,1.0805850533106256,1.695512355858518,70845510.0,-0.1135842375016819,1
2017-07-10,211.7696075439453,242.3699951171875,242.8000030517578,241.759994506836,242.1100006103516,36663300,0.0010738693411278,0.0010732931559084,242.82100143432615,241.393401184082,229.93800033569332,50.848186696446696,0.0705168196689953,1.0784047930006595,1.6486906550773253,66065855.0,-0.3675720990887027,1
2017-07-11,211.6123504638672,242.19000244140625,242.5500030517578,240.8500061035156,242.3699951171875,50354600,-0.0007426359673532,-0.0007429118580426,242.7625015258789,241.47560119628903,230.0630503845215,50.11253591776701,0.0593749031147581,1.0793608217076804,1.652355390303389,64278180.0,0.3734333788829702,1
2017-07-12,213.2025451660156,244.009994506836,244.1999969482422,243.3000030517578,243.3000030517578,59610400,0.0075147283004386,0.0074866333923344,242.7355010986328,241.58220123291017,230.20315032958985,56.90223223767592,0.1951533964684415,1.038264555486206,1.6779010414842852,64255350.0,0.1838124024418821,1
2017-07-13,213.5607452392578,244.4199981689453,244.5500030517578,243.759994506836,244.0200042724609,39471600,0.0016802740516346,0.0016788639705178,242.74450073242187,241.69520111083983,230.35405029296876,58.27978543765573,0.3320154324384248,1.0526720260706266,1.6144801488726803,62298815.0,-0.3378403768469932,1
2017-07-14,214.55682373046875,245.5599975585937,245.97000122070312,244.3099975585937,244.4199981689453,60262700,0.0046641003117118,0.0046532570986698,242.83400039672853,241.83680114746093,230.50400024414063,61.924019518093566,0.5263999938974848,1.2089449633612088,1.6177318283895912,61988705.0,0.5267356783104815,1
2017-07-17,214.5306396484375,245.52999877929688,245.9100036621093,245.3300018310547,245.47000122070312,33531900,-0.0001221647645995,-0.0001221722273222,242.9785003662109,241.97220123291012,230.64845024108888,61.771112014112326,0.6703036651377943,1.3491240165527154,1.5436082571513798,59437645.0,-0.4435712306285646,1
2017-07-18,214.644271850586,245.6600036621093,245.72000122070312,244.6699981689453,245.0599975585937,42742500,0.0005294867570513,0.0005293466284003,243.02850036621092,242.0914013671875,230.8033502960205,62.206649777800045,0.7857806783835883,1.430781590242203,1.5083507424804108,58318580.0,0.2746817209880741,1
2017-07-19,215.80630493164065,246.9900054931641,247.0,246.009994506836,246.0200042724609,51034300,0.0054139941839459,0.0053993912007004,243.22750091552732,242.2380014038086,230.95680030822757,66.4214185598407,0.9733963684080322,1.6826786172807722,1.4963254278668587,58024975.0,0.193994268000234,1
2017-07-20,215.9024200439453,247.1000061035156,247.4199981689453,246.47000122070312,247.27999877929688,47135200,0.0004453646216651,0.0004452654762781,243.43500137329104,242.3912014770508,231.11340034484863,66.75167829635805,1.1180708594990278,1.889791111148186,1.457301965036525,57582855.0,-0.0764015573839554,1
2017-07-21,215.710205078125,246.8800048828125,246.9100036621093,246.17999267578125,246.44000244140625,82340800,-0.0008903327206351,-0.0008907293022223,243.63700180053712,242.53140167236327,231.2744004058838,65.36694494621943,1.2011283165712427,2.033312479778422,1.4189242123720838,59492490.0,0.746906770311784,1
2017-07-24,215.65774536132807,246.82000732421875,246.97999572753903,246.27999877929688,246.7899932861328,46622300,-0.0002430231586484,-0.0002430526935614,243.8215019226074,242.6802017211914,231.4303504180908,64.97110702195941,1.2477276208104229,2.14900840727651,1.367572264934232,58474265.0,-0.4337885956901074,1
2017-07-25,216.1820068359375,247.4199981689453,247.8000030517578,247.1600036621093,247.67999267578125,54915600,0.0024308841541293,0.002427934334723,244.02800216674805,242.84900177001956,231.58855041503907,67.11569380196588,1.3178804465508165,2.2891084491107625,1.3398882265488627,58385020.0,0.1778826870403218,1
2017-07-26,216.1907196044922,247.42999267578125,247.7899932861328,247.1300048828125,247.75,47575400,4.039490303897608e-05,4.039408718685109e-05,244.3330017089844,242.9916015625,231.7505004119873,67.15177081749657,1.3586221886699548,2.316919137912496,1.2913239534611092,56651405.0,-0.1336632942187647,1
2017-07-27,215.9898223876953,247.1999969482422,248.0,245.67999267578125,247.9600067138672,70766600,-0.0009295385941365,-0.0009299708830424,244.51850128173828,243.13400146484372,231.905700378418,65.37434153772126,1.3567122455274614,2.393136994265065,1.364801337086655,56687605.0,0.4874620076762359,1
2017-07-28,215.73643493652344,246.9100036621093,247.0599975585937,246.1300048828125,246.6499938964844,50088400,-0.0011731120134017,-0.001173800647916,244.796501159668,243.35580139160152,232.0731004333496,63.10625245036506,1.316621375561624,2.3277415312679377,1.3437435319683002,53844540.0,-0.2922028188439178,1
2017-07-31,215.6140899658203,246.7700042724609,247.47999572753903,246.52999877929688,247.3699951171875,65838700,-0.0005670057412496,-0.0005671665497941,245.0450012207031,243.55580139160156,232.2384004211426,61.98814307122113,1.2590388751256398,2.25516833436591,1.3156187759878617,52795440.0,0.3144500523075202,1
2017-08-01,216.0946502685547,247.32000732421875,247.5,246.72000122070312,247.4600067138672,55050400,0.0022288083731221,0.0022263282641814,245.3005012512207,243.73600158691409,232.4099504852295,64.6388511785297,1.243451246432869,2.206005603318285,1.2773602047956485,53590270.0,-0.1638595537275189,1
2017-08-02,216.1995086669922,247.44000244140625,247.6000061035156,246.3699951171875,247.47000122070312,47211200,0.0004851816013016,0.0004850639387654,245.534001159668,243.89440155029297,232.58155052185057,65.20887686688005,1.2266405923160733,2.1709367363804466,1.2739781177622516,53229450.0,-0.1424004185255692,1
2017-08-03,215.7801055908203,246.9600067138672,247.33999633789065,246.63999938964844,247.3099975585937,40856000,-0.0019398469237111,-0.001941730863519,245.85450134277343,244.0326016235352,232.75445053100583,60.97463418117031,1.161200784274854,1.8451245473223727,1.2401227559047918,52002210.0,-0.1346121259362185,1
2017-08-04,216.1732940673828,247.4100036621093,247.7899932861328,246.97000122070312,247.5200042724609,60191800,0.0018221450275692,0.0018204869352028,246.11950149536133,244.16860168457032,232.92295051574703,63.37565420429805,1.1325944144809623,1.64922641228228,1.21082731421628,52113185.0,0.473267084393969,1
2017-08-07,216.57516479492188,247.8699951171875,247.8699951171875,247.3699951171875,247.4900054931641,31995000,0.0018592273888262,0.0018575011648819,246.3945014953613,244.2908016967773,233.0909004974365,65.69883269402716,1.1339694326887582,1.4358554622411774,1.1600539346294028,51879770.0,-0.4684491907535578,1
2017-08-08,216.042221069336,247.259994506836,248.9100036621093,246.8300018310547,247.509994506836,61719400,-0.0024609699534754,-0.0024640031174034,246.6480010986328,244.40180145263668,233.25780044555663,60.24157791684772,1.0734629802288111,1.050262176329415,1.2257644986597762,52448010.0,0.9290326613533364,1
2017-08-09,216.0334930419922,247.25,247.3099975585937,246.0599975585937,246.47000122070312,62632600,-4.042104286194892e-05,-4.042185981431673e-05,246.81000137329104,244.51680145263668,233.42415046691892,60.153413642416005,1.0130271610298962,0.8533649882619018,1.2274956058983637,52599120.0,0.0147959960725476,1
2017-08-10,212.984115600586,243.759994506836,246.44000244140625,243.6999969482422,246.2899932861328,120479500,-0.0141152901644651,-0.014215858360501,246.7770011901856,244.56320129394527,233.56850044250487,38.79967854314606,0.6757276945557464,0.9571077755837212,1.3933889948883242,56649515.0,0.9235909095263488,1
2017-08-11,213.2986755371093,244.1199951171875,244.8000030517578,243.75,244.0200042724609,74869900,0.0014768650248775,0.0014757755322837,246.7050010681152,244.578401184082,233.7182504272461,41.12151697100337,0.4324791276931989,1.0973641546103794,1.3688614275218591,57379875.0,-0.3785673081312588,1
2017-08-14,215.41310119628903,246.5399932861328,246.7899932861328,245.5500030517578,245.58999633789065,73291900,0.0099131501611886,0.0098643372164041,246.75550079345703,244.62580108642572,233.8822503662109,53.8080068485141,0.4300195161048634,1.0631518783624343,1.4617997661949629,59367875.0,-0.0210765608074806,1
2017-08-15,215.3868560791016,246.509994506836,247.0,246.1600036621093,246.97999572753903,55242700,-0.0001216791600298,-0.0001216865635393,246.79800033569336,244.6762008666992,234.0489503479004,53.65367428766811,0.4207988976674528,1.0336338953578297,1.4173852356018,59992885.0,-0.2462645940410878,1
2017-08-16,215.7626495361328,246.94000244140625,247.57000732421875,246.4499969482422,247.1100006103516,56715500,0.0017443833684331,0.0017428636987661,246.79550018310547,244.75080078125,234.2209503936768,55.61870003842579,0.4430819646389921,1.0332054150807544,1.3961441741999974,60276945.0,0.026660536143237,1
2017-08-17,212.39871215820312,243.08999633789065,246.6000061035156,243.08999633789065,246.2400054931641,128490400,-0.0155908563434518,-0.0157136719503208,246.59499969482425,244.7394006347656,234.37365036010743,39.47917797424636,0.1483678468617313,1.3202228906834728,1.5714200262939688,64344705.0,1.265525297317312,1
2017-08-18,212.0667266845703,242.7100067138672,244.19000244140625,242.1999969482422,242.8999938964844,136748000,-0.0015631643825247,-0.0015643873986511,246.38649978637696,244.71800079345704,234.53215042114255,38.29793247090924,-0.1145368917389646,1.5771272920134898,1.6013189882132612,67065065.0,0.0642662798154569,1
2017-08-21,212.23269653320312,242.8999938964844,243.1999969482422,241.8300018310547,242.63999938964844,65469700,0.00078277441128,0.0007824682031747,246.19049911499025,244.70780059814453,234.6979503631592,39.27622353755641,-0.3040554513827089,1.7540741849562815,1.584795854568564,68007435.0,-0.5212383362096704,1
2017-08-22,214.4520263671875,245.44000244140625,245.6199951171875,243.5500030517578,243.57000732421875,63140100,0.010457013621846,0.0104027172455129,246.09149932861328,244.74940063476564,234.88125038146973,50.56185991686984,-0.2464518697265418,1.7368196412681431,1.665881952149602,68418660.0,-0.0355828726876708,1
2017-08-23,213.68313598632807,244.5599975585937,245.0500030517578,244.1600036621093,244.3300018310547,50203800,-0.0035854175116488,-0.0035918605262237,245.9479995727539,244.74960052490235,235.06130035400392,47.283112756531416,-0.2687121098530838,1.7389712096543457,1.6383188683744112,68550080.0,-0.2048824756375108,1
2017-08-24,213.18505859375,243.9900054931641,245.17999267578125,243.75,245.0,50741700,-0.0023306839676142,-0.0023334042390433,245.7875,244.74460052490235,235.2155004119873,45.23692097843835,-0.3285596751733521,1.7652707802207526,1.6234384260463284,67548835.0,0.010714328397452,1
2017-08-25,213.68313598632807,244.5599975585937,245.6100006103516,244.38999938964844,244.8999938964844,64445900,0.0023361287454275,0.0023334042390433,245.6699996948242,244.760400390625,235.36775039672847,47.67546358734573,-0.3262350709862858,1.764832763217672,1.623192475413555,68266710.0,0.2700776678747461,1
2017-08-28,213.6918334960937,244.57000732421875,245.1999969482422,244.08999633789065,245.1699981689453,40565600,4.092969301994209e-05,4.092885542291172e-05,245.5599998474121,244.7990005493164,235.50870040893557,47.71949089014053,-0.3198975214908728,1.7612201628171331,1.5865359136234107,67003055.0,-0.3705480100363251,1
2017-08-29,213.9365234375,244.8500061035156,245.1499938964844,242.92999267578125,243.0599975585937,51135700,0.001144861474881,0.0011442066207465,245.4364997863769,244.80280059814453,235.6483504486084,49.011907029790336,-0.2889505641759911,1.7173641411492613,1.631783435557678,66807320.0,0.2605680675251938,1
2017-08-30,214.95001220703125,246.009994506836,246.32000732421875,244.6199951171875,244.8300018310547,62030800,0.0047375469650998,0.0047263601077375,245.36499938964843,244.86280059814453,235.79630043029783,54.0768696199026,-0.1688768011809713,1.6583136558729503,1.6366569192343616,67548300.0,0.2130624984110904,1
2017-08-31,216.2431640625,247.4900054931641,247.7700042724609,246.0500030517578,246.72000122070312,103803900,0.0060160604015093,0.0059980361639407,245.3914993286133,244.95360076904296,235.95080047607425,59.59216783275185,0.0451861607721468,1.6890925169296032,1.6454678368336868,70695695.0,0.673425137189912,1
2017-09-01,216.5489501953125,247.83999633789065,248.3300018310547,247.6699981689453,247.9199981689453,62007000,0.0014141615295903,0.0014131625448807,245.4129989624024,245.05360076904296,236.0986004638672,60.791378591364456,0.240303863183442,1.7186158791190194,1.587934158337752,70786455.0,-0.4026525014956085,1
2017-09-05,214.99371337890625,246.0599975585937,247.5200042724609,244.9499969482422,247.259994506836,91398800,-0.0071820481181342,-0.0072079631824284,245.32249908447267,245.1122006225586,236.2395504760742,52.29156657082701,0.2484411477705066,1.627674200879721,1.6809388177170883,73756645.0,0.474007773315916,1
2017-09-06,215.7276153564453,246.8999938964844,247.27999877929688,246.22999572753903,246.83999633789065,57916900,0.0034137866627048,0.0034079729205087,245.30449905395508,245.18440063476564,236.3791004180908,55.45670045149599,0.3189935299109834,1.6069792539232,1.6480147036446666,73566520.0,-0.3663275666638949,1
2017-09-07,215.70144653320312,246.8699951171875,247.2700042724609,246.3999938964844,247.25,58034700,-0.0001215017417517,-0.0001215091236863,245.28549880981444,245.29520050048828,236.5209503936768,55.31555882871942,0.3682412938672996,1.58486007909113,1.5924429659540835,73336625.0,0.002033948640207,1
2017-09-08,215.44805908203125,246.5800018310547,247.1100006103516,246.3000030517578,246.5399932861328,63832800,-0.0011746801631163,-0.001175370640639,245.4264991760254,245.3570004272461,236.6531004333496,53.8877816707601,0.37949587478127,1.5673443944220848,1.5365540082854905,70504290.0,0.0999074691520762,1
2017-09-11,217.7460327148437,249.2100067138672,249.3000030517578,248.0200042724609,248.0399932861328,71364800,0.0106659293668691,0.0106094495934801,245.68099975585935,245.51420043945316,236.79625045776368,63.171986510919645,0.5937897863794319,1.7469878753266777,1.6210859520296073,70329035.0,0.1179957639332756,1
2017-09-12,218.47998046875,250.0500030517578,250.08999633789065,249.4199981689453,249.6300048828125,56896000,0.0033706364722949,0.0033649686098124,245.85650024414065,245.67920043945315,236.94300048828129,65.55722780277544,0.8219252963649524,1.996334503942704,1.568150500029169,69509240.0,-0.2027442100307154,1
2017-09-13,218.58482360839844,250.1699981689453,250.2100067138672,249.58999633789065,249.72000122070312,59228000,0.0004798844859947,0.0004797693782589,246.03950042724608,245.8384002685547,237.08625045776367,65.89702295843061,1.000869533806025,2.2151524343009314,1.5004262054539803,69708505.0,0.0409870641169853,1
2017-09-14,218.514892578125,250.08999633789065,250.32000732421875,249.6000061035156,249.8000030517578,95446300,-0.0003197898694495,-0.0003198410131336,246.1970001220703,245.98480010986327,237.23430046081543,65.43353282986516,1.1232801773716403,2.387804497020612,1.4446815636860644,71645045.0,0.6115063821165665,1
2017-09-15,218.80908203125,249.19000244140625,249.2899932861328,248.57000732421875,248.69000244140625,95432400,-0.0035986801138117,-0.0036051709400429,246.5020004272461,246.15760009765623,237.3757004547119,60.29564127890202,1.134590653638014,2.3594678553631,1.4500606672564815,69992145.0,-0.0001456316274177,1
2017-09-18,219.2744598388672,249.72000122070312,250.1199951171875,249.27999877929688,249.6100006103516,46235200,0.0021268862077301,0.0021246275872453,246.85250015258788,246.3098001098633,237.52240043640137,62.179018641616,1.17280143477484,2.2860445531924385,1.4129129535796794,65466505.0,-0.5155188384657621,1
2017-09-19,219.4939880371093,249.97000122070312,250.07000732421875,249.6000061035156,250.0,47108100,0.0010011212509126,0.001000620463238,247.2060005187988,246.4618002319336,237.6744004058838,63.068918241945646,1.2093164178902498,2.187178563588181,1.3455621155170705,64548425.0,0.0188795549711042,1
2017-09-20,219.57302856445312,250.0599975585937,250.19000244140625,248.9199981689453,250.07000732421875,59574100,0.0003600285532308,0.0003599637585027,247.4370002746582,246.61920013427732,237.82630043029783,63.40274888307789,1.2313228342609648,2.2343088353299487,1.340165126727347,64370125.0,0.264625404123707,1
2017-09-21,218.98464965820312,249.38999938964844,249.97999572753903,249.19000244140625,249.8800048828125,48211400,-0.0026793496580286,-0.0026829455398429,247.67850036621093,246.7268002319336,237.9682504272461,59.11834966730766,1.1810850121368617,2.1669915902436485,1.3065815546173538,64270505.0,-0.1907322141668946,1
2017-09-22,219.0285797119141,249.44000244140625,249.6300048828125,249.0200042724609,249.0500030517578,51214000,0.0002005014310124,0.0002004813332869,247.95100021362305,246.8272003173828,238.10695045471192,59.3391834531506,1.1322540842637636,2.0161710752285944,1.256825772884085,64294120.0,0.0622798757140428,1
2017-09-25,218.5807647705078,248.92999267578125,249.5500030517578,248.0800018310547,249.1499938964844,57064400,-0.0020446189890684,-0.0020467120760038,248.1694999694824,246.89460021972656,238.22860038757324,56.01555544673776,1.0404085146350894,1.8600884904744543,1.2720525905854452,63925045.0,0.1142343890342485,1
2017-09-26,218.71246337890625,249.0800018310547,249.6999969482422,248.8099975585937,249.4199981689453,54082000,0.0006026158345202,0.0006024343345111,248.3949996948242,246.9656002807617,238.3482504272461,56.78230997779296,0.9685597700232051,1.6637674190562806,1.244763076232806,64600865.0,-0.0522637581399261,1
2017-09-27,219.5642547607422,250.0500030517578,250.4900054931641,248.8699951171875,249.8800048828125,81001400,0.0038943360108092,0.0038867727139802,248.65499954223637,247.0534002685547,238.4659504699707,61.46073684296035,0.9786093151267324,1.4763820751651051,1.271566454785933,66094150.0,0.4977515624422173,1
2017-09-28,219.82765197753903,250.3500061035156,250.44000244140625,249.6300048828125,249.72999572753903,44778800,0.0011997722379379,0.0011990530863811,248.87200012207032,247.1206002807617,238.58645050048827,62.80194623967456,0.9992625148195486,1.3831616562299247,1.238597247915063,65231550.0,-0.4471848634714955,1
2017-09-29,220.600341796875,251.22999572753903,251.32000732421875,250.1300048828125,250.33999633789065,85578000,0.0035150373579762,0.0035088740527715,249.05899963378903,247.20320007324216,238.7038005065918,66.48622966176382,1.0742547921098833,1.4382087717466918,1.2351261903072908,64320255.0,0.911127587161782,1
2017-10-02,221.55751037597656,252.32000732421875,252.32000732421875,251.2899932861328,251.4900054931641,59023000,0.0043387000565882,0.0043293150335721,249.28300018310543,247.31200012207032,238.83600051879884,70.39735378936118,1.2077196975043023,1.5802252029912154,1.2247608621910353,64171055.0,-0.3103017130570941,1
2017-10-03,222.03160095214844,252.8600006103516,252.88999938964844,252.22999572753903,252.32000732421875,66810200,0.0021401128347264,0.0021378260553165,249.62300033569332,247.43279998779295,238.9662505340576,72.13243293618699,1.3415994188864886,1.5818095270077792,1.1844210621852045,62941625.0,0.1319350083865611,1
2017-10-04,222.29507446289065,253.1600036621093,253.44000244140625,252.5599975585937,252.69000244140625,55953600,0.0011864393381064,0.0011857360751525,249.9360008239746,247.54760009765624,239.1068505859375,73.07658279440857,1.4551339235981118,1.6331524015122392,1.1626770493728726,62843460.0,-0.162499139352973,1
2017-10-05,223.6122283935547,254.6600036621093,254.67999267578125,253.1999969482422,253.5399932861328,63522800,0.0059251065662095,0.0059076221529796,250.32550125122071,247.6922003173828,239.2525006103516,77.2304013555942,1.6471608555106627,1.7852929691597978,1.188199332537091,63117865.0,0.1352763718509622,1
2017-10-06,223.3574981689453,254.3699951171875,254.6999969482422,253.8500061035156,254.1499938964844,80646000,-0.0011388068041756,-0.001139455737364,250.71500091552736,247.83560028076167,239.39235061645508,74.82671263284075,1.7557036577787244,1.774870101761018,1.1640415834077695,63958525.0,0.2695599060494815,1
2017-10-09,222.9887084960937,253.9499969482422,254.6999969482422,253.6499938964844,254.6300048828125,35803100,-0.0016511309392124,-0.0016524955582182,250.9520004272461,247.9764001464844,239.533250579834,71.36267697992085,1.7872321684970984,1.876866510940804,1.1558959740041992,62180440.0,-0.556046177119758,1
2017-10-10,223.5770263671875,254.6199951171875,255.0500030517578,253.97999572753903,254.6000061035156,43057400,0.0026383074502729,0.0026348332265438,251.1805000305176,248.1333999633789,239.67945053100587,73.47244098737119,1.8450138223547012,2.032968719878425,1.1519038403978723,61488510.0,0.2026165332052252,1
2017-10-11,223.9283142089844,255.0200042724609,255.0200042724609,254.32000732421875,254.509994506836,47674300,0.0015710044888237,0.0015697717521927,251.42300033569336,248.2873999023437,239.8260005187988,74.67216282832385,1.901168112580024,2.189338104199923,1.1196247766724643,60910825.0,0.1072266323558783,1
2017-10-12,223.59458923339844,254.63999938964844,255.0599975585937,254.3699951171875,254.6600036621093,47065100,-0.0014900983312919,-0.0014912096319124,251.65050048828124,248.4313998413086,239.9678504943848,71.36996789782908,1.893184125807608,2.278132686653393,1.088937467010588,58491765.0,-0.0127783732535139,1
2017-10-13,223.86685180664065,254.9499969482422,255.2700042724609,254.63999938964844,255.13999938964844,54800400,0.0012173953791108,0.0012166549542219,251.93850021362303,248.59119964599608,240.1206005096436,72.44066467325746,1.8900832676166883,2.3145038303871086,1.056156568139294,56460165.0,0.1643532043913642,1
2017-10-16,224.1653594970703,255.2899932861328,255.509994506836,254.82000732421875,255.2100067138672,38221700,0.0013335804744474,0.0013326920457795,252.2169998168945,248.74879943847657,240.27530044555664,73.60651306774908,1.893236624847333,2.368001145644548,1.0300016120305762,56059490.0,-0.3025288136582944,1
2017-10-17,224.3233795166016,255.47000122070312,255.5200042724609,254.97999572753903,255.22999572753903,31561000,0.0007051115958491,0.0007048631214624,252.4919998168945,248.9007995605469,240.4350004577637,74.2281279441612,1.8884914650382711,2.412267709368752,0.9950021072370976,55282135.0,-0.1742648809445942,1
2017-10-18,224.54293823242188,255.72000122070312,255.9499969482422,255.5,255.8999938964844,40888300,0.0009785884792947,0.0009781099737367,252.775,249.06999969482425,240.58740043640137,75.10506548219234,1.8831954969253104,2.443737975202153,0.9582159372586664,54347845.0,0.2955324609486391,1
2017-10-19,224.6044006347656,255.7899932861328,255.8300018310547,254.3500061035156,254.8300018310547,61903800,0.000273705870075,0.0002736684194568,253.09499969482425,249.2407995605469,240.73345039367675,75.3578755268465,1.8631687294417527,2.395711187969177,0.9954859222786968,55032465.0,0.5139734349434923,1
2017-10-20,225.7635040283203,257.1099853515625,257.1400146484375,255.7700042724609,256.70001220703125,89176400,0.0051604523244703,0.0051471828218862,253.47849884033204,249.50779937744144,240.88700035095212,79.5712682215084,1.9315440623656173,2.393729559058222,1.0222376689714034,56930585.0,0.4405642303057324,1
2017-10-23,224.8853759765625,256.1099853515625,257.510009765625,256.0199890136719,257.4800109863281,63915300,-0.0038893860875633,-0.0038969694190213,253.8374984741211,249.7475991821289,241.03150024414063,69.83012412534063,1.8833305019798845,2.206772840536875,1.0556507463272409,57273130.0,-0.2832711345154098,1
2017-10-24,225.28054809570312,256.5599975585937,256.8299865722656,256.1499938964844,256.6000061035156,66935900,0.0017571052780838,0.0017555633745317,254.21149826049805,249.94799926757813,241.18200019836425,71.51980843720847,1.8599922987972093,1.9802683387659863,1.0316757802112324,57915825.0,0.0472594198885087,1
2017-10-25,224.1653594970703,255.2899932861328,256.3099975585937,254.0,256.17999267578125,103715300,-0.0049501258362416,-0.0049624182920526,254.4734977722168,250.123599243164,241.3261501312256,61.1168148303289,1.7192000062065065,1.731747298965269,1.1408416215242654,59051520.0,0.5494719574996376,1
2017-10-26,224.4551239013672,255.6199951171875,256.29998779296875,255.47999572753903,255.9900054931641,69798000,0.0012926547837102,0.0012918200248079,254.7369972229004,250.2971990966797,241.468750076294,62.63758229118376,1.6156255639907613,1.449185957555849,1.1314953990465275,60302480.0,-0.32702311038005,1
2017-10-27,226.29031372070312,257.7099914550781,257.8900146484375,255.6300048828125,256.4700012207031,85562500,0.0081761848752577,0.0081429409583787,255.06099700927732,250.5895989990234,241.62465003967284,70.50544374134842,1.6827891639783277,1.3444383847347567,1.212818551346776,60301705.0,0.2258589071320096,1
2017-10-30,225.4473571777344,256.75,257.6000061035156,256.4100036621094,256.4700012207031,54285700,-0.0037250843463919,-0.0037320397514387,255.2824966430664,250.87039886474605,241.7731500244141,63.85399384875292,1.6396526186748588,1.2290612962812917,1.2190449257483456,60064840.0,-0.3655433162892623,1
2017-10-31,225.79861450195312,257.1499938964844,257.44000244140625,256.8099975585937,257.17999267578125,60304800,0.001557911962938,0.0015566996770224,255.49699630737305,251.15539886474605,241.9276499938965,65.32196926010567,1.6190790251375802,1.1562211264917135,1.181256176866767,59739570.0,0.1108781870732071,1
2017-11-01,226.0971069335937,257.489990234375,258.42999267578125,257.07000732421875,258.0400085449219,54202700,0.0013221712850886,0.0013212979863173,255.71349563598636,251.39639862060545,242.08134994506835,66.56495441224259,1.6116312847889844,1.0995968054562282,1.194022546487891,59652025.0,-0.1011876334885448,1
2017-11-02,226.1849365234375,257.5899963378906,257.75,256.19000244140625,257.4100036621094,56449500,0.0003883883153072,0.0003883129120887,255.8599952697754,251.65699859619136,242.2397499084473,66.94031372229,1.595407686963938,1.1460530953080954,1.2201636187811666,59298360.0,0.0414518095962008,1
2017-11-03,226.94012451171875,258.45001220703125,258.5,257.29998779296875,257.7699890136719,59589700,0.0033387005759824,0.0033331394896447,256.0639961242676,251.94619873046872,242.3982999420166,70.0538303863591,1.6331208612836008,1.2271292248670052,1.218724232227601,58245545.0,0.0556284820946155,1
2017-11-06,227.2913360595703,258.8500061035156,259.0,258.2200012207031,258.29998779296875,49652600,0.0015476644518939,0.0015464680535225,256.3089965820312,252.2319989013672,242.56180000305176,71.40281600279735,1.675965501153513,1.2712081107952111,1.1873866998754063,58938020.0,-0.1667586848062668,1
2017-11-07,227.13331604003903,258.6700134277344,259.3500061035156,258.0899963378906,258.9700012207031,57502200,-0.0006953551150749,-0.0006955969865738,256.5114974975586,252.5139990234375,242.71715003967284,69.87739783336491,1.676075526902025,1.309981384756094,1.192574061714663,59660260.0,0.1580904121838533,1
2017-11-08,227.5196228027344,259.1099853515625,259.2200012207031,258.1499938964844,258.4700012207031,50469600,0.0017009003788182,0.0016994554859494,256.7159965515137,252.79919860839843,242.8648499298096,71.48123090867365,1.692158629011459,1.38214484664934,1.1838192947506694,59800025.0,-0.1223014075983179,1
2017-11-09,226.6942901611328,258.1700134277344,258.3900146484375,256.3599853515625,257.7300109863281,95085500,-0.0036276947125475,-0.0036342907541265,256.892497253418,253.0423989868164,243.00904998779296,63.68030079363815,1.6104919757261769,1.3273938468822546,1.2956893451256215,62201045.0,0.8840153280390572,1
2017-11-10,226.6240234375,258.0899963378906,258.2900085449219,257.3699951171875,257.7300109863281,59984700,-0.000309939519239,-0.0003099875604187,257.0494972229004,253.2543988037109,243.1546499633789,63.04950527116026,1.5217718159769331,1.2700027120450288,1.2688553510262468,62460260.0,-0.369149870379816,1
2017-11-13,226.834701538086,258.3299865722656,258.5899963378906,257.2699890136719,257.3099975585937,50228600,0.0009298703467017,0.000929438285091,257.20149688720704,253.4641986083984,243.30854988098145,64.19507560307147,1.4540641104713927,1.229611658738006,1.27250906339714,63060605.0,-0.1626431406675369,1
2017-11-14,226.30789184570312,257.7300109863281,257.8500061035156,256.5199890136719,257.4100036621094,61315200,-0.0023225162277847,-0.0023252174518338,257.31449737548826,253.6975988769531,243.4595499420166,59.24956267628679,1.3365849313769331,1.1642214361989225,1.3109010987683265,64548315.0,0.2207228551064533,1
2017-11-15,225.1751708984375,256.44000244140625,257.2200012207031,255.6300048828125,256.6199951171875,80811500,-0.0050052709809969,-0.0050178393059145,257.3504974365234,253.88839904785152,243.6036499786377,50.28039751855963,1.126404437831923,1.1227134145222617,1.367265741964562,66544475.0,0.3179684645895309,1
2017-11-16,227.0894012451172,258.6199951171875,259.0400085449219,257.4700012207031,257.5199890136719,67777000,0.008500985240317,0.0084650553480102,257.4919975280762,254.12339904785156,243.7578999328613,61.01937246561185,1.122799142805377,1.0936474090581707,1.455318624932495,66838135.0,-0.1612951127005438,1
2017-11-17,226.4219970703125,257.8599853515625,258.5899963378906,257.7699890136719,258.2200012207031,75756800,-0.002938712319133,-0.0029430388124721,257.5294975280761,254.34899871826167,243.9004998779297,56.44229105570227,1.04655148998188,1.0927171634504071,1.4120820162598613,66167155.0,0.11773610516842,1
2017-11-20,226.80841064453125,258.29998779296875,258.5199890136719,257.8599853515625,258.1400146484375,48075500,0.0017063618490722,0.0017049076676969,257.6389976501465,254.53079833984373,244.0473498535156,58.38835189805611,1.0099866975972418,1.0519510715317384,1.3583621338205407,65375165.0,-0.3653969016642731,1
2017-11-21,228.2923126220703,259.989990234375,260.20001220703125,258.260009765625,259.17999267578125,69176800,0.0065427894745422,0.006521478333189,257.81049728393555,254.7295980834961,244.20259979248047,64.87883757928725,1.104644257891323,1.1424835027432738,1.3999078700766627,65487210.0,0.4389200320329482,1
2017-11-22,228.0904083251953,259.760009765625,260.1499938964844,259.57000732421875,260.0,45033400,-0.0008845743197369,-0.0008849657864718,258.0339981079102,254.92139831542968,244.3551998138428,63.42893766910048,1.1478716052540108,1.057522145438098,1.34134206309016,62553115.0,-0.3490100727411502,1
2017-11-24,228.6172332763672,260.3599853515625,260.4800109863281,260.1600036621094,260.32000732421875,27856500,0.0023097303795101,0.0023070670525534,258.27099761962893,255.1267980957031,244.503999710083,65.5894365883905,1.2165193275046136,1.0184647765675194,1.296960574348229,60456040.0,-0.3814257861942469,1
2017-11-27,228.50311279296875,260.2300109863281,260.75,260.0,260.4100036621094,52274900,-0.0004992102187241,-0.0004993348656304,258.3969985961914,255.34759826660152,244.6475997924805,64.69774548339967,1.2460713619271928,1.0981712083328734,1.2578919618947844,58791660.0,0.8765781774451205,1
2017-11-28,230.8211669921875,262.8699951171875,262.8999938964844,260.6499938964844,260.760009765625,98971700,0.0101448104346353,0.0100936972436717,258.7029983520508,255.6105981445312,244.7980997467041,72.78953808369627,1.4656214464929462,1.4204520507789826,1.3587556010563178,61025960.0,0.8932929570405683,1
2017-11-29,230.6807403564453,262.7099914550781,263.6300048828125,262.20001220703125,263.0199890136719,77512100,-0.0006086798230359,-0.0006088651438038,258.98099822998046,255.8653979492187,244.94314971923828,71.71659848543055,1.6081675574062049,1.629247304235335,1.36384396353667,61886325.0,-0.2168256178281266,1
2017-11-30,232.7002716064453,265.010009765625,266.04998779296875,263.6700134277344,263.760009765625,127894400,0.0087549708247018,0.0087168682971437,259.356999206543,256.1643981933593,245.09359977722167,76.97143531190513,1.884999531670644,2.074060717723378,1.5049977045619527,65570910.0,0.6499927108154726,1
2017-12-01,232.2173614501953,264.4599914550781,265.3099975585937,260.760009765625,264.760009765625,164390900,-0.0020754623986969,-0.0020776191554762,259.7004989624023,256.465798034668,245.2422997283936,73.45672376534131,2.0365330989091603,2.3202905723267184,1.7224969965910055,70967980.0,0.2853643318237546,1
2017-12-04,231.9364013671875,264.1400146484375,266.79998779296875,264.0799865722656,266.3099975585937,94040600,-0.0012099251946583,-0.0012106577450937,259.98499908447263,256.75979827880855,245.3875498199463,71.41372627505154,2.106522409476213,2.50071562886528,1.7937472983132996,72690525.0,-0.4279452208121009,1
2017-12-05,231.1021728515625,263.19000244140625,265.1499938964844,263.0400085449219,263.19000244140625,77994500,-0.0035966235872882,-0.0036031069881391,260.2019989013672,257.04499847412103,245.5210498046875,65.58176355779725,2.061566936459542,2.583959156360633,1.8163357306882424,74107620.0,-0.1706294940695827,1
2017-12-06,231.14617919921875,263.239990234375,263.7300109863281,262.7099914550781,263.29998779296875,75898600,0.0001899304400054,0.0001899124055029,260.43049774169924,257.32819824218745,245.65584976196288,65.74030252626565,2.0068394019231164,2.642748080875049,1.7594560021569396,75027440.0,-0.0268724076697716,1
2017-12-07,231.8749542236328,264.07000732421875,264.42999267578125,262.94000244140625,264.07000732421875,77218600,0.0031530812970503,0.0031481207607982,260.67849884033205,257.6085983276367,245.79399978637696,68.34744043530813,2.0073039287333927,2.74312937978633,1.7402084473153725,76364890.0,0.0173916251419656,1
2017-12-08,233.139404296875,265.510009765625,265.5199890136719,264.0299987792969,265.1600036621094,76563900,0.0054531086509883,0.0054382942858344,261.0454986572266,257.9117984008789,245.93784980773927,72.28761340280596,2.0996646054207417,2.8775687703583364,1.7223357178196317,75438810.0,-0.0084785271942252,1
2017-12-11,233.8418426513672,266.3099975585937,266.3800048828125,265.4800109863281,266.3099975585937,83077500,0.003013023100993,0.0030084930440525,261.45649871826174,258.2133984375,246.0838497924805,74.20844295553542,2.2119158472169715,3.016875102121124,1.6635970162956848,76593450.0,0.0850740361972157,1
2017-12-12,234.25450134277344,266.7799987792969,267.32000732421875,266.3500061035156,267.2099914550781,85195800,0.0017648651008672,0.0017633095564036,261.8789993286133,258.5025982666016,246.23539978027344,75.29200244234737,2.3121479334984087,3.1449509379488383,1.6169122126763542,78341810.0,0.025497878486955,1
2017-12-13,234.22817993164065,266.75,267.5599975585937,266.6499938964844,267.0599975585937,102905400,-0.0001124476326341,-0.0001124539553432,262.3299987792969,258.7803982543945,246.37024978637692,75.07520159025202,2.36193501661262,3.165339799052883,1.5664187447787088,80421320.0,0.2078694020127753,1
2017-12-14,233.2711334228516,265.6600036621094,267.2200012207031,265.6000061035156,267.0899963378906,100666700,-0.0040862093266752,-0.0040945806925572,262.790998840332,259.0303982543945,246.5071997833252,67.47285974689234,2.287074077379032,2.9246196276258924,1.570245628522194,81414080.0,-0.0217549321998651,1
2017-12-15,235.21359252929688,266.510009765625,267.0400085449219,265.3900146484375,265.45001220703125,144610300,0.0031996013392996,0.0031944935073848,263.1854995727539,259.2673983764648,246.6476498413086,70.02222450832667,2.270165576808324,2.8638927593669448,1.5759419333766354,85255745.0,0.4365256832696413,1
2017-12-18,236.7052001953125,268.20001220703125,268.6000061035156,267.9800109863281,268.1000061035156,83653600,0.0063412343982593,0.0063212133655446,263.70250091552737,259.5439987182617,246.8000998687744,74.33007538119865,2.3658623528630187,2.7841107479159346,1.6126601051276346,85650585.0,-0.4215239163462076,1
2017-12-19,235.796127319336,267.1700134277344,268.5299987792969,267.0899963378906,268.4800109863281,82382900,-0.0038404128725459,-0.0038478061930676,264.1460021972656,259.80839904785154,246.9509499359131,67.92364241523038,2.3317119203367724,2.5769913885993048,1.6003274148618214,87365955.0,-0.0151900217085696,1
2017-12-20,235.67251586914065,267.0299987792969,268.3299865722656,266.69000244140625,268.2699890136719,76751500,-0.0005240657311842,-0.0005242031016257,264.49800262451174,260.05659912109377,247.1032999420166,67.07729494397358,2.2672144081363967,2.457466844614745,1.6031600374330754,87744690.0,-0.0683564186257099,1
2017-12-21,236.15786743164065,267.5799865722656,268.3900146484375,267.29998779296875,267.739990234375,67032300,0.0020596479627119,0.0020575297958002,264.8890014648438,260.3077987670898,247.25689987182616,68.72575643998,2.234718638095046,2.2796141111088604,1.5857925968407576,88844635.0,-0.1266320527937564,1
2017-12-22,236.0962829589844,267.510009765625,267.6400146484375,266.8999938964844,267.6000061035156,78720900,-0.0002615173411772,-0.0002615515428001,265.2465026855469,260.56519897460936,247.40599990844728,68.25746180348634,2.1782099147341114,2.0842482491559715,1.5253803222059266,91387855.0,0.1743726531836145,1
2017-12-26,235.8138122558593,267.19000244140625,267.44000244140625,266.8900146484375,267.04998779296875,45244400,-0.0011962442994156,-0.0011969603707487,265.5945022583008,260.8099990844727,247.5528999328613,66.04127884227998,2.083586143619243,1.758103834997743,1.4607099504188965,91036330.0,-0.4252555547510255,1
2017-12-27,235.92849731445312,267.32000732421875,267.7300109863281,267.010009765625,267.3800048828125,57751000,0.0004865634253699,0.0004864450917694,265.8170028686524,261.05059936523435,247.705,66.51690475135732,1.996076898854824,1.6747655128316723,1.407802184010627,88975295.0,0.2764231595512372,1
2017-12-28,236.41387939453125,267.8699951171875,267.9200134277344,267.45001220703125,267.8900146484375,45116100,0.0020574135040394,0.0020552999273804,266.0750030517578,261.29859924316406,247.84959999084472,68.52532026190181,1.9486418797592933,1.5647755227483016,1.3501024639752697,87355495.0,-0.2187823587470346,1
2017-12-29,235.5225372314453,266.8599853515625,268.54998779296875,266.6400146484375,268.5299987792969,96007400,-0.0037705222086674,-0.0037776485465138,266.16750183105466,261.5213989257812,247.99149993896484,61.25839358560266,1.808700366346784,1.5531426938769342,1.390093226872125,85761145.0,1.1280075183803566,1
2018-01-02,237.2081756591797,268.7699890136719,268.8099975585937,267.3999938964844,267.8399963378906,86655700,0.0071573250654013,0.0071318329788483,266.38300170898435,261.780998840332,248.15019989013672,68.13933487755872,1.8308125739970365,1.6019944185983974,1.4300874397406302,81874385.0,-0.0974060332849342,1
2018-01-03,238.7086334228516,270.4700012207031,270.6400146484375,268.9599914550781,268.9599914550781,90070400,0.0063251563661177,0.0063052365179003,266.69950103759766,262.04819915771486,248.31869987487792,72.7743486572414,1.962886501645812,1.7536499347893022,1.4615115965281298,81675875.0,0.0394053709103958,1
2018-01-04,239.71466064453125,271.6099853515625,272.1600036621094,270.5400085449219,271.20001220703125,80636400,0.0042148265083532,0.0042059690069378,267.1205001831055,262.35819915771486,248.50809982299805,75.36268665545322,2.134933053671091,1.8733862384885007,1.4778323711622812,81807970.0,-0.1047402920382278,1
2018-01-05,241.31219482421875,273.4200134277344,273.5599975585937,271.95001220703125,272.510009765625,83524000,0.0066640704458234,0.0066419636880151,267.62950134277344,262.69539947509764,248.70379989624024,78.80770739145409,2.389787343486148,2.1290696018238493,1.5115595022957748,82189240.0,0.0358101304125679,1
2018-01-08,241.7534637451172,273.9200134277344,274.1000061035156,272.9800109863281,273.3099975585937,57319200,0.0018286883748257,0.0018270183598876,268.1220016479492,263.0679998779297,248.90324996948243,79.65404932036077,2.602111503956792,2.386091536931938,1.483590617645184,81194270.0,-0.313739763421292,1
2018-01-09,242.3006896972656,274.5400085449219,275.25,274.0799865722656,274.3999938964844,57254000,0.002263416642797,0.0022608589740006,268.57350158691406,263.4464001464844,249.1066500091553,80.68416129029083,2.7882669495261894,2.6995758991319065,1.4726189001180725,80228775.0,-0.0011374897067649,1
2018-01-10,241.9299774169922,274.1199951171875,274.4200134277344,272.9200134277344,273.67999267578125,69574300,-0.0015298805808321,-0.0015310520430786,268.96400146484376,263.7746002197265,249.30915000915527,77.81006181279993,2.868834766497457,2.911473018125509,1.4831457727658888,79553615.0,0.2151867118454606,1
2018-01-11,243.69512939453125,276.1199951171875,276.1199951171875,274.5599975585937,274.75,62361500,0.0072960748417676,0.0072695872466731,269.4310012817383,264.1620001220703,249.5131499481201,81.23740714686852,3.058808585873805,3.2697451084667524,1.5200639318540397,78411900.0,-0.1036704645249754,2
2018-01-12,245.2837677001953,277.9200134277344,278.1099853515625,276.0799865722656,276.4200134277344,90816100,0.0065189712529978,0.0064978146562863,269.989501953125,264.5774005126953,249.7250500488281,83.68050126756937,3.31638145960693,3.7117915078408,1.556487849528528,77807435.0,0.4562847269549321,2
2018-01-16,244.4452972412109,276.9700012207031,280.0899963378906,276.17999267578125,279.3500061035156,106555100,-0.0034182936137424,-0.0034241493275315,270.5550018310547,264.96700073242187,249.92845008850097,77.91415577768237,3.4046055981861514,3.8754119651293375,1.7245961218557313,78101855.0,0.173306274988686,2
2018-01-17,246.7752685546875,279.6099853515625,280.04998779296875,276.9700012207031,278.0299987792969,113258800,0.0095316608991011,0.0094865212300141,271.2100006103516,265.4074005126953,250.14779998779295,81.69005388701937,3.645525174769034,4.245169625397521,1.8214097254564376,76534280.0,0.0629129905560597,2
2018-01-18,246.3604736328125,279.1400146484375,279.9599914550781,278.5799865722656,279.4800109863281,100728000,-0.0016808080102507,-0.001682222152858,271.7570007324219,265.8212005615234,250.36685005187988,79.09752670437786,3.755244841930619,4.532042339682235,1.789880808124728,77388000.0,-0.1106386435314518,2
2018-01-19,247.48133850097656,280.4100036621094,280.4100036621094,279.1400146484375,279.79998779296875,140920100,0.0045496487319145,0.0045393303649158,272.41900024414065,266.2524005126953,250.59150009155277,80.86478989838498,3.89972239601758,4.786592501331611,1.752745679949524,80314860.0,0.399016162338178,2
2018-01-22,249.4935302734375,282.69000244140625,282.69000244140625,280.1099853515625,280.1700134277344,91322400,0.0081309466478387,0.0080980686006716,273.2020004272461,266.7328002929688,250.83105010986327,83.55324672542518,4.150356024536563,5.127368522349147,1.8118364949419683,81043405.0,-0.3519561794236592,2
2018-01-23,250.0232086181641,283.2900085449219,283.6199951171875,282.3699951171875,282.739990234375,97084700,0.0021224878783605,0.0021202385831359,273.9875015258789,267.2164007568359,251.07030014038085,84.18304079002152,4.347287633206122,5.416003963854156,1.7717053167318275,82546025.0,0.0630984293010257,2
2018-01-24,249.926025390625,283.17999267578125,284.70001220703125,281.8399963378906,284.0199890136719,134816100,-0.000388350685948,-0.0003884261136045,274.7710006713868,267.7166003417969,251.31020011901856,83.5512754164009,4.4432608455006175,5.561121884210439,1.849441784761028,85350785.0,0.3886441426918969,2
2018-01-25,250.03192138671875,283.29998779296875,284.2699890136719,282.3999938964844,284.1600036621094,84587300,0.0004237415081964,0.0004236517551174,275.57649993896484,268.2208001708984,251.55000007629397,83.69500455257868,4.477390342025501,5.571973860621839,1.850909879934347,87317930.0,-0.3725727120128828,2
2018-01-26,252.9268035888672,286.5799865722656,286.6300048828125,283.9599914550781,284.25,107743100,0.0115778288762011,0.0115113186855953,276.5394989013672,268.7858001708984,251.8076000213623,87.03092924172213,4.714757908967272,5.731954149767595,1.956560394927876,89817535.0,0.2737503147635638,2
2018-01-29,251.2498474121093,284.67999267578125,286.42999267578125,284.5,285.92999267578125,90118300,-0.006629890381425,-0.0066519657301869,277.3799987792969,269.3247998046875,252.06084999084476,77.18027482112852,4.695433749911842,5.625268233403791,1.965376550452001,92067645.0,-0.1635817050001345,2
2018-01-30,248.6728363037109,281.760009765625,284.739990234375,281.2200012207031,282.6000061035156,131796400,-0.0102570710456698,-0.0103100372959008,278.125,269.83119995117187,252.30710006713863,65.00329416847163,4.393851413090545,5.122923140678856,2.0764202978248494,93857095.0,0.4624820929822244,2
2018-01-31,248.7963714599609,281.8999938964844,283.29998779296875,280.67999267578125,282.7300109863281,108364800,0.0004968204358588,0.0004966970614477,278.7815002441406,270.2967999267578,252.54375,65.2860557718491,4.1186633999448645,4.683436578735949,2.115247070636467,94942550.0,-0.1777863431778106,2
2018-02-01,248.51402282714844,281.5799865722656,283.0599975585937,280.67999267578125,281.07000732421875,90102500,-0.0011351803162374,-0.0011358251214389,279.3369995117188,270.77119995117187,252.7822999572754,64.01277057567304,3.830596270905062,4.287901624830763,2.134158342934751,94944155.0,-0.1685261265650838,2
2018-02-02,243.1037750244141,275.45001220703125,280.2300109863281,275.4100036621094,280.0799865722656,173174800,-0.0217699220738515,-0.0220103831118666,279.5290008544922,271.1142004394531,252.99235000610352,45.64724827727074,3.072248328465946,4.000003544099154,2.422431526307715,99571075.0,0.9219755278710358,2
2018-02-05,232.93655395507807,263.92999267578125,275.8500061035156,263.3099975585937,273.45001220703125,294681800,-0.0418225413712867,-0.0427222795137356,279.0544998168945,271.19300048828126,253.13529998779296,28.878747064777315,1.5241137861307834,5.15806391048797,3.145115599065874,110128965.0,0.7016436571602798,2
2018-02-06,237.52593994140625,269.1300048828125,269.70001220703125,258.70001220703125,259.94000244140625,355026800,0.0197022405612654,0.0195106636605779,278.81499938964845,271.380400390625,253.3080000305176,39.65476821479049,0.7086348331683894,5.508329973833497,3.7061787705611686,125014345.0,0.2047802069893696,2
2018-02-07,236.23741149902344,267.6700134277344,272.3599853515625,267.5799865722656,268.5,167376100,-0.0054248557521999,-0.0054396237157624,278.47149963378905,271.52660095214844,253.46050010681157,37.91764346103062,-0.0548153438672898,5.982727799939785,3.782880199756576,130520450.0,-0.5285536190507308,2
2018-02-08,227.3764038085937,257.6300048828125,268.1700134277344,257.5899963378906,268.010009765625,246449500,-0.0375089029075439,-0.0382304626370488,277.6470001220703,271.47460083007815,253.5559001159668,28.62967934319738,-1.4532477557395396,7.546012992706337,4.268389977619946,139364210.0,0.4724294567742946,2
2018-02-09,230.79200744628903,261.5,263.6099853515625,252.9199981689453,260.79998779296875,283565300,0.0150215232847115,0.0149098174755357,276.91600036621094,271.4472009277344,253.6714001464844,35.21689618371987,-2.2236068980776054,8.365375335058301,4.727075492262606,150424400.0,0.1506020503186251,2
2018-02-12,234.1810302734375,265.3399963378906,267.010009765625,261.6600036621094,263.8299865722656,143736000,0.0146844984240559,0.01457772518222,276.2869995117188,271.49980102539064,253.80510009765624,41.03258887304574,-2.495499886937239,8.75001825853305,4.782999368931349,153070395.0,-0.4931114632149984,2
2018-02-13,234.763427734375,266.0,266.6199951171875,263.3099975585937,263.9700012207031,81223600,0.0024873885249809,0.0024843000945013,275.7384994506836,271.5196008300781,253.94470008850095,41.99640639530367,-2.6274328494716315,9.043847551757253,4.677784953907239,151803820.0,-0.4349112261368063,2
2018-02-14,237.9319610595703,269.5899963378906,270.0,264.29998779296875,264.3099975585937,120735700,0.0134962268341751,0.0134059639964017,275.2375,271.62220092773435,254.09925010681152,47.06468629530432,-2.414475401717084,9.095482021035734,4.75080118627324,152177665.0,0.4864608315809691,2
2018-02-15,240.968017578125,273.0299987792969,273.0400085449219,268.7699890136719,271.57000732421875,111200300,0.0127601264443608,0.0126794020083244,274.93199920654297,271.8000006103516,254.2705500793457,51.443000833759655,-1.945696860125224,9.060047917460071,4.716459639485866,152701280.0,-0.0789774689673393,2
2018-02-16,241.0385589599609,273.1099853515625,275.32000732421875,272.2699890136719,272.32000732421875,160420100,0.0002929589152227,0.0002929160111389,274.56699829101564,271.9984002685547,254.4437000274658,51.54336017009741,-1.5498663461602291,8.974383384103534,4.597428115990224,153676280.0,0.4426229065928779,2
2018-02-20,239.52932739257807,271.3999938964844,273.6700134277344,270.5,272.0299987792969,86369700,-0.0062611824788351,-0.0062808658857994,274.0024978637695,272.1616003417969,254.60690002441407,49.20209258271154,-1.3584900043288144,8.789722141387314,4.4954699239719496,153428645.0,-0.4616030036136369,2
2018-02-21,238.3378753662109,270.04998779296875,274.7200012207031,269.94000244140625,271.8999938964844,98883700,-0.0049742304122177,-0.0049866430757215,273.3404968261719,272.28119995117186,254.7586499786377,47.37259444826591,-1.3007627019854908,8.548698469310821,4.515793413638016,153518595.0,0.1448887746512954,2
2018-02-22,238.6468048095703,270.3999938964844,273.04998779296875,269.6400146484375,271.1000061035156,110511300,0.0012960789458873,0.0012952397605923,272.70149688720704,272.3789996337891,254.9123499298096,47.91334803526362,-1.2127905371683596,8.246814776914027,4.436806251558961,152303355.0,0.1175886420107661,2
2018-02-23,242.45068359375,274.7099914550781,274.7099914550781,271.25,271.7900085449219,92766400,0.0159393404433423,0.0158136430858693,272.2719970703125,272.54699951171875,255.08869987487796,54.1596308561246,-0.7862280325700794,7.881376330596429,4.427748487775732,152712310.0,-0.160570909943146,2
2018-02-26,245.26612854003903,277.8999938964844,278.010009765625,275.260009765625,275.92999267578125,86491400,0.0116122548892725,0.0115453501029603,271.83799743652344,272.7693994140625,255.2788498687744,58.15903732418446,-0.1885936472305616,7.267064981530836,4.347196332259385,151649725.0,-0.067643025923179,2
2018-02-27,242.2035217285156,274.42999267578125,278.9200134277344,274.3599853515625,278.1099853515625,99099200,-0.0124865106042272,-0.012565122152541,271.32549743652345,272.9229992675781,255.45409980773923,52.766095977502005,0.0049784222213702,6.648873699892237,4.362398599681706,152098770.0,0.1457694059756229,2
2018-02-28,239.7500457763672,271.6499938964844,276.19000244140625,271.2900085449219,275.67999267578125,121907800,-0.0101300836406071,-0.0101817421036995,270.8199966430664,273.0427990722656,255.617449798584,48.857344927091766,-0.065185567550543,6.181715557436056,4.40079826373904,151604340.0,0.2301592747469203,2
2018-03-01,236.26388549804688,267.70001220703125,273.1700134277344,266.0,271.4100036621094,176855100,-0.0145407022941377,-0.0146474544032504,270.10999755859376,273.06659912109376,255.75444984436035,43.883219927849886,-0.4345127533675281,5.633287005190895,4.598599346881564,155028855.0,0.4507283373172184,2
2018-03-02,237.4818572998047,269.0799865722656,269.7200012207031,264.82000732421875,265.79998779296875,139083200,0.0051549282865446,0.0051416871290422,269.48499755859376,273.0841986083984,255.8994497680664,45.953435382621045,-0.6088365221983736,4.945132119103532,4.620127528996051,157477890.0,-0.2135754072118927,2
2018-03-05,240.2266082763672,272.19000244140625,272.8900146484375,267.6099853515625,267.7300109863281,97307400,0.0115579605483047,0.0114916775641234,269.3219970703125,273.1845983886719,256.0812997436523,50.39489244440346,-0.4903842316107898,4.789443272276645,4.667263369558833,153684520.0,-0.3003655365996756,2
2018-03-06,240.8356170654297,272.8800048828125,273.3900146484375,271.17999267578125,273.29998779296875,79213200,0.002535002884813,0.0025317951848754,269.7694976806641,273.30159851074217,256.2618497467041,51.35013080923322,-0.3369483763474932,4.6759020665684,4.491746126922934,142911090.0,-0.1859488589768095,2
2018-03-07,240.7472686767578,272.7799987792969,273.17999267578125,270.20001220703125,270.4200134277344,87063500,-0.0003664838087297,-0.0003665509803327,269.9519973754883,273.4055987548828,256.4341997528076,51.19625013674238,-0.2208729267624107,4.720644389781758,4.383762865624868,129512925.0,0.09910343225624,2
2018-03-08,241.912353515625,274.1000061035156,274.239990234375,272.4200134277344,273.54998779296875,66901200,0.0048390913194729,0.0048274205525346,270.2734970092773,273.53739868164064,256.6070997619629,53.19019819791201,-0.0221138229986763,4.775686619249182,4.200635289983136,124489180.0,-0.2315815468020468,2
2018-03-09,246.1221160888672,278.8699951171875,278.8699951171875,275.3399963378906,275.70001220703125,113625300,0.017402367411369,0.0172526803267306,271.3354965209961,273.77099853515625,256.80119972229005,59.61176806102641,0.514373075034996,4.13471502441762,4.24130341310376,117847970.0,0.698404512923535,2
2018-03-12,245.813217163086,278.5199890136719,279.9100036621094,278.0799865722656,279.20001220703125,71924800,-0.0012550869926631,-0.0012558752739862,272.1864959716797,273.9949981689453,256.99074966430663,58.97247981098713,0.900915051561185,3.736149422172995,4.069068675728046,107265945.0,-0.3670001311327671,2
2018-03-13,244.224609375,276.7200012207031,280.4100036621094,276.0299987792969,279.8399963378906,91968900,-0.0064626880079347,-0.0064836615887192,272.7554962158203,274.1719982910156,257.165549697876,55.66623366619629,1.0499057214623804,3.4975203595365323,4.091278404805506,104677590.0,0.2786813449602918,2
2018-03-14,242.97134399414065,275.29998779296875,278.0199890136719,274.6700134277344,277.8099975585937,105895100,-0.0051315894097652,-0.0051448012325149,273.2204956054687,274.34079833984373,257.3334996032715,53.13532368939763,1.0413941412926988,3.1533903580852,4.038328203457792,105911165.0,0.1514229266632525,1
2018-03-15,242.70657348632807,275.0,276.6099853515625,274.42999267578125,275.8800048828125,83433000,-0.0010896760126061,-0.0010902701411566,273.4909957885742,274.4653985595703,257.5009996032715,52.59132880123376,0.9989271346973396,3.0561090521660974,3.905589951480896,104046030.0,-0.2121165190835081,1
2018-03-16,242.9698486328125,274.20001220703125,275.3900146484375,274.1400146484375,274.5,100343700,-0.0029090465198863,-0.0029132860196447,273.5494964599609,274.53999877929687,257.6647996520996,51.089207130646,0.8904547883849432,3.058017828111649,3.715904954946546,103503200.0,0.2026859875588795,1
2018-03-19,239.682357788086,270.489990234375,274.3999938964844,268.6199951171875,273.3500061035156,109208400,-0.0135303494073335,-0.0136227187239158,273.4184967041016,274.5175988769531,257.80044960021974,44.7111987398516,0.4993655301973945,3.1330343230032582,3.863340228114427,100942615.0,0.0883433638584185,1
2018-03-20,240.0899810791016,270.95001220703125,271.6700134277344,270.17999267578125,270.94000244140625,59757300,0.0017006986922423,0.0016992541418195,273.39599761962893,274.46819885253905,257.93434967041014,45.61776541377808,0.2239627014567418,3.1498631153640617,3.69381740838862,99611995.0,-0.4528140692474205,1
2018-03-21,239.6292419433593,270.42999267578125,273.2699890136719,270.19000244140625,270.8999938964844,78709600,-0.0019192452770685,-0.0019210893881974,273.41499786376954,274.3983984375,258.06654960632324,44.7249973172508,-0.0358440665903572,3.1296989820475787,3.649972348665549,98603290.0,0.3171545568491214,1
2018-03-22,233.6392059326172,263.6700134277344,268.8699951171875,263.3599853515625,267.9100036621094,148785900,-0.0249971505791941,-0.0253148855056825,273.07849884033203,274.1809985351563,258.1688496398926,35.10658082021109,-0.7782455021798,3.7676960677978943,3.894260561205063,100517020.0,0.8903145232601868,2
2018-03-23,228.65919494628903,258.04998779296875,264.5400085449219,257.8299865722656,264.1700134277344,183534800,-0.0213146180777433,-0.0215450548811222,272.24549865722656,273.8595983886719,258.24079956054686,29.438384909745608,-1.7993512872276938,5.021174792156458,4.095386376308719,105055440.0,0.2335496844795104,2
2018-03-26,234.91506958007807,265.1099853515625,265.42999267578125,259.4100036621094,262.1300048828125,141956100,0.0273590307791757,0.0269914616540063,271.60599822998046,273.6393981933594,258.3474494934082,42.08796436326524,-2.015666825970243,5.077270025732935,4.330001983916132,107828675.0,-0.2265439578761084,2
2018-03-27,230.9188232421875,260.6000061035156,266.7699890136719,258.8399963378906,266.1700134277344,129941400,-0.017011729083181,-0.0171580908320782,270.9144989013672,273.292998046875,258.4333995056152,37.46720315499883,-2.521944674390795,5.588466690182702,4.587144176192211,109370785.0,-0.0846367292423503,2
2018-03-28,230.23654174804688,259.8299865722656,262.6400146484375,258.5799865722656,260.75,146452300,-0.0029547947552392,-0.0029591687796165,270.32349853515626,272.95019775390625,258.5157494354248,36.725826237163616,-2.9512870575620127,6.107493546659573,4.549493026190759,110598010.0,0.127064199708484,2
2018-03-29,233.1783142089844,263.1499938964844,265.260009765625,259.8399963378906,261.1199951171875,111601600,0.0127776141930999,0.012696669273593,270.0959976196289,272.62099792480467,258.60874938964844,42.05012338198918,-2.9891896275440786,6.2923070239240255,4.612388038131374,107335335.0,-0.2379662183523235,2
2018-04-02,228.1452789306641,257.4700012207031,263.1300048828125,254.6699981689453,262.54998779296875,186286300,-0.0215846202071948,-0.0218209754023813,269.5154983520508,272.18759765625,258.6748993682861,36.40593603006386,-3.4379253630334574,6.897418833033012,4.888645730231922,109695490.0,0.6692081475534402,2
2018-04-03,231.06936645507807,260.7699890136719,261.3099975585937,256.8399963378906,258.8699951171875,119956900,0.0128169797542354,0.012735537427426,268.9444976806641,271.79479736328125,258.7598992919922,41.332885582262136,-3.487073418886212,7.133034604594453,4.858742550979861,110827965.0,-0.3560616105424822,2
2018-04-04,233.5416412353516,263.5599975585937,264.3599853515625,256.6000061035156,256.75,123715300,0.0106991167023271,0.010642286151652,268.47849731445314,271.412197265625,258.8644992828369,45.19861085762478,-3.263276217821158,7.166754269897295,5.065973743627505,113053070.0,0.0313312531417533,2
2018-04-05,235.38478088378903,265.6400146484375,266.6400146484375,264.32000732421875,265.54998779296875,82652600,0.0078920060294103,0.0078610270340268,268.12149810791016,271.0591973876953,258.9693993377685,47.95211298047153,-2.8848209081920686,7.118878049023481,4.92411969692867,112832525.0,-0.33191286768896,2
2018-04-06,230.13902282714844,259.7200012207031,265.1099853515625,258.0,263.4200134277344,179521200,-0.0222858496509618,-0.0225379314760965,267.40249786376955,270.5899975585937,259.0529493713379,41.55278388004699,-3.027686669433649,7.208888643200495,5.118112193465015,118463525.0,1.1719970091684957,2
2018-04-09,231.27325439453125,261.0,264.8399963378906,259.94000244140625,261.3699951171875,105442900,0.0049283796907468,0.0049162749823337,266.50899810791014,270.1439978027344,259.1431993865967,43.31424152792497,-3.0030068171355992,6.809107999758918,5.118246688016621,118054405.0,-0.412643743468738,2
2018-04-10,234.95054626464844,265.1499938964844,266.0400085449219,262.9800109863281,264.2699890136719,103529000,0.0159003597566451,0.0157752732413406,265.8404983520508,269.71539794921875,259.25474937438963,48.71124973043255,-2.618394806445963,6.196604480774476,5.112658249224139,119634615.0,-0.0181510561640471,2
2018-04-11,233.7189178466797,263.760009765625,265.6400146484375,263.3900146484375,263.4700012207031,91140200,-0.0052422559413749,-0.0052560447758964,265.1924987792969,269.2969982910156,259.35789939880374,47.09394716381306,-2.398103277952032,5.652791652641867,4.908182659993843,119593180.0,-0.1196650213949714,2
2018-04-12,235.6416931152344,265.92999267578125,267.0,265.0599975585937,265.260009765625,68890500,0.0082271111230411,0.0081934529248047,264.7239990234375,268.98039794921874,259.47109939575193,49.89105016830318,-2.0250773379747784,5.135632685650006,4.789026058163925,117742950.0,-0.2441260826726297,2
2018-04-13,234.95054626464844,265.1499938964844,267.5400085449219,264.010009765625,267.4100036621094,85079200,-0.0029330981866638,-0.0029374081489083,264.2314987182617,268.6453979492188,259.5901993560791,48.89047516397888,-1.7719648678171325,4.535554762714124,4.699095538244849,117825260.0,0.2349917622894304,2
2018-04-16,236.8822326660156,267.3299865722656,268.20001220703125,266.07000732421875,267.0,63405300,0.0082217338335384,0.0081881194996437,263.88799743652345,268.36039794921874,259.70939926147463,51.7999858993328,-1.3795614954909183,3.9651334768832607,4.581304307694994,115978340.0,-0.2547496920516413,2
2018-04-17,239.4165802001953,270.19000244140625,270.8699951171875,268.75,269.3299865722656,64682000,0.0106984476594342,0.0106416241909327,263.872998046875,268.25519775390626,259.85359924316407,55.38810525660903,-0.8282520433324976,3.939328321356546,4.506926038925486,113752020.0,0.020135540719782,2
2018-04-18,239.5936889648437,270.3900146484375,271.29998779296875,269.8699951171875,270.69000244140625,57303900,0.000740265018039,0.0007399911570353,263.8449981689453,268.3843981933594,259.99654930114747,55.63682774383774,-0.3709202789058281,3.8880352293190943,4.287145084415184,113629350.0,-0.1140672830153675,2
2018-04-19,238.26461791992188,268.8900146484375,269.8800048828125,267.7200012207031,269.6499938964844,77655900,-0.0055475421381603,-0.0055629868968322,263.76799926757815,268.37959838867187,260.1299493408203,53.239550813200864,-0.1280430243959358,3.764033411613788,4.171635680366554,113576665.0,0.3551590729426792,2
2018-04-20,236.2442321777344,266.6099853515625,269.0599975585937,265.6099853515625,268.8099975585937,99953100,-0.008479412297463,-0.0085155670396375,263.91499786376954,268.35839782714845,260.24914924621584,49.73183664797308,-0.118178076318145,3.817040151756201,4.120091146556886,111135025.0,0.2871282156281751,2
2018-04-23,236.20880126953125,266.57000732421875,267.8900146484375,265.3500061035156,267.260009765625,65558000,-0.0001499494750394,-0.0001499607185859,264.340998840332,268.5371978759766,260.37924926757813,49.670042128571424,-0.1122915000758553,3.597128316237692,4.007228103582957,105236185.0,-0.3441123887103051,2
2018-04-24,233.0277404785156,262.9800109863281,267.9800109863281,261.2799987792969,267.7300109863281,112885500,-0.0134673678180315,-0.0135588753215303,264.2345001220703,268.5667980957031,260.483599319458,44.34177639230114,-0.3927813091755752,3.604685682264742,4.199569825257835,103782655.0,0.7219179962781048,2
2018-04-25,233.603744506836,263.6300048828125,264.1300048828125,260.8500061035156,262.9100036621094,103840900,0.0024716475371893,0.002468598040236,264.38600006103513,268.53259826660155,260.5898993682861,45.48210593475887,-0.556210776879766,3.5062218501267157,4.133886179117766,102477630.0,-0.0801218934229817,2
2018-04-26,235.9783935546875,266.3099975585937,267.25,264.2900085449219,264.7900085449219,67731900,0.0101657346513819,0.0101144111055067,264.7100006103516,268.53879821777343,260.7104993438721,50.02816758739519,-0.4641266332594114,3.359379813733102,4.097179674694176,98541610.0,-0.3477338890552759,2
2018-04-27,236.1999664306641,266.5599975585937,267.3399963378906,265.5,267.0,57053600,0.0009387555942017,0.0009383152387381,264.88050079345703,268.4781982421875,260.82324935913084,50.44330291027801,-0.3667487243458822,3.3625701592199064,3.9359522934939215,95814210.0,-0.1576554031409129,2
2018-04-30,234.3834228515625,264.510009765625,267.8900146484375,264.42999267578125,267.260009765625,82182300,-0.007690530506244,-0.0077202551328142,265.2325012207031,268.30779846191405,260.9236994171143,46.99569077720431,-0.4498078079770948,2.8798241640962483,3.901957270576946,90609010.0,0.4404402176199222,1
2018-05-01,234.7999420166016,264.9800109863281,265.1000061035156,262.1099853515625,263.8699951171875,74203400,0.0017768749890394,0.0017752982142209,265.443002319336,268.1451989746094,261.0207994842529,47.87530213798914,-0.4722635988231332,2.683653038364938,3.836818947818102,88321335.0,-0.0970878157462129,1
2018-05-02,233.2227020263672,263.20001220703125,265.67999267578125,262.760009765625,264.760009765625,86368900,-0.0067174832270223,-0.0067401470704881,265.4250030517578,267.9811993408203,261.1091495513916,44.840335599063074,-0.6264694504119461,2.69811529949912,3.771330659413684,86454015.0,0.1639480131638173,1
2018-05-03,232.708724975586,262.6199951171875,263.3599853515625,259.04998779296875,262.260009765625,136311500,-0.002203712245224,-0.0022061439922913,265.2740020751953,267.83259948730466,261.193949508667,43.86453368610038,-0.7864159173661278,2.769025202279017,3.809806866497975,89136960.0,0.578247494179039,1
2018-05-04,235.7215118408203,266.0199890136719,266.7900085449219,261.1499938964844,261.5199890136719,91222100,0.0129464395693374,0.0128633507881012,265.58900146484376,267.74499938964846,261.2890994262696,50.64481380122483,-0.631543511785992,2.443116964662089,3.9405359937793696,84722005.0,-0.3307820690110519,1
2018-05-07,236.5189971923828,266.9200134277344,268.0199890136719,266.1099853515625,266.8900146484375,55304900,0.0033832961853714,0.0033775857153485,265.88500213623047,267.5891998291016,261.3881994628906,52.28767809163701,-0.4312108360725233,2.204874026824849,3.801926279937986,82215105.0,-0.393733536061985,1
2018-05-08,236.5189971923828,266.9200134277344,267.3299865722656,265.1499938964844,266.5,67499200,0.0,0.0,265.97350311279297,267.3696002197266,261.48839950561523,52.28767809163701,-0.2693409524101753,2.209337633690317,3.686073879641077,80413615.0,0.2204922167836847,1
2018-05-09,238.8050994873047,269.5,269.8699951171875,267.0899963378906,267.67999267578125,59666100,0.0096657666809392,0.0096193520074343,266.26050262451173,267.27100036621096,261.60179946899416,57.04157507922458,0.0663604887301403,2.2784059052924364,3.633495866056223,78839910.0,-0.1160473013013487,1
2018-05-10,241.0380859375,272.0199890136719,272.3900146484375,270.2200012207031,270.3399963378906,72063900,0.0093506085850534,0.0093071622676122,266.56500244140625,267.27840026855466,261.72479942321775,61.11676191350619,0.52964295807908,2.6141274058579653,3.5803900647977427,78998580.0,0.2077863309316345,1
2018-05-11,241.7735748291016,272.8500061035156,273.1499938964844,271.5799865722656,272.1600036621094,59871500,0.003051309180819,0.0030466633850676,266.9500030517578,267.3814001464844,261.85189949035646,62.38255167515806,0.952789926039884,2.9413037946694898,3.436791297613529,77738195.0,-0.1691887338875637,1
2018-05-14,241.88873291015625,272.9800109863281,274.0799865722656,272.3599853515625,273.3399963378906,54790600,0.0004764701480826,0.0004763566722254,267.2325042724609,267.45940063476564,261.98079956054687,62.5879834342492,1.2838280833157114,3.2362629655316084,3.3141634349770714,77307460.0,-0.0848634158155382,2
2018-05-15,240.2228240966797,271.1000061035156,271.6099853515625,270.0299987792969,271.5899963378906,87036100,-0.0068869690349109,-0.0069107936554473,267.2780044555664,267.43760070800784,262.101749572754,57.68224484809855,1.378586043996222,3.286046507343001,3.2881526329809416,78425165.0,0.5885224837837146,2
2018-05-16,241.2330474853516,272.239990234375,272.760009765625,271.1099853515625,271.1400146484375,53942600,0.0042050317417701,0.0041962153027579,267.3705032348633,267.42480041503904,262.2290995025635,59.74278771016578,1.5280551342389683,3.402240022668808,3.1718562779186867,78257100.0,-0.3802272850001321,2
2018-05-17,241.0292816162109,272.010009765625,273.2300109863281,271.1300048828125,271.94000244140625,56536400,-0.0008447710733165,-0.0008451280934807,267.52650299072263,267.40940063476563,262.3525495147705,59.11739736839414,1.6094007927996472,3.5441493204076617,3.0952955511756106,77201125.0,0.0480844453178008,2
2018-05-18,240.4266815185547,271.3299865722656,272.0299987792969,270.92999267578125,271.6199951171875,64368000,-0.0024999932684289,-0.0025031234696764,267.7625030517578,267.35400024414065,262.4719994354248,57.21036587476406,1.6005455321698037,3.6358699523496463,2.9527748763427546,75421870.0,0.1385231461500908,2
2018-05-21,242.23434448242188,273.3699951171875,273.9800109863281,272.57000732421875,273.010009765625,58025900,0.0075185517483469,0.0074904283151738,268.1025024414063,267.24400024414064,262.6040493774414,61.24886447708569,1.7381035391667297,3.831183583794663,2.9311498433227365,75045265.0,-0.0985287720606512,2
2018-05-22,241.5608673095703,272.6099853515625,274.25,272.239990234375,273.9599914550781,52966400,-0.0027801506354023,-0.0027840224319636,268.584001159668,267.12580017089846,262.7300492858887,59.01421273044595,1.7654418990812246,3.757953310305397,2.865354123487184,72049310.0,-0.0871938220691105,2
2018-05-23,242.2254943847656,273.3599853515625,273.3900146484375,270.989990234375,271.1700134277344,64694200,0.0027511831565258,0.0027474055790976,269.0705001831055,267.0585998535156,262.8574992370605,60.54406984302706,1.8265709058623545,3.7124000497641703,2.8321162870997063,70091975.0,0.2214196169647173,2
2018-05-24,241.7292022705078,272.79998779296875,273.2200012207031,270.7799987792969,272.9100036621094,76043800,-0.0020485718049536,-0.0020506729982943,269.3949996948242,267.00859985351565,262.9851992034912,58.77983851156958,1.8089762095681292,3.74193218376738,2.814107021754414,70507570.0,0.175434583007441,2
2018-05-25,241.1533050537109,272.1499938964844,272.8599853515625,271.5799865722656,272.1499938964844,56374800,-0.002382675680241,-0.002385518768943,269.67449951171875,266.9515997314453,263.10969917297365,56.71406582727413,1.7227247126429006,3.727772199643326,2.704527861578876,70473630.0,-0.2586535654451777,2
2018-05-29,238.3797912597656,269.0199890136719,271.1700134277344,267.760009765625,270.3099975585937,115908600,-0.0115010286717222,-0.0115676770110784,269.8999984741211,266.84799926757813,263.23599914550783,47.971177341725074,1.385829563857328,3.5300876676895063,2.824917595098911,72159945.0,1.0560356755145914,2
2018-05-30,241.5608673095703,272.6099853515625,273.1099853515625,270.4200134277344,270.5,69678400,0.0133447196658245,0.0132564631992183,270.2814971923828,266.89039916992186,263.3784490966797,56.29348889686512,1.3924689179583538,3.3794719802847166,2.9152803624411763,71933695.0,-0.39885047356279,2
2018-05-31,240.0811004638672,270.94000244140625,272.489990234375,270.260009765625,272.1499938964844,93519900,-0.0061259051388107,-0.0061447454778562,270.6684967041016,266.89019897460935,263.50044914245603,52.11726038086454,1.2485840895298566,2.940521020507528,2.874901449833771,72291245.0,0.3421648602723368,1
2018-06-01,242.4381256103516,273.6000061035156,273.94000244140625,272.3299865722656,272.4100036621094,71258400,0.0098176852371019,0.0097698048931017,271.21749725341795,266.95359924316404,263.63589920043944,57.52277577912905,1.3338189566611618,2.317825104321013,2.88383706055993,69038590.0,-0.2380402459797326,1
2018-06-04,243.5900421142578,274.8999938964844,275.19000244140625,274.260009765625,274.5299987792969,45385200,0.0047514172659663,0.0047401649119575,271.66149749755857,267.1781988525391,263.7756991577148,59.90503843446791,1.489100924859429,2.111097449173463,2.791419866083551,66746745.0,-0.3630898251995554,1
2018-06-05,243.7672882080078,275.1000061035156,275.5299987792969,274.17999267578125,275.04998779296875,51135000,0.000727581707792,0.0007273171485391,272.0704971313477,267.51919921875,263.935749206543,60.27419292368111,1.6097461651784215,1.9286479119659876,2.688461740185842,66538250.0,0.1266888765500649,1
2018-06-06,245.8052978515625,277.3999938964844,277.5199890136719,275.0899963378906,275.7900085449219,62732200,0.0083605515882951,0.0083257957610882,272.59449615478513,267.76499938964844,264.1091991424561,64.34005577086162,1.8693989134123967,1.8786687119430143,2.669999664156943,66299900.0,0.2267957367752029,1
2018-06-07,245.77877807617188,277.3699951171875,278.2799987792969,276.3399963378906,277.95001220703125,72969400,-0.0001081426818922,-0.0001081485297337,272.98799591064454,268.1003991699219,264.2815491485596,64.24769229596899,2.049133797430557,2.015612342455785,2.6178570053890367,66965065.0,0.1631889205224748,1
2018-06-08,246.50538635253903,278.19000244140625,278.25,276.6600036621094,276.8500061035156,72139700,0.0029563663649787,0.0029520049078657,273.29649658203124,268.4675994873047,264.4452991485596,65.69728552224292,2.232013464078477,2.3102921949481217,2.5444383862820072,66968855.0,-0.0113705196972977,1
2018-06-11,246.833236694336,278.5599975585937,279.3699951171875,278.3099975585937,278.44000244140625,58892500,0.001330008677308,0.0013291249992134,273.58199615478514,268.7757995605469,264.6152991485596,66.36005169758454,2.3793744833180317,2.588297948731493,2.446977978389096,66919905.0,-0.1836325906539672,1
2018-06-12,247.1522521972656,278.9200134277344,279.3299865722656,278.19000244140625,279.0299987792969,72329000,0.0012924176920448,0.0012915832391964,273.87899627685545,269.2047998046875,264.7899491882324,67.02761513600316,2.4964321092256228,2.8437771395564755,2.3536212749941154,67796825.0,0.2281529906184998,1
2018-06-13,246.36358642578125,278.0299987792969,279.4800109863281,277.79998779296875,279.19000244140625,79070600,-0.0031909314699215,-0.003196033347797,274.2254959106445,269.55,264.9572991943359,63.66411004610198,2.488696236095791,2.908798770312486,2.30550712630592,67398550.0,0.0932074271730565,1
2018-06-14,246.98391723632807,278.7300109863281,279.3299865722656,278.0599975585937,279.010009765625,77097600,0.0025177578322652,0.0025145935900984,274.5499969482422,269.8534002685547,265.1280992126465,65.14556847048905,2.510115585787503,3.03491524416281,2.233684316781836,68556300.0,-0.0249523843248944,1
2018-06-15,246.6688537597656,277.1300048828125,277.510009765625,275.3500061035156,276.6000061035156,120041600,-0.0057403438469139,-0.0057568829444289,274.8059967041016,270.0832000732422,265.289499206543,59.2039462967624,2.370656007222351,3.0253115437689577,2.315564357212598,71731560.0,0.5570082596604824,1
2018-06-18,246.1614532470703,276.5599975585937,276.70001220703125,274.95001220703125,275.489990234375,52917600,-0.0020568228418998,-0.0020589410069599,275.0674972534179,270.42,265.4422492218018,57.202345476897015,2.1889061120302244,2.9336873745066385,2.305880665681788,71159040.0,-0.5591728200890358,1
2018-06-19,245.2179718017578,275.5,275.75,273.5299987792969,274.0,97531500,-0.0038327942144601,-0.0038401581926362,275.17399749755856,270.71,265.5822991943359,53.5749281451517,1.9370064616980471,2.9073646024382604,2.357603388082861,73134320.0,0.8430824527189442,1
2018-06-20,245.63629150390625,275.9700012207031,276.7200012207031,275.5899963378906,276.2699890136719,53785500,0.0017059935415721,0.0017045399875246,275.3419982910156,270.92640014648435,265.72294921875,54.93938438613809,1.7550680129560874,2.847876291010658,2.2763460904128805,73175275.0,-0.4485320127343474,1
2018-06-21,244.0963592529297,274.239990234375,275.9800109863281,273.67999267578125,275.9599914550781,71061400,-0.0062688371151782,-0.0062885687808555,275.3859985351562,271.13599975585936,265.8638491821289,49.20660785045418,1.454516294799248,2.8223255998906565,2.2780369632795945,73493635.0,0.321199951659834,1
2018-06-22,244.54147338867188,274.739990234375,275.7900085449219,274.489990234375,275.6600036621094,54898500,0.0018232206016806,0.0018215605524504,275.4829986572265,271.31219970703125,266.00304916381833,50.804375163292775,1.242351657556128,2.7614508842511944,2.226035630941543,72436370.0,-0.2274497828638332,1
2018-06-25,241.2125396728516,271.0,273.6199951171875,269.1000061035156,273.44000244140625,137854200,-0.0136128352890472,-0.0137063394723877,275.4254989624023,271.42919982910155,266.1236991882324,40.53353552451784,0.763621149195501,2.845206871250119,2.469889095221388,76510340.0,1.5110740730621055,1
2018-06-26,241.74664306640625,271.6000061035156,272.5599975585937,270.7900085449219,271.6400146484375,68547400,0.0022140446624192,0.0022115972772832,275.55449981689446,271.51460021972656,266.2487992095947,42.54048604523055,0.4277088885188504,2.586196701161612,2.4198962322535613,74142280.0,-0.5027543593158569,1
2018-06-27,239.7439422607422,269.3500061035156,273.8699951171875,269.17999267578125,272.260009765625,105110700,-0.0082842413454971,-0.008318746370276,275.39150085449216,271.49780029296875,266.349499206543,37.43792871337308,-0.0198315879488291,2.86883487933421,2.582046675764468,75913895.0,0.5334017045139567,1
2018-06-28,241.11463928222656,270.8900146484375,271.75,268.489990234375,269.2900085449219,76650500,0.005717499573139,0.0057012167078234,275.3890014648437,271.50780029296874,266.4536992645264,42.51985752686042,-0.2473930278890179,2.87293608054848,2.630472610754506,75070425.0,-0.2707640611279346,1
2018-06-29,241.4617614746093,271.2799987792969,273.6600036621094,271.1499938964844,272.1199951171875,97592500,0.0014396401113769,0.0014386048230611,275.2730010986328,271.55559997558595,266.55924926757814,43.765599271423945,-0.3917527663732016,2.9932885427515163,2.640438068105747,76387130.0,0.2732141342848384,1
2018-07-02,241.9780120849609,271.8599853515625,272.0400085449219,269.239990234375,269.510009765625,63554800,0.0021379628976534,0.0021356807072243,275.1210006713867,271.6605999755859,266.6680992126465,45.65206498570642,-0.4541239714849325,3.088886779735032,2.651836656851542,77295610.0,-0.348773727489305,1
2018-07-03,241.1236114501953,270.8999938964844,272.9800109863281,270.4200134277344,272.8699951171875,42187100,-0.0035311980681403,-0.0035374474642797,274.9110000610351,271.74719970703126,266.7766491699219,43.07622660609417,-0.574395613256911,3.229939395857572,2.6452767212617,76848215.0,-0.3362090668210741,2
2018-07-05,243.0906982421875,273.1099853515625,273.17999267578125,270.9599914550781,272.1700134277344,56925900,0.0081579605200088,0.0081248642370268,274.696499633789,271.9497991943359,266.8935990905762,50.061756508997135,-0.4857840984195718,3.19823978333475,2.619185439692784,76557900.0,0.3493674606692567,1
2018-07-06,245.1466827392578,275.4200134277344,275.8399963378906,272.7099914550781,273.1400146484375,66493700,0.0084582336790004,0.0084226632550794,274.5990005493164,272.1855993652344,267.02084915161134,56.12290456570701,-0.2265473773176722,3.1416706015415024,2.655672542772764,76234115.0,0.1680746373794706,1
2018-07-09,247.3541717529297,277.8999938964844,277.9599914550781,276.5,276.54998779296875,50550400,0.0090043582450143,0.0089640607328216,274.58450012207027,272.4173992919922,267.1600491333008,61.52231400959816,0.1769732521333367,3.12484817689689,2.6474086488135486,75154650.0,-0.2397715873834663,1
2018-07-10,248.2442169189453,278.8999938964844,279.010009765625,278.0799865722656,278.4100036621094,51966800,0.0035984167756855,0.0035919579637339,274.6014999389648,272.66419921875,267.307599105835,63.47415777998556,0.5708771840150462,3.148449687153267,2.537594878836912,74808365.0,0.0280195606760778,1
2018-07-11,246.42837524414065,276.8599853515625,278.0400085449219,276.5199890136719,277.1499938964844,77054700,-0.0073144804215342,-0.0073413623987985,274.4984985351563,272.91119873046875,267.44469902038577,57.10968357569076,0.7102499283842576,3.0312493953611885,2.5263384505494537,75044650.0,0.4827678440850698,1
2018-07-12,248.6624755859375,279.3699951171875,279.42999267578125,277.6000061035156,278.2799987792969,60124700,0.0090659896641898,0.0090251402876137,274.5654983520508,273.1989984130859,267.5968990325928,62.139785259862286,1.011579781448404,3.1267200782405045,2.5294576558115467,74097355.0,-0.2197140472936758,1
2018-07-13,248.8583374023437,279.5899963378906,279.92999267578125,278.6600036621094,279.1700134277344,48216000,0.0007874905127547,0.0007871806047899,274.6084976196289,273.5267980957031,267.74944900512696,62.554313076444814,1.2536864043730134,3.192232565513577,2.4394956099444274,72653275.0,-0.1980666847402149,1
2018-07-16,248.63589477539065,279.3399963378906,279.79998779296875,278.8399963378906,279.6400146484375,48201000,-0.0008941664697397,-0.0008945664750428,274.7189971923828,273.8611981201172,267.89589897155764,61.72723401887071,1.4091410359592371,3.319809002315402,2.333816741739692,69061245.0,-0.0003111000497759,2
2018-07-17,249.6416778564453,280.4700012207031,280.9100036621094,278.4100036621094,278.4700012207031,52315500,0.0040452670495694,0.004037106955921,274.9144973754883,274.1501983642578,268.0464989471436,64.04151529600516,1.6050202275863512,3.5416459374489127,2.345686974472571,69031140.0,0.0853612995581003,2
2018-07-18,250.1668395996093,281.0599975585937,281.17999267578125,280.0599975585937,280.5599975585937,44593500,0.0021035987282871,0.0021013892624927,275.192497253418,274.432998046875,268.19564895629884,65.22390538298579,1.7872612368400382,3.798895570206692,2.2581375560950696,66384240.0,-0.1476044384551423,2
2018-07-19,249.223388671875,280.0,280.739990234375,279.4599914550781,280.3099975585937,61412100,-0.0037714280502429,-0.0037785578169254,275.3939971923828,274.6945977783203,268.33404891967774,61.32251348654411,1.82511679512146,3.946324534128201,2.2111281666251053,66765570.0,0.3771536210434256,2
2018-07-20,248.93844604492188,279.67999267578125,280.4800109863281,279.5,279.7699890136719,82337700,-0.0011428833007812,-0.0011435368899324,275.66599731445314,274.898197631836,268.4681488800049,60.15272373511522,1.8084490067134311,4.048745180143972,2.123191225175321,67329385.0,0.3407406683699141,2
2018-07-23,249.4013061523437,280.20001220703125,280.42999267578125,279.0599975585937,279.45001220703125,47047600,0.0018593376175206,0.0018576111890104,275.9389984130859,275.0617980957031,268.6033489227295,61.43999296900964,1.816264132171966,4.165419187079545,2.069391503176195,66936840.0,-0.4286019648350634,2
2018-07-24,250.65635681152344,281.6099853515625,282.5599975585937,280.6300048828125,281.7900085449219,68026900,0.0050320238511962,0.0050194055319292,276.46949768066406,275.23699768066405,268.7380988311768,64.76379917265456,1.914165417127208,4.178903288207361,2.090148206632356,63445475.0,0.4459164760795449,2
2018-07-25,252.7925567626953,284.010009765625,284.3699951171875,281.2799987792969,281.3299865722656,78882900,0.008522511767707,0.0084864001934448,277.08999786376955,275.45759765625,268.88629890441894,69.57179828093595,2.1605097911668736,4.336190335515068,2.1615659302936603,63962250.0,0.1595839292985568,2
2018-07-26,252.1961669921875,283.3399963378906,284.1099853515625,283.0899963378906,283.20001220703125,57919500,-0.0023591190616389,-0.0023619061672846,277.7894973754883,275.7023974609375,269.0332489013672,66.83021956306897,2.275445083815555,4.146129476171008,2.080024721963533,61602690.0,-0.2657534142380667,2
2018-07-27,250.4872283935547,281.4200134277344,283.82000732421875,280.3800048828125,283.7099914550781,76768700,-0.0067762509175253,-0.0067993139520935,278.3159973144531,275.8859979248047,269.1672489929199,59.58423508425226,2.186402074296268,3.884186185984498,2.1771659876380127,61608600.0,0.325437892246998,2
2018-07-30,249.17872619628903,279.95001220703125,281.69000244140625,279.3599853515625,281.510009765625,63742500,-0.0052235134338823,-0.0052372036750954,278.74949798583987,276.0447979736328,269.2918990325928,54.6946255374995,1.9744577150522105,3.5247800742223525,2.188083923509851,59916100.0,-0.16968113306595,2
2018-07-31,250.40711975097656,281.3299865722656,282.0199890136719,280.3800048828125,280.8099975585937,68570500,0.004929359903774,0.0049172503877148,279.222998046875,276.2447979736328,269.4253489685059,58.16532654862871,1.895986924665408,3.16865327288785,2.179647700876335,60166885.0,0.0757422441855903,1
2018-08-01,249.98878479003903,280.8599853515625,282.1300048828125,280.1300048828125,281.5599975585937,53853300,-0.0016706403267907,-0.0016720374025657,279.7209976196289,276.3945977783203,269.55489891052247,56.575646748732005,1.775407297216077,2.504881188178418,2.166815722242311,60750195.0,-0.2146287397641842,1
2018-08-02,251.3505859375,282.3900146484375,282.5799865722656,279.1600036621094,279.3900146484375,63426400,0.0054476585369034,0.0054328737159347,280.1849990844727,276.5901983642578,269.690399017334,60.372530252923454,1.7827571364612709,2.0303796258325724,2.256327664236164,61075220.0,0.1777625512271299,1
2018-08-03,252.4277191162109,283.6000061035156,283.6600036621094,282.3299865722656,282.5299987792969,53935400,0.004284823797982,0.0042756700792247,280.59399871826173,276.79499877929686,269.83104904174803,63.1189353875178,1.8647227717569308,1.83443606273989,2.1901626232081344,60447305.0,-0.1496380056254178,1
2018-08-06,253.3532867431641,284.6400146484375,284.989990234375,283.20001220703125,283.6400146484375,39400900,0.0036671668636787,0.0036604592010195,280.9309997558594,277.03179931640625,269.9756491088867,65.34228362343464,1.990654104740088,1.9300824448981668,2.161578009217821,59889830.0,-0.2694797850762208,1
2018-08-07,254.1900329589844,285.5799865722656,286.010009765625,285.239990234375,285.3900146484375,43196600,0.003302318280826,0.0032968776024228,281.26499938964844,277.3003991699219,270.1245990753174,67.26317687485954,2.141616252941219,2.1279607874907063,2.105036374072798,59451320.0,0.0963353628978018,1
2018-08-08,254.08316040039065,285.4599914550781,285.9100036621094,284.94000244140625,285.3900146484375,42114600,-0.0004201804146983,-0.0004202687152244,281.6949996948242,277.62919921875,270.26634910583493,66.75452880835346,2.225913296993383,2.058767255743756,2.023962434546393,57704315.0,-0.0250482676877347,1
2018-08-09,253.73605346679688,285.07000732421875,285.9700012207031,284.9200134277344,285.5299987792969,35717000,-0.0013661603816055,-0.0013670944295027,281.9800003051758,277.87839965820314,270.41114921569823,65.03327971880029,2.2354816111309788,2.1137700530663373,1.9543928172908471,56483930.0,-0.1519093141095961,1
2018-08-10,252.03599548339844,283.1600036621094,284.0599975585937,282.3599853515625,283.45001220703125,77076000,-0.0067001214194275,-0.0067226679992592,282.1585006713867,278.1227996826172,270.5441492462158,57.24766805934258,2.065137615131732,2.0511292685731632,2.008366328388376,57926930.0,1.1579639947364,1
2018-08-13,251.0924072265625,282.1000061035156,284.1600036621094,281.7699890136719,283.4700012207031,65732900,-0.0037434579209096,-0.0037504821950417,282.296501159668,278.2927996826172,270.6781993103027,53.4250790822436,1.823584677807048,1.9414328199441808,2.035626922677599,58803525.0,-0.1471677305516633,1
2018-08-14,252.6947021484375,283.8999938964844,284.1700134277344,282.4800109863281,282.9200134277344,43842000,0.006380672648083,0.0063604023361526,282.468000793457,278.4727996826172,270.81959930419924,58.49342323929669,1.757140979025337,1.923003557143769,2.0380826656448243,58379850.0,-0.3330280574871944,1
2018-08-15,250.80763244628903,281.7799987792969,282.5400085449219,280.1600036621094,282.3800048828125,102925400,-0.007467401066449,-0.0074954216870865,282.5040008544922,278.6063995361328,270.9399493408203,51.39897802664469,1.515943131839208,1.9018808489600232,2.159647491982694,61296445.0,1.3476438118698963,1
2018-08-16,252.8370819091797,284.0599975585937,285.0400085449219,283.3599853515625,283.3999938964844,69967900,0.0080914145403294,0.0080588545652802,282.7070007324219,278.739599609375,271.0764993286133,57.3852420069077,1.491574998838587,1.8360826572992883,2.2382447972428587,61724235.0,-0.3202076455374475,1
2018-08-17,253.72708129882807,285.0599975585937,285.5599975585937,283.3699951171875,283.8299865722656,65618500,0.0035203830479288,0.0035142010040534,282.9760009765625,278.8933996582031,271.21604934692385,59.72818506604999,1.5352572308313484,1.76186779816982,2.234798914683097,60888275.0,-0.0621627917945228,1
2018-08-20,254.2700653076172,285.6700134277344,285.9700012207031,285.0599975585937,285.57000732421875,39807500,0.0021399560596546,0.0021376696150323,283.24950103759767,279.0429998779297,271.3569494628906,61.132030760324014,1.600647627442811,1.7325814083875568,2.1401706823564064,60526270.0,-0.3933494365156168,1
2018-08-21,254.86648559570312,286.3399963378906,287.3099975585937,285.7099914550781,286.25,67272000,0.0023453035973821,0.0023425576654248,283.4860015869141,279.19859985351565,271.5006994628906,62.67114248054608,1.6870843512113538,1.8177404672162725,2.1044430715351856,60488525.0,0.6899328016077373,1
2018-08-22,254.7151336669922,286.1700134277344,286.760009765625,285.5799865722656,285.8800048828125,44993300,-0.0005936401212901,-0.0005938163953526,283.5940017700196,279.3435998535156,271.6392994689941,62.00033400264189,1.7220195083257297,1.912224963591261,2.0384130802369134,58794045.0,-0.3311734451183256,1
2018-08-23,254.3769073486328,285.7900085449219,286.94000244140625,285.42999267578125,285.9700012207031,49204900,-0.0013278990284859,-0.0013287814676808,283.7165023803711,279.4988000488281,271.77399948120114,60.44277703199229,1.699452424150195,1.9726188967086449,2.0006699863360624,58358315.0,0.0936050478626817,1
2018-08-24,255.90782165527344,287.510009765625,287.6700134277344,286.3800048828125,286.44000244140625,57487400,0.0060184092140251,0.0060003709276352,284.0210021972656,279.67440002441407,271.91819946289064,64.75827867069907,1.7996127555883843,2.0672345489109656,1.9920510503700937,57394250.0,0.1683267316872914,1
2018-08-27,257.92840576171875,289.7799987792969,289.8999938964844,288.67999267578125,288.8599853515625,57072400,0.0078953390719243,0.0078643339726502,284.5125015258789,279.9273999023437,272.0715495300293,69.48913438903598,2.038659286944437,2.211898032944512,2.0204748418336136,57060745.0,-0.0072189732010841,1
2018-08-28,258.0528869628906,289.9200134277344,290.4200134277344,289.3999938964844,290.29998779296875,46943500,0.0004831756816456,0.0004830589898629,284.9420028686524,280.19460021972657,272.2302995300293,69.75879412043221,2.213883130623572,2.388356853401312,1.9490137482204983,55979395.0,-0.1774745761523959,1
2018-08-29,259.4415283203125,291.4800109863281,291.739990234375,289.8900146484375,290.1600036621094,61485500,0.0053807860318086,0.0053663613236915,285.47300415039064,280.51420043945313,272.39724960327146,72.65828923399783,2.450381581136071,2.603885322050508,1.9419395937717128,56361005.0,0.3097766463940694,1
2018-08-30,258.39111328125,290.29998779296875,291.3599853515625,289.6300048828125,290.94000244140625,61229500,-0.0040483846194678,-0.0040566015127422,285.8685028076172,280.8008001708984,272.557099609375,67.39449383210751,2.513614909205387,2.7095418111071745,1.9353729158962776,56251160.0,-0.0041635832838636,1
2018-08-31,258.4000244140625,290.3099975585937,290.8099975585937,289.2900085449219,289.8399963378906,66140800,3.448076488399288e-05,3.4480170436084024e-05,286.2040023803711,281.1222003173828,272.71999954223634,67.41605813896666,2.535310006127702,2.8267548695381715,1.9057026371659591,56861430.0,0.0802113360390008,1
2018-09-04,257.9550170898437,289.8099975585937,290.2099914550781,288.67999267578125,289.8399963378906,57594400,-0.0017222968695698,-0.0017237817279795,286.4625015258789,281.4236004638672,272.88684951782227,65.0999646364568,2.4835291275782083,2.911330191473001,1.8860099404264223,57771105.0,-0.1292152498911413,1
2018-09-05,257.26080322265625,289.0299987792969,289.6400146484375,287.8900146484375,289.4100036621094,72452400,-0.0026914143261711,-0.0026950426934641,286.63500213623047,281.7842004394531,273.0388995361328,61.54763928937663,2.352435612103193,2.9581209050002406,1.8884365811214057,59233895.0,0.257976469934577,1
2018-09-06,256.48638916015625,288.1600036621094,289.489990234375,287.0,289.1499938964844,65909900,-0.003010051277936,-0.0030145905936211,286.770002746582,282.115400390625,273.1903996276856,57.76165190458693,2.1535173144242776,2.963280390134844,1.931404699210948,60423660.0,-0.0903006663685399,1
2018-09-07,255.98794555664065,287.6000061035156,288.70001220703125,286.7099914550781,286.9800109863281,73524800,-0.0019433563002393,-0.0019452470671137,286.89650268554686,282.480400390625,273.33689971923826,55.39939677684966,1.9284559675296575,2.940806004678426,1.935591560121104,62314050.0,0.1155349955014344,1
2018-09-10,256.4330444335937,288.1000061035156,289.0400085449219,287.8800048828125,288.739990234375,50210900,0.0017385256932853,0.0017370162067597,287.1435028076172,282.82460021972656,273.477449798584,57.08690384011975,1.7700351861446393,2.815233686708259,1.9001923373557568,60970795.0,-0.3170889278175527,1
2018-09-11,257.2785949707031,289.04998779296875,289.54998779296875,286.9800109863281,287.3699951171875,50530500,0.0032974025315077,0.0032919780210391,287.49100189208986,283.18,273.6238996887207,60.170382294841225,1.7015270142906047,2.578942941611502,1.9480340851618188,60210675.0,0.0063651517897507,1
2018-09-12,257.3408203125,289.1199951171875,289.79998779296875,288.2300109863281,289.0599975585937,59810800,0.0002421979836542,0.0002421686584574,287.752001953125,283.5252001953125,273.7676997375488,60.39622216294043,1.6340465292794877,2.4576823388089566,1.9210299938388764,61009115.0,0.1836573950386399,1
2018-09-13,258.8629455566406,290.8299865722656,291.0400085449219,290.0,290.32000732421875,51034200,0.0059144697148498,0.0058970478989633,288.2045013427734,283.9238000488281,273.9206996154785,65.5365247780988,1.6989651653108808,2.1086026870666608,1.920957381974269,58414555.0,-0.1467393848602594,1
2018-09-14,258.90740966796875,290.8800048828125,291.2699890136719,290.0,291.0599975585937,55079900,0.0001719847087859,0.0001719699211114,288.5455017089844,284.2792004394531,274.0607496643066,65.67685747676585,1.7344559828114825,1.948463404390828,1.874459641381241,57670155.0,0.079274290573772,1
2018-09-17,257.5367431640625,289.3399963378906,290.8599853515625,289.0299987792969,290.82000732421875,68244000,-0.0052943087151772,-0.0053083732307847,288.7595016479492,284.55760009765623,274.1938996887207,57.86436209769216,1.6196466142177428,1.7726021042848887,1.8727129601051256,57801430.0,0.2390000708062287,1
2018-09-18,258.93408203125,290.9100036621094,291.5799865722656,289.54998779296875,289.5799865722656,61930400,0.0054261676370013,0.0054114990283504,289.021501159668,284.81780029296874,274.3233996582032,62.7315882445805,1.6364814924455686,1.6765737736202808,1.8989470511244024,58907575.0,-0.09251509290194,1
2018-09-19,259.2099609375,291.2200012207031,291.69000244140625,290.8299865722656,290.9700012207031,49080600,0.0010656132642101,0.0010650459014195,289.26550140380857,285.06420043945315,274.45719970703124,63.62504933421396,1.655751000090902,1.6199302255243768,1.824737680982704,57998005.0,-0.2074877604536705,1
2018-09-20,261.3105773925781,293.5799865722656,293.94000244140625,291.239990234375,292.6400146484375,100360600,0.008103788687831,0.0080711293167347,289.63600006103513,285.3986004638672,274.6043995666504,69.60011194041572,1.8402401751503132,1.7190366968078536,1.88868507667702,60766370.0,1.0448120031132464,1
2018-09-21,261.07183837890625,291.989990234375,293.2200012207031,291.8099975585937,293.0899963378906,105479700,-0.0054158880394227,-0.0054306071297355,289.9459991455078,285.6510003662109,274.7483995056152,62.18836342328054,1.8369742634118325,1.5385277734037786,1.8802067864623704,63580110.0,0.0510070685109496,1
2018-09-24,260.2046203613281,291.0199890136719,291.5,290.3699951171875,291.3399963378906,53409600,-0.0033220358681629,-0.0033275660804232,290.12149810791016,285.87960021972657,274.8872994995117,58.12194804512174,1.7361023062568393,1.4432729388277004,1.8616202386570229,63376220.0,-0.4936504370035182,1
2018-09-25,259.963134765625,290.75,291.6499938964844,290.4800109863281,291.5299987792969,44370000,-0.0009277335711094,-0.0009281641822477,290.1699981689453,286.1078002929688,275.0206994628906,57.004644068655416,1.6157493437910944,1.4474850505837276,1.8122175723355392,62741100.0,-0.1692504718252898,1
2018-09-26,259.18536376953125,289.8800048828125,292.239990234375,289.4100036621094,290.9100036621094,79739700,-0.0029922445990971,-0.0029967303134387,290.1679977416992,286.29600036621093,275.1425494384766,53.43971631631842,1.4336412944050494,1.447876306191509,1.884915358044831,64380910.0,0.7971534820824882,1
2018-09-27,259.9095764160156,290.69000244140625,291.9100036621094,290.1000061035156,290.4100036621094,59249500,0.002794251224472,0.0027903545616681,290.1284973144531,286.4886004638672,275.26444946289064,56.18694974404874,1.339241445065568,1.420720251732348,1.895278459562834,64269110.0,-0.2569635952982015,1
2018-09-28,259.9364318847656,290.7200012207031,291.2799987792969,289.95001220703125,289.989990234375,70091400,0.0001031985243555,0.0001031931997541,290.14949798583984,286.70300048828125,275.3841494750977,56.28981463006181,1.2524125033894506,1.4264811685970864,1.8549004676130332,64712205.0,0.1829871982042041,1
2018-10-01,260.8394470214844,291.7300109863281,292.92999267578125,290.9800109863281,292.1099853515625,62078900,0.0034741667631537,0.0034681457870248,290.2204986572266,286.9440008544922,275.5090495300293,59.71885166577299,1.2506822027143016,1.4695785519735378,1.8802641095748256,64509110.0,-0.1143150229557407,1
2018-10-02,260.6874084472656,291.5599975585937,292.3599853515625,291.1400146484375,291.5599975585937,47258200,-0.0005827766130732,-0.0005829464933683,290.30799865722656,287.17120056152345,275.6385494995117,58.88149460501177,1.2215114406827183,1.4957163825365891,1.8331002948284096,63992300.0,-0.2387397328238741,1
2018-10-03,260.8304443359375,291.7200012207031,293.2099914550781,291.32000732421875,292.739990234375,64694600,0.0005487846873688,0.0005486341601211,290.4424987792969,287.37340087890624,275.7645994567871,59.45764987830447,1.197500321644668,1.4956928395847753,1.8371634259734788,63604410.0,0.3689603074175487,1
2018-10-04,258.7918701171875,289.44000244140625,291.239990234375,287.6600036621094,291.17999267578125,111545900,-0.007815709480859,-0.0078464122186196,290.5064987182617,287.48200073242185,275.870799407959,48.93527781129467,0.983161219529734,1.4182669083124428,1.9959372925892125,65886210.0,0.7241918181733871,1
2018-10-05,257.3434753417969,287.82000732421875,290.2699890136719,286.2200012207031,289.69000244140625,105951700,-0.005596998008302,-0.0056127198926684,290.5174987792969,287.57160095214846,275.9740493774414,43.09898903417191,0.6747972273901155,1.3952033638771213,2.142655185473465,67507555.0,-0.0501515519620174,1
2018-10-08,257.3434753417969,287.82000732421875,288.2200012207031,285.5,287.04998779296875,87742200,0.0,0.0,290.50349884033204,287.6996008300781,276.077999420166,43.09898903417191,0.4255115101595379,1.4218876528986977,2.183894187989869,69384120.0,-0.1718660483975245,1
2018-10-09,256.9678955078125,287.3999938964844,288.8599853515625,286.7699890136719,287.3900146484375,74339000,-0.0014592919777853,-0.0014603577813288,290.42099914550784,287.8486004638672,276.1770994567871,41.60688616644866,0.1918477088614736,1.5525268034063264,2.177187198697066,70574545.0,-0.1527565983073139,1
2018-10-10,248.83154296875,278.29998779296875,286.9100036621094,277.8800048828125,286.8299865722656,214731000,-0.0316632091049844,-0.0321753277389242,289.8799987792969,287.7880004882812,276.23104934692384,23.01541673218928,-0.7193349324230098,3.1218173421099147,2.7016730426238382,78320555.0,1.888537645112256,1
2018-10-11,243.35055541992188,272.1700134277344,278.8999938964844,270.3599853515625,277.0799865722656,274840500,-0.022026498864939,-0.0222727042683199,288.94700012207034,287.6142010498047,276.25594940185545,17.38123558179575,-1.9140277211697023,5.028866678280552,3.118697007073698,89510870.0,0.2799293069002613,2
2018-10-12,246.7303009033203,275.95001220703125,277.0899963378906,272.3699951171875,276.7699890136719,183186500,0.0138883734166421,0.0137928137212235,288.20050048828125,287.48540100097654,276.29909942626955,28.93412818701601,-2.526689943962708,5.7790021661190005,3.247360285865309,95916200.0,-0.3334806915283591,2
2018-10-15,245.344467163086,274.3999938964844,277.0400085449219,274.29998779296875,275.54998779296875,102263700,-0.0056170257002343,-0.0056328605133001,287.45350036621096,287.301400756836,276.33174942016603,27.25133890374275,-3.101549955893063,6.539498622482803,3.2111217477287246,97617185.0,-0.4417508932153843,2
2018-10-16,250.70913696289065,280.3999938964844,280.82000732421875,276.07000732421875,276.6000061035156,118255800,0.0218658896991938,0.0216302597846635,286.92799987792966,287.2166003417969,276.39944946289063,41.44731492404918,-3.0379610768539465,6.668138403734701,3.4403282963005566,100433455.0,0.1563810032298851,2
2018-10-17,250.7538909912109,280.45001220703125,281.1499938964844,277.5599975585937,280.44000244140625,110626000,0.0001783819958474,0.0001783660876709,286.3895004272461,287.1140008544922,276.4578495788574,41.549712424645726,-2.949530026316893,6.73779888010475,3.4510188706998512,103510725.0,-0.0645194569737805,2
2018-10-18,247.1326904296875,276.3999938964844,280.07000732421875,274.9700012207031,279.3999938964844,134557500,-0.014441141502098,-0.0145464296696009,285.530500793457,286.9328009033203,276.4874995422363,36.05197214933434,-3.1697119456683254,6.866740142606099,3.595946878959014,105220570.0,0.2163279879955888,2
2018-10-19,246.9985809326172,276.25,279.29998779296875,275.4700012207031,277.1300048828125,139901600,-0.0005426696808847,-0.000542816979368,284.7435012817383,286.75640075683594,276.51069961547853,35.8627113797716,-3.3180623990601816,6.988357272698143,3.6126639999094863,106941665.0,0.0397161064972224,2
2018-10-22,245.8898162841797,275.010009765625,277.3599853515625,274.4100036621094,277.0,82415800,-0.0044886524321267,-0.0044987566800969,283.943002319336,286.59340087890627,276.51864959716795,34.261434340435656,-3.495395309741184,7.146718780102659,3.565329549162603,108391975.0,-0.4109016623112245,2
2018-10-23,244.63815307617188,273.6099853515625,274.8699951171875,268.6099853515625,270.95001220703125,146352700,-0.0050908125680794,-0.0051038149014475,283.08600158691405,286.4236004638672,276.5170994567871,32.49714199086964,-3.7061806453311874,7.3132295919966435,3.76780775379831,113491110.0,0.7757844976327355,2
2018-10-24,237.2259063720703,265.32000732421875,273.760009765625,264.70001220703125,273.3299865722656,177806700,-0.030298521512992,-0.0307670089878365,281.8580017089844,286.0520007324219,276.4709994506836,24.46386787313962,-4.490398962913844,8.12888162047223,4.145821311283698,118394460.0,0.2149191644568224,2
2018-10-25,241.4818878173828,270.0799865722656,271.8099975585937,266.2300109863281,267.3800048828125,138061500,0.0179405213200911,0.0177814894273911,280.82750091552737,285.81800048828126,276.450799407959,34.479152340171325,-4.673928941655333,8.255697801200926,4.313261948647359,122335060.0,-0.2235303844005878,2
2018-10-26,237.23483276367188,265.3299865722656,271.0,262.2900085449219,265.9200134277344,201574600,-0.0175873823909904,-0.0177438780143586,279.5580001831055,285.4434002685547,276.3968493652344,30.178975874861464,-5.14337346697522,8.599428144541784,4.627314056249555,128909220.0,0.4600348395461442,2
2018-10-29,235.9204864501953,263.8599853515625,270.25,259.8500061035156,268.79998779296875,160749100,-0.0055402754874928,-0.0055556797359309,278.1644989013672,285.01940002441404,276.3265492248535,28.974616324988855,-5.569822996248036,8.779419804781007,5.039648330552042,133842730.0,-0.2025329580214967,2
2018-10-30,239.4164886474609,267.7699890136719,268.1199951171875,263.1199951171875,263.6700134277344,157116000,0.0148184790387968,0.0147097581148379,276.9749984741211,284.6613995361328,276.2805491638184,36.26083475211035,-5.528552984926023,8.475333423853527,5.036816306941183,139335620.0,-0.0226010596637865,2
2018-10-31,241.97364807128903,270.6300048828125,273.2300109863281,270.1199951171875,270.6499938964844,128296300,0.0106808678585508,0.0106242303245278,275.9204986572266,284.3471997070312,276.23564926147463,41.02647898631213,-5.2050660635893,7.83177971527979,5.067045283063687,142515705.0,-0.1834294406680414,2
2018-11-01,244.5487823486328,273.510009765625,273.7300109863281,270.3800048828125,271.6000061035156,99495000,0.0106418535670484,0.0105856275906905,275.1239990234375,284.09399963378905,276.2074992370606,45.44954186674583,-4.662560923017509,7.166236395539123,4.944399627381683,141913160.0,-0.2244904958287963,2
2018-11-02,243.10028076171875,271.8900146484375,275.2300109863281,269.5899963378906,274.75,122634100,-0.0059229829232784,-0.0059405933586029,274.32749938964844,283.81599975585937,276.1648992919922,43.47437162524461,-4.313617065273718,6.538653218362098,4.994086414599956,142747280.0,0.2325654555505301,2
2018-11-05,244.44142150878903,273.3900146484375,274.010009765625,271.3500061035156,272.44000244140625,65622500,0.005516936699347,0.0055017741457435,273.6059997558594,283.5335998535156,276.11839935302737,45.82215999592294,-3.871411854046812,5.7158395116430425,4.827366217993486,141641295.0,-0.4648919020076797,2
2018-11-06,245.9882354736328,275.1199951171875,275.29998779296875,273.25,273.32000732421875,60085900,0.0063278846192487,0.0063079476191934,272.9919998168945,283.24039978027344,276.07754928588867,48.47997202496927,-3.3428319861591262,4.730770462652904,4.628982044777433,140928640.0,-0.0843704522077031,2
2018-11-07,251.2544860839844,281.010009765625,281.1000061035156,277.0799865722656,277.5599975585937,102752100,0.0214088934027809,0.021182942264952,273.1275009155273,283.06219970703125,276.0666993713379,56.33420541059916,-2.4207487902331764,4.92560512160184,4.725484112031055,135329695.0,0.7100867258375092,2
2018-11-08,250.79852294921875,280.5,281.2200012207031,279.2200012207031,280.1099853515625,65584900,-0.0018149167214732,-0.0018165656782744,273.54400024414065,282.8425994873047,276.05269943237306,55.54458881313933,-1.711416594782861,5.185697218065672,4.530806675457408,124866915.0,-0.3617171814493329,2
2018-11-09,248.34866333007807,277.760009765625,279.239990234375,276.17999267578125,279.0299987792969,98812600,-0.0097682361296791,-0.0098162583322661,273.63450012207034,282.5917999267578,276.0085995483398,51.37803680410215,-1.3547433937416145,5.245347288051911,4.51574957894036,120648220.0,0.5066364361308777,2
2018-11-12,243.7081756591797,272.57000732421875,277.4599914550781,271.989990234375,277.19000244140625,99673600,-0.0186852039852158,-0.0188619779104837,273.54300079345705,282.2370001220703,275.948049621582,44.55967154435352,-1.473877195730438,5.247251997241147,4.605340289819621,120518715.0,0.0087134636675889,2
2018-11-13,243.252197265625,272.0599975585937,275.3299865722656,271.25,273.0899963378906,98176600,-0.0018711147665575,-0.0018728674884962,273.1260009765625,281.88200012207034,275.89954956054686,43.94253189835075,-1.5911038629711811,4.999171426937794,4.5678150242800495,119514755.0,-0.0150190220880955,2
2018-11-14,241.5892028808593,270.20001220703125,274.6099853515625,268.45001220703125,274.1600036621094,125335900,-0.006836673411209,-0.0068601505276456,272.6135009765625,281.505400390625,275.8410496520996,41.67559718360539,-1.8131907800169529,4.726797786293618,4.681540604297993,120250250.0,0.2766372027550352,2
2018-11-15,244.11056518554688,273.0199890136719,273.5400085449219,267.010009765625,268.7799987792969,135101400,0.0104366272362708,0.0103825416309593,272.4445007324219,281.2026000976563,275.79824966430664,46.20668944027836,-1.7415719437821051,4.6439899540838026,4.813573331083627,120277445.0,0.0779146278121432,2
2018-11-16,244.7454071044922,273.7300109863281,274.75,271.2099914550781,271.7900085449219,126668000,0.0026006226695023,0.002597246901833,272.3185012817383,280.9252001953125,275.78964965820313,47.316473237501725,-1.608973416790434,4.56888449984124,4.722604417786359,119615765.0,-0.0624227432136158,2
2018-11-19,240.60565185546875,269.1000061035156,273.3800048828125,268.07000732421875,273.04998779296875,103061700,-0.0169144949292525,-0.0170591788225744,272.0230010986328,280.5452001953125,275.8154997253418,41.32881017987998,-1.8560949214311224,4.576757597470053,4.789561506666574,120648060.0,-0.1863635645940569,2
2018-11-20,236.1529541015625,264.1199951171875,267.0,263.1499938964844,265.3599853515625,136021300,-0.0185061719560587,-0.0186795535748055,271.5485015869141,280.0466003417969,275.7904496765137,36.04525100319916,-2.42582239068372,4.885119622546973,4.872450842406908,120131490.0,0.3198045442681423,2
2018-11-21,236.9576568603516,265.0199890136719,267.1499938964844,265.010009765625,265.8599853515625,75563700,0.0034075189804734,0.0034017265425041,271.5335006713867,279.5646002197266,275.77719955444337,37.59787745948646,-2.7727509815103986,4.905669737497061,4.740847123613333,115019340.0,-0.4444715643799904,2
2018-11-23,235.3751220703125,263.25,264.82000732421875,263.07000732421875,263.17999267578125,42807900,-0.0066787000492274,-0.0067011023676909,271.19200134277344,279.01300048828125,275.8052995300293,35.759231748249334,-3.15415853402925,5.23860949912506,4.54149959260189,110256660.0,-0.4334859198265833,2
2018-11-26,239.1751251220703,267.5,267.75,265.3399963378906,265.7799987792969,79981400,0.0161443494776827,0.0160154153219762,271.30050201416014,278.545400390625,275.8352995300293,42.97087855575011,-3.0780059494325656,5.132198508250613,4.538535335987469,104177000.0,0.8683794346370646,2
2018-11-27,239.9797515869141,268.3999938964844,268.3999938964844,265.6600036621094,266.3399963378906,75502400,0.0033644631644276,0.0033588160210941,271.5275024414062,278.12660034179686,275.8505995178223,44.394443330840815,-2.911470867770504,4.8799851395838365,4.410067828729436,99914665.0,-0.0560005201209281,2
2018-11-28,245.5054168701172,274.5799865722656,274.5799865722656,268.3299865722656,269.6000061035156,127629600,0.0230253085555758,0.0227642262094893,271.8680023193359,277.8,275.8934994506836,53.05933048769688,-2.254824640277548,4.841437330949791,4.541491555248762,98440345.0,0.6904045434317321,2
2018-11-29,244.96896362304688,273.9800109863281,275.54998779296875,272.42999267578125,273.7099914550781,82346400,-0.0021850667028844,-0.0021874574443871,272.0355026245117,277.4552001953125,275.91544952392576,52.20874441233462,-1.762523515732198,4.8542851881649,4.439956095387244,96142850.0,-0.3548017074409071,2
2018-11-30,246.4620819091797,275.6499938964844,276.2799987792969,273.45001220703125,273.8099975585937,98204200,0.0060952728052834,0.0060767717711685,272.1425018310547,277.0966003417969,275.92854949951175,54.399958794742034,-1.2235137584750078,4.911742151612772,4.324958272307128,96078310.0,0.1925742959012173,2
2018-12-03,249.7255706787109,279.29998779296875,280.3999938964844,277.510009765625,280.2799987792969,103176300,0.0132414074997406,0.0131545063518991,272.51300048828125,276.8428002929688,275.9594995117188,58.84174986113645,-0.4961018855941006,5.164654564961356,4.355318395713761,95105420.0,0.0506302174448751,2
2018-12-04,241.63389587402344,270.25,278.8500061035156,269.8999938964844,278.3699951171875,177986000,-0.0324023923684416,-0.0329389727260077,272.3559997558594,276.4274005126953,275.9537495422363,46.69624907275741,-0.642475063994425,5.184280447992815,4.715652360054519,100723595.0,0.7250667062106317,2
2018-12-06,241.2672576904297,269.8399963378906,269.9700012207031,262.44000244140625,265.9200134277344,204185400,-0.0015171273343547,-0.0015182793373332,272.09199981689454,276.00920043945314,275.9526995849609,46.23067954217316,-0.782540096311152,5.1705400053505794,4.936677017093035,107928570.0,0.1471992179160157,2
2018-12-07,235.6612243652344,263.57000732421875,271.2200012207031,262.6300048828125,269.4599914550781,161018900,-0.0232359512998979,-0.0235101620430451,271.2199996948242,275.4830004882813,275.9185496520996,39.71034420154119,-1.3835298851562925,5.056735816988239,5.197628397150005,110841910.0,-0.2114083573066438,0
2018-12-10,236.10826110839844,264.07000732421875,265.1600036621094,258.6199951171875,263.3699951171875,151445900,0.0018970291994755,0.0018952321119764,270.3985000610352,274.9506005859375,275.8653497314453,40.43185303592431,-1.7987380686087135,4.797739147396461,5.293512693419424,115134960.0,-0.0594526481052845,0
2018-12-11,236.1619567871093,264.1300048828125,267.8699951171875,262.4800109863281,267.6600036621094,121504400,0.0002272032299377,0.0002271774231927,269.71699981689454,274.4188006591797,275.79649978637696,40.523832332375726,-2.098759055886092,4.663187709214946,5.30040351037942,116269550.0,-0.1977042627103143,0
2018-12-12,237.35108947753903,265.4599914550781,269.0,265.3699951171875,267.4700012207031,97976700,0.0050353483045431,0.0050227133348346,269.3614990234375,273.8934002685547,275.75164978027345,42.63827802073503,-2.2038049568954534,4.705069632511423,5.269660053722854,116184705.0,-0.1936366090446107,0
2018-12-13,237.2706451416016,265.3699951171875,267.489990234375,264.1199951171875,266.5199890136719,96662700,-0.0003390203450144,-0.0003390778254033,269.0269989013672,273.3696002197266,275.72024978637694,42.5281008006003,-2.268170485131748,4.740798995200042,5.133969701113186,116109010.0,-0.0134113518826415,0
2018-12-14,232.88951110839844,260.4700012207031,264.0299987792969,259.8500061035156,262.9599914550781,116961100,-0.0184647623568766,-0.018637364083155,268.5404983520508,272.7446002197266,275.6840997314453,36.93239346550587,-2.6836339250919536,5.099746745759566,5.161542509153092,115690270.0,0.2099920651916407,0
2018-12-17,228.320556640625,255.3600006103516,260.6499938964844,253.52999877929688,259.3999938964844,165492300,-0.0196183844066621,-0.0198133794487793,267.6574989318848,272.0630001831055,275.61549980163574,32.17749420192483,-3.386192122751595,5.768365841553057,5.30143198115555,117209815.0,0.414934538064365,0
2018-12-18,228.0701904296875,255.0800018310547,257.95001220703125,253.27999877929688,257.20001220703125,134515100,-0.0010964864451271,-0.0010970880261798,266.7249984741211,271.4082000732422,275.529949798584,31.93487844480127,-3.920376458038504,6.224458267500936,5.25633065591118,117602170.0,-0.1871821226727769,0
2018-12-19,224.6546630859375,251.259994506836,259.3999938964844,249.3500061035156,255.1699981689453,214992800,-0.0149757225058699,-0.015088990911623,265.83299789428713,270.6769998168945,275.4218497467041,28.749970216212475,-4.59895022285292,7.084995708253067,5.59873473712958,123198725.0,0.5982800443965026,0
2018-12-20,220.9978179931641,247.1699981689453,251.6199951171875,244.6499938964844,249.8600006103516,252053400,-0.0162779448671022,-0.0164118861262722,264.985498046875,269.8723999023438,275.2937997436524,25.78486612974608,-5.40445415987142,8.223055457034397,5.696682343099117,129000330.0,0.1723806564684957,0
2018-12-21,216.4696044921875,240.6999969482422,249.7100067138672,239.97999572753903,246.7400054931641,255345600,-0.0261763210285771,-0.026525019477182,263.76949844360354,269.1204000854492,275.126799697876,21.931524666180763,-6.490083220328074,9.854108021855565,5.984777246186906,137989425.0,0.0130615179164415,0
2018-12-24,210.74981689453125,234.33999633789065,240.83999633789065,234.2700042724609,239.0399932861328,147311600,-0.0264229359825007,-0.0267782954976722,262.32399826049806,268.36379974365235,274.9041497039795,18.93584850636049,-7.774036712732936,11.852163367241053,6.026578304704252,143214610.0,-0.4230893346116009,0
2018-12-26,221.3979949951172,246.17999267578125,246.17999267578125,233.759994506836,235.97000122070312,218485400,0.0505248635440733,0.0492899093179957,261.2579978942871,267.76839935302735,274.74244972229,36.3626353477905,-7.746889037802646,12.311980771607958,6.483251152150038,150139810.0,0.483151360788967,0
2018-12-27,223.0977478027344,248.07000732421875,248.2899932861328,238.9600067138672,242.57000732421875,186267300,0.0076773690172566,0.0076480479963194,260.24149856567385,267.241799621582,274.59919975280764,38.63061188046508,-7.486565456853128,12.52862430085563,6.686589396444009,155678055.0,-0.1474611118179979,0
2018-12-28,222.8099365234375,247.75,251.3999938964844,246.4499969482422,249.5800018310547,153100200,-0.0012899879661812,-0.0012908207168937,258.89999923706057,266.5887997436523,274.4614498138428,38.38119588380711,-7.222818899843418,12.347629219910706,6.562547078715309,156951585.0,-0.1780618498254926,0
2018-12-31,224.761459350586,249.9199981689453,250.19000244140625,247.47000122070312,249.5599975585937,144299400,0.0087588220744512,0.0087206861146604,257.6969985961914,265.97819946289064,274.3360498046875,41.155674845330914,-6.760763265918882,11.967289746555249,6.288079517428725,160049235.0,-0.0574839222940271,0
2019-01-02,224.9952850341797,250.17999267578125,251.2100067138672,245.9499969482422,245.97999572753903,126925200,0.0010403109344623,0.0010397701860406,256.4234985351562,265.4537994384765,274.21594970703126,41.49557111870793,-6.300967828356676,11.292437486463694,6.214645963728459,161485285.0,-0.1204038270429398,0
2019-01-03,219.62632751464844,244.2100067138672,248.57000732421875,243.6699981689453,248.22999572753903,144140700,-0.0238627633571435,-0.0241520911394867,254.6689994812012,264.8129995727539,274.0845497894287,36.309317790794,-6.345161532888199,10.22672975055642,6.235742288236136,163533505.0,0.1356350039235707,0
2019-01-04,226.9828338623047,252.38999938964844,253.1100006103516,247.1699981689453,247.58999633789065,142628800,0.0334957309319656,0.0329469694412326,253.7759994506836,264.36059936523435,273.9917497253418,46.22642829025669,-5.654941668764934,9.55210450657972,6.426045974539584,161765645.0,-0.0104890568729026,0
2019-01-07,228.77252197265625,254.3800048828125,255.9499969482422,251.69000244140625,252.69000244140625,103139100,0.0078846447877352,0.0078537234057482,253.00299987792968,263.9759997558594,273.91149978637696,48.33408287853279,-4.890980463301816,8.777883599880813,6.271328012560752,156713330.0,-0.2768704497268434,0
2019-01-08,230.92193603515625,256.7699890136719,257.3099975585937,254.0,256.82000732421875,102512600,0.0093953301556086,0.0093514685566844,252.6629989624024,263.80499938964846,273.87699966430665,50.82686257462594,-4.046043685468163,8.47345737457408,6.059804408705962,153788015.0,-0.0060743209898088,0
2019-01-09,232.0011444091797,257.9700012207031,258.9100036621094,256.19000244140625,257.5599975585937,95006600,0.0046734908999328,0.0046626040478954,252.35799865722657,263.5627996826172,273.8765997314453,52.07711593993073,-3.2422199520122774,8.144659364708891,5.821247038134331,150966050.0,-0.0732202675573538,0
2019-01-10,232.81954956054688,258.8800048828125,259.1600036621094,255.5,256.260009765625,96823900,0.0035275561414245,0.0035213489085509,252.09549865722656,263.4338000488281,273.84544982910154,53.05194810157973,-2.5029022624183312,7.823555379705335,5.666872511275406,149732025.0,0.0191281447815203,0
2019-01-11,232.90945434570312,258.9800109863281,259.010009765625,257.0299987792969,257.67999267578125,73858100,0.0003863029265658,0.0003862283308007,251.77149963378903,263.3362005615234,273.8373498535156,53.164701138479245,-1.8871639587532627,7.361491881580594,5.403525259493457,148526095.0,-0.2371914372381199,0
2019-01-14,231.48849487304688,257.3999938964844,258.29998779296875,256.4100036621094,256.8599853515625,70908200,-0.0061009229392887,-0.0061196096123801,251.3729995727539,263.12880065917966,273.8251998901368,51.07751864043381,-1.509283016225396,6.7793203898219065,5.201131121259549,147238370.0,-0.0399401013565201,0
2019-01-15,234.1415252685547,260.3500061035156,260.70001220703125,257.8099975585937,257.82000732421875,85208300,0.0114608091568861,0.0113956316025653,251.3669998168945,262.92320068359373,273.8111999511719,54.65680066550553,-0.9606940331571536,6.770893594677246,5.0653373490657865,145650730.0,0.2016706107333143,0
2019-01-16,234.7081298828125,260.9800109863281,261.9700012207031,260.6000061035156,260.8299865722656,77636700,0.0024198381718569,0.0024169150781274,251.64800033569333,262.6726007080078,273.82875,55.40713973162971,-0.4696829699231557,7.055948233169508,4.819241475360195,141257950.0,-0.0888598880625478,0
2019-01-17,236.4887237548828,262.9599914550781,263.9200134277344,259.9599914550781,260.010009765625,96118400,0.0075867131021529,0.007558078730287,252.04199981689453,262.49400024414064,273.839700012207,57.77221710252479,0.0783119799174301,7.465779829931873,4.757868653738484,139338115.0,0.2380536524607563,0
2019-01-18,239.63644409179688,266.4599914550781,266.9800109863281,263.0,264.9800109863281,127900300,0.0133100095593741,0.0132222096029315,252.80199966430663,262.35539978027344,273.8541999816895,61.64476252587045,0.7859625875712482,8.126417143210302,4.705165144989307,134983490.0,0.3306536521623331,0
2019-01-22,236.3988494873047,262.8599853515625,265.0599975585937,261.0599975585937,264.82000732421875,115531200,-0.0135104939539207,-0.0136025911370404,253.5864990234375,262.1101995849609,273.8402998352051,55.96019611698277,1.0442528891555298,8.30937741184002,4.754795770096101,128157380.0,-0.0967089209329454,0
2019-01-23,236.8935089111328,263.4100036621094,264.7900085449219,260.6600036621094,264.010009765625,86030300,0.0020924383367488,0.0020902522366409,254.72199935913085,261.7581994628906,273.8587498474121,56.61840728568534,1.278592872273407,8.001714927637485,4.710167849575844,119691615.0,-0.2553500699378176,0
2019-01-24,237.0194091796875,263.54998779296875,264.20001220703125,262.0799865722656,263.2099914550781,59204100,0.0005314305793751,0.0005312894201534,256.1824989318848,261.41919921875,273.87149978637694,56.79539221172279,1.4587885404567942,6.634707570877832,4.525157691375114,115286240.0,-0.3118226950272171,0
2019-01-25,239.02491760253903,265.7799987792969,266.70001220703125,263.6600036621094,265.6099853515625,96883400,0.0084614346029865,0.008425837326944,257.16249923706056,261.1795989990234,273.874649810791,59.6215311777976,1.7612357262282785,6.5261474346016985,4.426933885852784,109206140.0,0.6364305850439411,0
2019-01-28,237.20828247070312,263.760009765625,263.8299865722656,261.7900085449219,263.3900146484375,85613700,-0.0076002295994789,-0.007629258522316,257.94699935913087,261.0033990478516,273.874649810791,56.04527099293007,1.8169859849161296,6.31525443744569,4.395723625032942,104173460.0,-0.1163223008275927,0
2019-01-29,236.8935089111328,263.4100036621094,264.54998779296875,262.4800109863281,263.9200134277344,66136300,-0.0013269869978645,-0.0013278682247815,258.7299995422363,260.83039916992186,273.86204986572267,55.42491312145391,1.812037854719733,5.944347903385814,4.229598852290634,99825265.0,-0.227503308465818,0
2019-01-30,240.64370727539065,267.5799865722656,268.5199890136719,264.25,265.1000061035156,92473700,0.0158307689616272,0.0157067692999859,259.61299896240234,260.7779986572266,273.87419982910154,60.96817640925295,2.1201593198521778,5.878070550996217,4.292483602238624,97233980.0,0.3982291116981142,0
2019-01-31,242.7571716308593,269.92999267578125,270.4700012207031,267.2699890136719,267.510009765625,104012100,0.0087824434615588,0.0087441021285107,260.6004989624024,260.7161987304688,273.8871998596192,63.70730209604051,2.524868540736634,5.868910870563552,4.214449931152383,96088325.0,0.1247749360088328,0
2019-02-01,242.87408447265625,270.0599975585937,271.20001220703125,269.17999267578125,270.1499938964844,85782500,0.0004816244446337,0.0004815085008069,261.8929985046387,260.6427984619141,273.8865498352051,63.85840603240455,2.823545743867726,4.822430908807409,4.057704902587927,93170415.0,-0.1752642240662384,0
2019-02-04,244.58279418945312,271.9599914550781,272.0299987792969,269.3599853515625,270.1099853515625,60744800,0.0070354510614709,0.0070108177458243,262.87149810791016,260.6999981689453,273.89439971923827,66.08108001016805,3.176941404799834,4.777959721729107,3.958584082955531,89076215.0,-0.2918742167691546,0
2019-02-05,245.6080474853516,273.1000061035156,273.44000244140625,271.8800048828125,272.44000244140625,79552800,0.0041918469048995,0.0041830855901887,263.8074981689453,260.87959838867187,273.9154496765137,67.37745088532628,3.5085552261484736,4.859846647385522,3.7872564740725463,87896900.0,0.3096232105464171,0
2019-02-06,245.2842559814453,272.739990234375,273.3399963378906,271.9200134277344,272.7900085449219,58347800,-0.0013182565400755,-0.0013191262046062,264.60599822998046,261.03399841308595,273.94609970092773,66.51290300691423,3.699663874667976,4.95375940029882,3.618165505221383,85688660.0,-0.26655252863507,0
2019-02-07,242.946044921875,270.1400146484375,271.54998779296875,268.2900085449219,270.94000244140625,95482000,-0.0095327992924808,-0.0095785272660944,265.2144989013672,261.1717987060547,273.96394973754883,60.47757155353995,3.599826001271822,4.841913126658146,3.677580946952222,85712430.0,0.636428451458324,0
2019-02-08,243.2427978515625,270.4700012207031,270.5799865722656,267.8299865722656,268.75,75788900,0.0012215390329901,0.0012207935612057,265.7939987182617,261.23119873046875,274.0013996887207,60.96174096194216,3.5069055022245266,4.736290027113784,3.611325165027064,84660680.0,-0.206249345426363,0
2019-02-11,243.37771606445312,270.6199951171875,271.489990234375,270.0299987792969,271.20001220703125,68021400,0.000554567589039,0.0005544138732615,266.37599792480466,261.2755987548828,274.0363496398926,61.19444803914264,3.4061051314400856,4.567054631303968,3.457658471459282,84368845.0,-0.1024886230041602,0
2019-02-12,246.5074462890625,274.1000061035156,274.5199890136719,272.3399963378906,272.4200134277344,72270200,0.0128594008170799,0.012777420783778,267.21099853515625,261.2659991455078,274.0752996826172,66.22490502748849,3.5659221830802608,4.361608260502637,3.4892538589610744,84436945.0,0.062462695563455,0
2019-02-13,247.30772399902344,274.989990234375,275.92999267578125,274.5599975585937,275.0299987792969,65277200,0.0032469321818375,0.0032416722801614,267.94299774169923,261.28619873046875,274.1174496459961,67.38919569524052,3.721493568073981,4.37800689863556,3.3707347670542567,83440390.0,-0.0967618741888081,0
2019-02-14,246.7592163085937,274.3800048828125,275.6400146484375,272.8699951171875,273.7799987792969,83234400,-0.002218209292064,-0.002220673162557,268.6129974365234,261.2607989501953,274.166799621582,65.71708526145953,3.752309997581733,4.280591623174818,3.3278265359253814,83720275.0,0.275091456128633,0
2019-02-15,249.4481201171875,277.3699951171875,277.4100036621094,276.1300048828125,276.3599853515625,97088700,0.0108972599357304,0.0108383126545955,269.33349761962893,261.2221990966797,274.2287495422363,69.68746453716508,3.9722102958347705,4.486775595946833,3.3065531247376305,83768790.0,0.1664492085003315,0
2019-02-19,249.87994384765625,277.8500061035156,278.5799865722656,276.4700012207031,276.4800109863281,59120800,0.0017305800727482,0.0017290843444572,269.9029983520508,261.37419921875,274.30199951171875,70.28248625833209,4.137520975189204,4.8137916290652925,3.221083998082264,80329815.0,-0.3910640476183119,0
2019-02-20,250.383529663086,278.4100036621094,278.9200134277344,277.25,277.8099975585937,76610800,0.0020154671451946,0.0020134388161843,270.6804992675781,261.54559936523435,274.38094955444336,70.9977430515721,4.264558822945219,4.871799412842769,3.110293243057415,78383795.0,0.2958349684036752,0
2019-02-21,249.4931488037109,277.4200134277344,278.1000061035156,276.3500061035156,277.70001220703125,64214700,-0.003555871633034,-0.0035622087717305,271.38099975585936,261.8225994873047,274.43794967651365,67.88699002233938,4.236517359351524,4.777695364617657,3.035272122738582,77293015.0,-0.1618061683209155,0
2019-02-22,251.0400848388672,279.1400146484375,279.3599853515625,277.3999938964844,278.1099853515625,78114600,0.0061999896815345,0.0061808488201959,272.16050109863284,262.1239996337891,274.4990496826172,70.32012180530228,4.3034762261721085,4.704008390484912,2.9584663607628348,78238540.0,0.2164597825731491,0
2019-02-25,251.38172912597656,279.5199890136719,281.3099975585937,279.42999267578125,280.7300109863281,69030700,0.0013612321605447,0.0013603065239562,272.8475006103516,262.4317993164062,274.5620495605469,70.84565259858813,4.337205758073878,4.726398928303038,2.902146114290932,76845905.0,-0.1162894004449872,0
2019-02-26,251.2019195556641,279.32000732421875,280.29998779296875,278.8999938964844,279.1300048828125,56844100,-0.0007154468278236,-0.0007157028820414,273.62550048828126,262.70899963378906,274.611149597168,70.14171678053187,4.298252227977059,4.422688315985366,2.7948495273047493,75407425.0,-0.1765388443112991,0
2019-02-27,251.0940399169922,279.20001220703125,279.5899963378906,277.4800109863281,278.5199890136719,56921600,-0.0004295972864135,-0.0004296895897642,274.41500091552734,262.985599975586,274.6470497131348,69.6942356336063,4.209177889031764,3.879065635401044,2.7459306576088744,74946690.0,0.0013633780814543,0
2019-02-28,250.62635803222656,278.67999267578125,279.45001220703125,278.32000732421875,278.9599914550781,69268300,-0.0018625340562822,-0.0018642707295814,274.9700012207031,263.3497998046875,274.6761996459961,67.67914772617337,4.049939422817886,3.636135026868461,2.630507387980562,73786420.0,0.2169071143467507,0
2019-03-01,252.191162109375,280.4200134277344,280.8800048828125,278.82000732421875,280.44000244140625,78880500,0.0062437950254199,0.0062243832972582,275.4945022583008,263.8510000610352,274.7133996582031,70.72884322627593,4.01783185915582,3.627432040016736,2.5997577321984684,72529840.0,0.1387676613977821,0
2019-03-04,251.27381896972656,279.3999938964844,281.8699951171875,276.8399963378906,281.6000061035156,106494600,-0.0036374705171065,-0.0036441021995717,275.9615020751953,264.33739990234375,274.754899597168,66.75253379527288,3.865520023490035,3.489565256582861,2.773346378419783,73565445.0,0.3500751136212372,0
2019-03-05,250.93209838867188,279.0199890136719,279.760009765625,278.4100036621094,279.5400085449219,59114600,-0.0013600747713448,-0.0013610005125166,276.314501953125,264.8925997924805,274.78879959106445,65.2801198107641,3.6718220986444408,3.4198670699974705,2.671679215926629,73483935.0,-0.4449051876808777,0
2019-03-06,249.41221618652344,277.3299865722656,279.1600036621094,276.9700012207031,279.1499938964844,75039800,-0.0060569224713267,-0.0060753400330599,276.5260009765625,265.49579956054686,274.81539947509765,59.04261880394792,3.34340532916724,3.340484628084155,2.6372737320323165,73258285.0,0.2693953777916116,0
2019-03-07,247.3257598876953,275.010009765625,276.989990234375,274.07000732421875,276.8299865722656,94885100,-0.0083654019362096,-0.0084005882803378,276.639501953125,266.1819998168945,274.83379959106446,51.734716187972765,2.86292788327313,3.2421939943008717,2.681752697461928,75085150.0,0.2644636579521799,0
2019-03-08,246.8311767578125,274.4599914550781,274.6499938964844,272.4200134277344,272.94000244140625,85795800,-0.0019999937857375,-0.0020019964439572,276.85550079345705,266.9843997192383,274.8392495727539,50.14991238106799,2.409983376579987,2.9136560217068186,2.675198671778264,74600840.0,-0.095792700856088,1
2019-03-11,250.4104919433593,278.44000244140625,278.6199951171875,275.2300109863281,275.260009765625,65098900,0.0145012428413615,0.0143971053607163,277.2540008544922,267.6295999145508,274.86839965820315,59.75671139053354,2.3451418801989234,2.511640599808838,2.781256171087629,74066340.0,-0.2412344194004835,1
2019-03-12,251.354736328125,279.489990234375,280.07000732421875,278.8500061035156,279.0599975585937,79667500,0.0037709660385083,0.0037638737702865,277.69750061035154,268.257999572754,274.8990496826172,61.84572216078951,2.351374584408461,2.011993084441475,2.699023936210834,74648645.0,0.2237917998614416,1
2019-03-13,253.0185089111328,281.3399963378906,282.3800048828125,280.29998779296875,280.4800109863281,80639200,0.0066192213251152,0.0065974104739703,278.0595001220703,268.9297994995117,274.9417497253418,65.26681901547158,2.4770403001304544,1.9817475373451885,2.71266612994131,75067095.0,0.0121969435466156,1
2019-03-14,252.856689453125,281.1600036621094,281.8399963378906,280.6700134277344,281.3699951171875,67518400,-0.0006397692405066,-0.0006399739801759,278.36800079345704,269.554599609375,274.9867997741699,64.65935597191144,2.5329095756322886,1.9588788509316104,2.602474471385235,75179155.0,-0.1627099475193206,1
2019-03-15,254.10597229003903,281.3099975585937,282.2099914550781,280.3299865722656,280.5400085449219,81309000,0.0005334823393463,0.0005333400882332,278.7145004272461,270.17719970703126,275.0482498168945,64.95210321494274,2.559782058715029,1.824640041766776,2.5508695007728965,75082885.0,0.2042495082821867,1
2019-03-18,255.02731323242188,282.3299865722656,282.6600036621094,281.29998779296875,281.54998779296875,62199800,0.0036258541200957,0.0036192965574424,278.9625,270.9395993041992,275.096849822998,66.95661874640923,2.633031337905095,1.9640302834609864,2.465808527084877,73338440.0,-0.2350194935370008,1
2019-03-19,255.090576171875,282.3999938964844,284.3599853515625,281.4100036621094,283.510009765625,90268100,0.000247962765375,0.0002479320276896,279.18999938964845,271.539799194336,275.1541497802734,67.09572047225225,2.665998949026971,2.087991811658796,2.500392324396895,74895805.0,0.451260293441458,1
2019-03-20,254.3226928710937,281.54998779296875,283.5,280.32000732421875,282.1600036621094,84609200,-0.0030099366922338,-0.0030144756619753,279.3469985961914,272.08319885253906,275.1938996887207,63.59517706855688,2.5936397648786738,2.1435664233782075,2.548935206638635,75295725.0,-0.0626899203594625,1
2019-03-21,257.1952209472656,284.7300109863281,285.17999267578125,280.5899963378906,280.6400146484375,79550400,0.0112947019400964,0.0112313930514879,279.7124984741211,272.6423992919922,275.24304977416995,69.91835201373719,2.7610680119264543,2.404977410495013,2.6947252874423486,76062510.0,-0.0597901883010357,1
2019-03-22,252.2451171875,279.25,283.79998779296875,279.17999267578125,283.2200012207031,122659300,-0.0192463413580638,-0.0194339634462737,279.7179977416992,273.0679992675781,275.2637997436523,52.8747784228057,2.4236269528759067,2.403724881619882,2.8986747890926723,78289745.0,0.5419067660250609,1
2019-03-25,252.0554351806641,279.0400085449219,280.19000244140625,277.6400146484375,278.8699951171875,85575200,-0.0007519837245412,-0.0007522666061259,279.6939987182617,273.4711993408203,275.2719998168945,52.34818433733127,2.1148789192787945,2.4081977936765604,2.873768575083821,79116970.0,-0.3023341890912471,1
2019-03-26,253.93429565429688,281.1199951171875,282.17999267578125,279.5599975585937,280.989990234375,68125900,0.0074540800909228,0.0074264357264633,279.7839981079102,273.9139990234375,275.2907498168945,56.92436057111577,2.014805982262033,2.427046223185424,2.892783971924932,79681060.0,-0.2039060381979826,1
2019-03-27,252.6064453125,279.6499938964844,281.760009765625,277.92999267578125,281.1099853515625,72224700,-0.0052290880984482,-0.0052428076276026,279.80649719238284,274.3589990234375,275.2980497741699,53.047085077579375,1.7961754529504788,2.4234306635570904,2.959729194633419,80446215.0,0.0601650767182524,1
2019-03-28,253.5639190673828,280.7099914550781,281.2099914550781,279.07000732421875,280.3500061035156,56238500,0.0037904437036608,0.003783278073496,279.90799713134766,274.7661987304688,275.30879974365234,55.405816893118775,1.6889727015777112,2.4162667174242287,2.901175975792416,79794725.0,-0.2213397909579409,1
2019-03-29,255.16278076171875,282.4800109863281,282.8399963378906,281.1400146484375,282.3900146484375,82186800,0.0063055095476829,0.0062857129969998,280.01099700927733,275.1961987304687,275.3265997314453,59.10061459396883,1.7269325290454276,2.4822471486250315,2.8460923262938502,79960040.0,0.4613974412546564,1
2019-04-01,258.18878173828125,285.8299865722656,286.1600036621094,284.3999938964844,284.70001220703125,77617900,0.0118591597835204,0.0117893910058196,280.3324966430664,275.6535986328125,275.3655996704102,65.00956168713728,2.0042275115060875,2.795574902460563,2.9056566369715218,78516205.0,-0.0555916521874558,1
2019-04-02,258.3153076171875,285.9700012207031,286.2300109863281,285.0899963378906,286.0400085449219,40070400,0.0004898529021275,0.0004897329633613,280.679997253418,276.043798828125,275.40179962158203,65.2356323301596,2.2098104752864174,3.0446950393641417,2.7795393520762346,77563995.0,-0.4837479498930015,1
2019-04-03,258.7218017578125,286.4200134277344,287.760009765625,285.75,287.32000732421875,68243200,0.0015736343151739,0.0015723974501072,281.1344985961914,276.51499938964844,275.4482496643066,65.9960627753197,2.381595133221822,3.1931421126316097,2.7245729530440035,77224165.0,0.7030825746685834,1
2019-04-04,259.4082946777344,287.17999267578125,287.4599914550781,286.010009765625,286.7799987792969,48997500,0.0026533734111378,0.002649859430471,281.74299774169924,276.9903991699219,275.50134963989257,67.29705340737318,2.549668692608293,3.12342748230141,2.633530719930369,74929785.0,-0.2820163767232486,1
2019-04-05,260.66387939453125,288.57000732421875,288.6300048828125,287.6000061035156,287.9200134277344,58621700,0.0048402210595734,0.0048285448514151,282.44849853515626,277.49079956054686,275.5666996765137,69.5888699448029,2.7631785621726976,2.9821525022267017,2.548993683294718,73571080.0,0.1964222664421653,1
2019-04-08,260.86260986328125,288.7900085449219,288.9100036621094,287.3699951171875,288.1000061035156,53566300,0.0007623842226123,0.0007620937553832,282.965998840332,277.95099975585936,275.6307997131348,69.9478406789922,2.916519115053632,3.1435984605093004,2.476923316268086,72994450.0,-0.0862376901386346,1
2019-04-09,259.525634765625,287.3099975585937,288.0799865722656,286.70001220703125,287.7200012207031,66142300,-0.0051248690831974,-0.0051380462649247,283.356999206543,278.42199951171875,275.6961497497559,64.43736851068482,2.88535748532388,3.174670124972318,2.44928567495541,72318190.0,0.2347744757431444,1
2019-04-10,260.41094970703125,288.2900085449219,288.3900146484375,287.3099975585937,287.7699890136719,52601500,0.0034109881126858,0.0034051838877499,283.7044998168945,278.919599609375,275.7638998413086,66.32893677805222,2.906239050851525,3.3193469928660706,2.351480776018867,70916305.0,-0.2047222428007492,2
2019-04-11,260.3387145996094,288.2099914550781,288.8399963378906,287.5799865722656,288.8299865722656,55093100,-0.0002775576241702,-0.0002775961504166,284.05699920654297,279.33219970703124,275.849949798584,66.02016243229923,2.883096588746298,3.4080639862098216,2.2735185609907336,70295040.0,0.047367470509396,2
2019-04-12,262.1001281738281,290.1600036621094,290.4700012207031,288.260009765625,290.0,69727800,0.006765942419922,0.0067431561541396,284.49949951171874,279.73679992675784,275.94274978637696,69.71962535913998,2.9876657578715253,3.6016634861153967,2.2725536470360383,69715980.0,0.2656358055727486,2
2019-04-15,261.9284362792969,289.9700012207031,290.3500061035156,289.0799865722656,290.239990234375,49596700,-0.0006548195444177,-0.0006550340323746,284.8815002441406,280.135,276.04584976196287,68.93213428292964,3.020388806642416,3.761079973955205,2.200944067337036,69085825.0,-0.2887098115816073,2
2019-04-16,262.1001281738281,290.1600036621094,291.010009765625,289.5,290.95001220703125,52153200,0.0006552486140165,0.0006550340323745,285.2695007324219,280.49900024414063,276.14219970703124,69.30550119343471,3.0267630275677675,3.889679771971296,2.151591617214748,67180080.0,0.0515457681660271,2
2019-04-17,261.458740234375,289.45001220703125,291.42999267578125,288.989990234375,291.3999938964844,58268300,-0.0024468963541401,-0.0024498948974392,285.664501953125,280.82600036621096,276.2330497741699,66.10837686759086,2.9406265543540826,3.893205594613132,2.172192390371284,65863035.0,0.1172526326284868,2
2019-04-18,261.9736022949219,290.0199890136719,290.32000732421875,288.6600036621094,290.1000061035156,68708500,0.0019691718175949,0.0019672355402631,285.9290008544922,281.1716003417969,276.3238497924805,67.40821337379013,2.8850975350799786,4.004482666026911,2.1356074812097186,65320940.0,0.1791746112380146,2
2019-04-22,262.1995544433594,290.2699890136719,290.44000244140625,289.07000732421875,289.1700134277344,40160100,0.000862009549239,0.000861638232378,286.4800003051758,281.5741998291016,276.4206997680664,67.98814226859078,2.828656308753125,3.7894928484349175,2.08092088377956,61195980.0,-0.4155002656148803,2
2019-04-23,264.5570068359375,292.8800048828125,293.1400146484375,290.4200134277344,290.67999267578125,52246600,0.0089916834944232,0.0089514990128489,287.1720001220703,282.0223999023437,276.51954986572264,73.32472562333056,2.960406969325902,3.619204413795728,2.137285508849993,59529550.0,0.3009579159414444,2
2019-04-24,263.9698791503906,292.2300109863281,293.1600036621094,292.07000732421875,292.7900085449219,50392900,-0.002219318101775,-0.0022217844379254,287.72750091552734,282.45460021972656,276.6035998535156,70.18668913283071,2.9780422248206264,3.4917893006393204,2.0624791394957525,58642900.0,-0.0354798206964663,2
2019-04-25,263.8072814941406,292.04998779296875,292.7799987792969,290.7300109863281,292.1199951171875,57770900,-0.0006160325311961,-0.0006162223571992,288.3475006103516,282.8135998535156,276.67434982299807,69.30206741043574,2.9435603927627767,3.0557025087052736,2.0615869004581096,57920210.0,0.146409514038684,1
2019-04-26,265.0359191894531,293.4100036621094,293.489990234375,291.239990234375,292.1000061035156,50916400,0.0046567913918378,0.0046459820836095,288.9825012207031,283.1820001220703,276.74689987182614,72.15713839282374,2.9914911589992244,2.6817307271088877,2.075044978996816,57654105.0,-0.1186497008009223,1
2019-04-29,265.45135498046875,293.8699951171875,294.45001220703125,293.4100036621094,293.510009765625,57197700,0.001567742917204,0.0015665152911773,289.55200042724607,283.5717999267578,276.8319499206543,73.06945056155314,3.031647161338867,2.425311098619445,2.00111380513432,56404650.0,0.123364966886897,1
2019-04-30,265.5868225097656,294.0199890136719,294.3399963378906,291.9200134277344,293.489990234375,81111700,0.000510409020916,0.0005102788065382,289.9615005493164,283.9047998046875,276.9051998901367,73.37579831499053,3.0405250562095603,2.4550299864059824,2.0310330269216004,56579340.0,0.4180937345382769,1
2019-05-01,263.5904235839844,291.8099975585937,294.95001220703125,291.79998779296875,294.7200012207031,71671900,-0.0075164666949749,-0.0075448576868641,290.2535003662109,284.1839996337891,276.96629989624023,62.15667436051385,2.8365351990084378,2.2975486810094425,2.1109609831459504,58159415.0,-0.1163802509379041,1
2019-05-02,263.0214538574219,291.17999267578125,292.70001220703125,289.5199890136719,291.67999267578125,65030200,-0.0021589557865848,-0.0021612896914323,290.49149932861326,284.4393994140625,277.0254998779297,59.36984715097861,2.5941320985950824,2.119157785296677,2.1873225695897665,57998765.0,-0.0926681167933318,1
2019-05-03,265.5958251953125,294.0299987792969,294.3399963378906,291.29998779296875,292.82000732421875,56543700,0.0097877813558742,0.0097401913059684,290.83399963378906,284.77159912109374,277.09329986572266,66.65363557829295,2.602003294864005,2.109309409692309,2.2567997904840245,58376075.0,-0.1305009057330286,1
2019-05-06,264.5029296875,292.82000732421875,293.3099975585937,288.8999938964844,289.25,107198100,-0.0041151972931386,-0.0041236880195348,291.04649963378904,285.0451989746094,277.1520999145508,61.60422633587808,2.4819941924488944,2.083140062743919,2.4620287256503444,60804895.0,0.8958451604688056,1
2019-05-07,260.0857849121094,287.92999267578125,290.8099975585937,285.8099975585937,290.1499938964844,144729900,-0.0166997285913702,-0.016840741177932,291.00349884033204,285.2133990478516,277.1917498779297,46.32914441716324,1.9695984941862437,2.1402638809216885,2.7868845142199667,65363075.0,0.3501162800460082,1
2019-05-08,259.7243957519531,287.5299987792969,289.42999267578125,286.8699951171875,287.5299987792969,91568300,-0.0013892053855424,-0.0013901712259481,291.0144989013672,285.3775988769532,277.23099990844725,45.33883416185604,1.5137949611362274,2.120758194218266,2.770678303103808,66634375.0,-0.3673159450811477,1
2019-05-09,258.93853759765625,286.6600036621094,287.3299865722656,283.29998779296875,285.2300109863281,103471100,-0.0030257542547944,-0.0030303411039887,290.93299865722656,285.5267987060547,277.2632998657227,43.17702266476176,1.070031386450978,2.257859097032433,2.874916351905545,69177855.0,0.1299882164460846,1
2019-05-10,260.2394104003906,288.1000061035156,288.94000244140625,282.29998779296875,285.6199951171875,112429300,0.0050233810891302,0.0050108060057223,290.92749938964846,285.7151989746094,277.2957499694824,47.62821109042192,0.8250312718501505,2.2649631121260363,3.1438519445149704,72044665.0,0.0865768315983883,1
2019-05-13,253.6994171142578,280.8599853515625,283.489990234375,279.92999267578125,282.4200134277344,127290500,-0.0251302346357873,-0.025451390891512,290.4624984741211,285.72399841308595,277.2799998474121,33.44339710255876,0.0461260363592828,3.1946696746544854,3.502863479030642,74922800.0,0.1321826249918838,1
2019-05-14,255.9937896728516,283.3999938964844,285.1000061035156,281.8500061035156,281.989990234375,77003200,0.0090436825371988,0.0090030333354504,290.13399810791014,285.80399841308594,277.2802998352051,40.17505076836736,-0.3620312418390767,3.564374454791869,3.5555175699536763,76293125.0,-0.3950593327860288,2
2019-05-15,257.4932556152344,285.0599975585937,285.7699890136719,281.3599853515625,281.5899963378906,73956400,0.0058574583551884,0.0058403701425226,289.8789978027344,285.9247985839844,277.2984997558594,44.150690112195214,-0.545264928443487,3.740495618710831,3.61655229082194,77383285.0,-0.0395671868182101,2
2019-05-16,259.8779602050781,287.70001220703125,289.2099914550781,285.760009765625,285.8399963378906,76749600,0.0092612596332282,0.0092186371248739,289.7914978027344,286.1321990966797,277.3372497558594,49.85772643805855,-0.4720107801419999,3.771399758174847,3.654655262654976,78307350.0,0.0377681985602327,2
2019-05-17,258.19781494140625,285.8399963378906,288.6000061035156,285.1199951171875,285.1400146484375,100353000,-0.0064651226632627,-0.0064861120838155,289.58249816894534,286.348798828125,277.3597998046875,46.27024531791104,-0.5576162229695001,3.872536264231492,3.642180671488772,79889575.0,0.307537759154445,2
2019-05-20,256.4906921386719,283.95001220703125,285.9599914550781,283.1199951171875,284.0599975585937,62877600,-0.0066120352472479,-0.0066339915898948,289.2664993286133,286.5385992431641,277.3752499389648,42.89294838766509,-0.7690993783819522,4.066482731755997,3.584881790517476,81025450.0,-0.3734357717258079,2
2019-05-21,258.8030700683594,286.510009765625,286.92999267578125,285.54998779296875,285.8299865722656,46847100,0.0090156627876007,0.008975264330872,288.947999572754,286.69999938964844,277.3958499145508,48.38814217415079,-0.7218103145194732,4.017732568034845,3.5416745532483707,80755475.0,-0.2549477079277835,2
2019-05-22,258.0082092285156,285.6300048828125,286.69000244140625,285.1000061035156,285.45001220703125,49482500,-0.003071462960517,-0.0030761895837895,288.6179992675781,286.8227996826172,277.40599990844726,46.72372959353008,-0.7467345393014284,4.005002205085369,3.402268966437103,80709955.0,0.0562553498508979,2
2019-05-23,254.855712890625,282.1400146484375,283.2099914550781,280.57000732421875,283.1600036621094,98733800,-0.0122185700896755,-0.0122938304952029,288.12250061035155,286.83880004882815,277.39349990844727,40.73885957887007,-1.0361560499006828,4.167772165792734,3.520678151591149,82758100.0,0.995327641085232,2
2019-05-24,255.43380737304688,282.7799987792969,284.20001220703125,282.0899963378906,283.739990234375,55268100,0.0022683210378962,0.0022657522815067,287.5910003662109,286.8711999511719,277.3794999694824,42.20092821705911,-1.2000498833796769,4.135666170453381,3.4199165599875405,82975685.0,-0.4402312075499981,2
2019-05-28,253.05821228027344,280.1499938964844,284.1499938964844,280.1300048828125,283.0899963378906,70029400,-0.009300533609752,-0.0093440536222054,286.9050003051758,286.8479998779297,277.35294998168945,38.04673076767033,-1.5245819101373854,4.177016306812239,3.46277887810785,83617270.0,0.2670853530336667,2
2019-05-29,251.35997009277344,278.2699890136719,279.3599853515625,276.7099914550781,278.9100036621094,104972900,-0.0067107082768924,-0.0067333263252214,286.1175003051758,286.7667999267578,277.3189498901367,35.36665987019833,-1.9114426407259089,4.249080829411052,3.4611519897720213,84810330.0,0.4989832841635084,2
2019-05-30,252.0463256835937,279.0299987792969,280.0400085449219,277.8099975585937,279.1099853515625,62523800,0.002731195585693,0.0027274726482023,285.47850036621094,286.69940002441405,277.29829986572264,37.28980460599033,-2.132128272952229,4.308503247628754,3.37321334666889,84352925.0,-0.4043815117997121,2
2019-05-31,248.650131225586,275.2699890136719,277.1199951171875,275.239990234375,276.20001220703125,86862800,-0.0134752886143938,-0.0135669042786087,284.6830001831055,286.5738000488281,277.26414978027344,32.18718848119009,-2.5806761624335195,4.655223908426525,3.4029844322583886,85444555.0,0.3892757637891491,2
2019-06-03,248.01773071289065,274.57000732421875,276.54998779296875,273.0899963378906,275.3099975585937,96428000,-0.0025428914062199,-0.0025461300460765,283.7100006103516,286.37059997558595,277.2174998474121,31.3277507922339,-2.95853215178488,4.632396001327773,3.4070563624597985,87438770.0,0.1101184857038917,2
2019-06-04,253.4013671875,280.5299987792969,280.67999267578125,276.6199951171875,277.1199951171875,77231900,0.0217066369089629,0.0214744025410572,283.09550018310546,286.39619995117187,277.2112498474121,44.83429302328907,-2.7454167891702923,4.150400965831492,3.6001227188242773,85940460.0,-0.199071846351682,2
2019-06-05,255.5963287353516,282.9599914550781,282.989990234375,280.32000732421875,282.3299865722656,71169700,0.0086621490976193,0.0086248479348384,282.8470001220703,286.474599609375,277.2057498168945,49.21962823182465,-2.3533136928809317,3.9914496424315207,3.533684161062276,82262450.0,-0.0784934722569301,2
2019-06-06,257.2583923339844,284.79998779296875,285.54998779296875,282.57000732421875,283.2900085449219,69430400,0.0065026731462236,0.0064816219771665,282.7104995727539,286.54819946289064,277.2044497680664,52.31098171208072,-1.8725116880033283,3.867630657358784,3.4941338973256846,81155555.0,-0.0244387709938358,2
2019-06-07,259.8328552246094,287.6499938964844,288.8500061035156,285.739990234375,285.92999267578125,74272200,0.0100070443317132,0.0099573054147005,282.75999908447267,286.7081994628906,277.2143496704102,56.707225110595004,-1.247124881758964,3.92672214128441,3.533839926841484,79695610.0,0.069736023413375,2
2019-06-10,261.025146484375,288.9700012207031,290.82000732421875,288.8699951171875,289.3699951171875,60799100,0.0045889356934725,0.0045784386293905,282.80349884033205,286.87339965820314,277.22749969482425,58.61036276116099,-0.6376374848291562,3.993246902851795,3.5078523197624043,77114100.0,-0.1814016549933892,2
2019-06-11,260.9619445800781,288.8999938964844,291.3999938964844,288.17999267578125,290.989990234375,58641300,-0.0002422650237845,-0.0002422943746959,283.20549926757815,287.0017993164063,277.241149597168,58.46357428491032,-0.15843697480949,4.187275939860224,3.487291526972456,73681640.0,-0.0354906569340665,2
2019-06-12,260.5013427734375,288.3900146484375,289.260009765625,287.82000732421875,288.6400146484375,47096300,-0.0017652449249604,-0.0017668048057677,283.45500030517576,287.05299987792966,277.25414962768554,57.33703461379081,0.1781284645333585,4.34516471950242,3.3410565922891555,72186295.0,-0.196874898748834,2
2019-06-13,261.576171875,289.5799865722656,289.9800109863281,288.6199951171875,289.3999938964844,48945200,0.0041262591053257,0.004117769443906,283.6809997558594,287.1251995849609,277.2644995117187,59.30739433325097,0.5347159170357259,4.545944392109803,3.2159808598321176,70935735.0,0.0392578610209295,2
2019-06-14,261.28717041015625,289.260009765625,289.92999267578125,288.4100036621094,289.260009765625,52324700,-0.0011049686493468,-0.0011055795772838,283.7589996337891,287.18199951171874,277.2618995666504,58.52468584916054,0.7824747067339217,4.631117916046362,3.094838585106386,69714490.0,0.0690466072260405,2
2019-06-17,261.38653564453125,289.3699951171875,290.2200012207031,289.17999267578125,289.5199890136719,39205700,0.0003802300623982,0.0003801577932667,283.9354995727539,287.2257995605469,277.2591494750977,58.72632061475626,0.976444388169284,4.779492862093936,2.948065010807493,66657125.0,-0.2507228899544574,2
2019-06-18,264.1235046386719,292.3999938964844,293.57000732421875,290.989990234375,291.3900146484375,85434800,0.0104710192156232,0.0104165778021976,284.3579986572266,287.3023992919922,277.2637493896484,63.92899098733447,1.3589966692586015,5.140677982982187,3.037489810537761,67784985.0,1.1791423185914294,2
2019-06-19,264.7196655273437,293.0599975585937,293.6499938964844,291.4700012207031,292.54998779296875,78674400,0.0022571945139744,0.0022546508773734,284.685498046875,287.38779907226564,277.27754943847657,64.9649543290439,1.695879840659131,5.48228413996038,2.97624001519801,69376350.0,-0.0791293477599291,2
2019-06-20,267.2489013671875,295.8599853515625,296.3099975585937,293.1300048828125,296.0400085449219,116570000,0.0095543158953619,0.0095089620735661,285.1969970703125,287.558798828125,277.30529937744143,69.02881157141165,2.163854230903155,6.025375274505848,2.9957942998267235,72730725.0,0.4816763775764416,2
2019-06-21,266.86041259765625,294.0,295.5199890136719,293.760009765625,294.1300048828125,83309500,-0.0062867080499322,-0.0063065526140248,285.7899963378906,287.6729986572266,277.3262493896484,63.739687501153725,2.357466625631787,6.286629727149743,2.9318072488346365,71959510.0,-0.2853264133138886,2
2019-06-24,266.5336608886719,293.6400146484375,294.5799865722656,293.4700012207031,294.2300109863281,47582700,-0.001224439971301,-0.0012251902104004,286.33299713134767,287.78159912109373,277.34929946899416,62.73774624435368,2.453574751569363,6.47902794097458,2.801677113315198,71575240.0,-0.4288442494553443,2
2019-06-25,263.91949462890625,290.760009765625,293.7300109863281,290.6400146484375,293.70001220703125,82028700,-0.0098079442144852,-0.0098563589252981,286.8634979248047,287.79359924316407,277.3622994995117,55.25445408781327,2.2711681957511587,6.379731672971539,2.822271343642014,72175205.0,0.7239185670422232,2
2019-06-26,263.65625,290.4700012207031,292.3099975585937,290.3500061035156,291.75,51584900,-0.0009974155151378,-0.0009979132649959,287.47349853515624,287.80359924316406,277.3766494750977,54.548865153624725,2.079240233099256,6.091560183385013,2.7606799230303034,69505805.0,-0.3711359560739107,2
2019-06-27,264.5911865234375,291.5,292.0599975585937,290.8900146484375,291.3099975585937,40355200,0.0035459729919382,0.0035397008525598,288.0969985961914,287.83039916992186,277.3936494445801,56.66542061610691,1.987339421585375,5.813686136066783,2.6770596669488937,68397375.0,-0.2176935498566441,2
2019-06-28,265.9527893066406,293.0,293.54998779296875,292.010009765625,292.5799865722656,59350900,0.0051457975986277,0.0051326032265202,288.98349914550784,287.9013989257812,277.41339950561525,59.61489969627689,2.0123477382445003,5.057405028075919,2.6322688188074546,67021780.0,0.4707125723574656,2
2019-07-01,268.3670959472656,295.6600036621094,296.9200134277344,294.3299865722656,296.67999267578125,78705600,0.0090785107921822,0.009037548842095,290.0379989624024,288.01419921875,277.4460995483398,64.26043396706092,2.221202435302416,3.9772850799943535,2.724250576587949,66135660.0,0.3261062595512451,2
2019-07-02,269.0660705566406,296.42999267578125,296.489990234375,294.67999267578125,295.6099853515625,61504500,0.0026043056353062,0.0026009203077298,290.83299865722654,288.1373992919922,277.4740995788574,65.4976626975751,2.420945809469174,3.5420196543029547,2.6589467895883634,65349290.0,-0.2185498871744831,2
2019-07-03,271.2173156738281,298.79998779296875,298.82000732421875,297.0199890136719,297.17999267578125,40898900,0.007995125917571,0.0079633342382511,291.62499847412107,288.2557989501953,277.5136994934082,69.04922806814353,2.7389102195524515,3.458898217356714,2.6397373509347304,63835750.0,-0.3350258924143762,2
2019-07-05,270.90869140625,298.4599914550781,298.6400146484375,296.010009765625,297.44000244140625,51677300,-0.0011378726632552,-0.0011385205318621,292.30799865722656,288.3803985595703,277.55929946899414,67.96831866617069,2.92969276779678,3.3882314431300244,2.650468827821089,62948095.0,0.2635376501568502,2
2019-07-08,269.4200744628906,296.82000732421875,298.260009765625,296.2200012207031,297.010009765625,45841800,-0.0054948206721576,-0.0055099727299849,292.7664993286133,288.4757989501953,277.5888494873047,62.85698641765927,2.914954517175488,3.344900993568699,2.6211489282892257,61526575.0,-0.1129219212304047,2
2019-07-09,269.75592041015625,297.19000244140625,297.5199890136719,295.4800109863281,295.5400085449219,41101300,0.001246530247482,0.0012457539736852,293.17749938964846,288.55139892578126,277.6186994934082,63.52345896377295,2.8997038798299286,3.358841054675257,2.5796367210788347,60541685.0,-0.1034099882639861,2
2019-07-10,271.0447998046875,298.6099853515625,299.6600036621094,297.7799987792969,298.3699951171875,58448500,0.0047780305477678,0.0047666519901458,293.6629989624024,288.6461987304688,277.6438494873047,66.04183808489455,2.967985306311448,3.409391867060052,2.571805613909141,60532045.0,0.422059642882342,2
2019-07-11,271.6802978515625,299.3099975585937,299.5799865722656,298.20001220703125,299.32000732421875,50826100,0.0023442357636067,0.0023414923296165,294.20899810791013,288.7519989013672,277.6804495239258,67.2425124150802,3.0435003856676985,3.394864801528554,2.486674810432372,60718535.0,-0.1304122432568842,2
2019-07-12,272.8966064453125,300.6499938964844,300.7300109863281,299.510009765625,299.8500061035156,40326000,0.0044769514844833,0.0044669597477671,294.7624984741211,288.928798828125,277.72859954833984,69.46797043635856,3.1748751513122784,3.501191220111125,2.410484711668233,60287575.0,-0.2065887408241041,2
2019-07-15,272.9872741699219,300.75,301.1300048828125,300.19000244140625,301.1300048828125,33900000,0.0003326329803621,0.0003325776702772,295.33699798583984,289.12019897460937,277.77859954833986,69.63377907257643,3.24960088021669,3.4934544658309945,2.3054502637923773,59366340.0,-0.1593512870108614,2
2019-07-16,272.1068725585937,299.7799987792969,300.8800048828125,299.44000244140625,300.6499938964844,36650100,-0.0032252742168017,-0.0032304866243351,295.8574981689453,289.2351989746094,277.82809951782224,65.89577719401485,3.193735175795496,3.329271945033496,2.243632562193368,59238560.0,0.0811238938053098,2
2019-07-17,270.2552185058594,297.739990234375,299.92999267578125,297.739990234375,299.75,36036300,-0.006805018857925,-0.0068282785807129,296.12449798583987,289.3335986328125,277.8633494567871,58.752605776330114,2.950834182414269,3.2505922094745965,2.2398018392800028,56768635.0,-0.0167475668552063,2
2019-07-18,271.2445068359375,298.8299865722656,299.25,296.70001220703125,297.19000244140625,51392600,0.0036609000256653,0.0036542152410841,296.4129974365234,289.55159851074217,277.9038993835449,61.17435884947626,2.813850671164744,3.220203585386917,2.261957978829199,55404545.0,0.4261342035669588,1
2019-07-19,269.7377319335937,297.1700134277344,300.07000732421875,296.9800109863281,300.0400085449219,58678600,-0.0055549082057393,-0.0055703940833716,296.478498840332,289.74439880371096,277.931099395752,55.80111076496912,2.542041222944988,3.2216860056600867,2.3211035759050147,52509975.0,0.1417713834287426,2
2019-07-22,270.4003601074219,297.8999938964844,298.5,297.0400085449219,297.6099853515625,43638100,0.0024564405416616,0.0024534284233122,296.6734985351562,289.9691986083984,277.9627993774414,57.56622960370938,2.358348031984235,3.181551655004396,2.2595955672745225,50526405.0,-0.256320021268401,1
2019-07-23,272.333740234375,300.0299987792969,300.0299987792969,298.2200012207031,299.1400146484375,44564500,0.0071500668897384,0.0071246263571658,296.99299774169924,290.2077984619141,278.0043493652344,62.297587275496426,2.357468023655485,3.181737544785588,2.2503390898129494,50375495.0,0.0212291552565304,1
2019-07-24,273.6136474609375,301.44000244140625,301.44000244140625,299.0899963378906,299.19000244140625,47213200,0.0046995422719264,0.0046885338992122,297.5269973754883,290.61939880371096,278.0643493652344,65.0737827039406,2.442391750590048,2.969744112542724,2.257458162220284,48634720.0,0.0594352006642058,1
2019-07-25,272.3065490722656,300.0,301.0,299.1099853515625,300.94000244140625,55394100,-0.0047770781241489,-0.004788524830942,298.0034973144531,290.95139892578123,278.1252493286133,60.198557861867336,2.366221920234693,2.5062209462936664,2.262640942764817,48825180.0,0.1732756940855524,1
2019-07-26,274.1310119628906,302.010009765625,302.2300109863281,300.6199951171875,300.760009765625,45084100,0.0067000325520834,0.006677687088676,298.52899780273435,291.2903991699219,278.1961993408203,64.22722053488192,2.4399218701174163,2.146911792365969,2.2603102315907675,49061625.0,-0.1861209045728696,1
2019-07-29,273.6317138671875,301.4599914550781,302.010009765625,300.8500061035156,301.8800048828125,38126500,-0.0018211923206575,-0.0018228527076208,298.9519973754883,291.5655987548828,278.2664993286133,62.36693270285936,2.425982514111581,1.8066792590455112,2.1817169051992398,48000405.0,-0.1543249172102803,1
2019-07-30,272.9600524902344,300.7200012207031,301.1700134277344,299.489990234375,299.9100036621094,45849000,-0.0024546880360581,-0.0024577057220653,299.204997253418,291.8631988525391,278.378599395752,59.85507229273127,2.328384281859371,1.6705836543801322,2.16659435630666,46357575.0,0.2025494078921486,1
2019-07-31,269.9737548828125,297.42999267578125,301.20001220703125,295.20001220703125,300.989990234375,104245200,-0.0109404380538934,-0.0110007247581742,299.254997253418,292.13279846191404,278.50489929199216,50.17863139320956,1.9629333124730124,1.596478625371381,2.440409045141898,48494610.0,1.2736635477327751,1
2019-08-01,267.62286376953125,294.8399963378906,300.8699951171875,293.9599914550781,297.6000061035156,142646600,-0.008707919179872,-0.0087460546565951,299.05699768066404,292.29939819335937,278.5993492126465,44.130265735470005,1.447632323036828,1.876829057113424,2.7596658034967176,53581995.0,0.3683757141815642,1
2019-08-02,265.6077880859375,292.6199951171875,294.1199951171875,290.8999938964844,293.8500061035156,116749700,-0.0075295117632513,-0.0075580016369354,298.7649978637695,292.4391979980469,278.69044921875,39.71174456748163,0.8503151276898961,2.3653259104509945,2.8439755633473984,56835615.0,-0.1815458622918457,1
2019-08-05,257.6201171875,283.82000732421875,288.2099914550781,281.7200012207031,288.0899963378906,178745400,-0.0300730911756202,-0.0305345620512361,298.1149978637696,292.4727978515625,278.70754928588866,27.82066195457294,-0.3293519590174583,4.087338090266234,3.4194054442857538,63480795.0,0.5310137841895954,2
2019-08-06,261.232666015625,287.79998779296875,288.0400085449219,284.2799987792969,285.9100036621094,120711700,0.0140229031288956,0.0139254918260368,297.64549713134767,292.5731976318359,278.7442991638184,37.00766188415748,-0.9323479358934036,4.693531484327611,3.4765908568869945,67461315.0,-0.3246724111501611,2
2019-08-07,261.3870849609375,287.9700012207031,288.82000732421875,282.0400085449219,284.3999938964844,140572300,0.0005907346592963,0.0005905602442628,297.1134979248047,292.72959777832034,278.80214920043943,37.37435268261135,-1.3805933088870574,5.158437332574319,3.712548565630557,71567505.0,0.1645292047084086,2
2019-08-08,266.5155029296875,293.6199951171875,293.6199951171875,289.010009765625,289.6199951171875,87713900,0.0196200780377611,0.0194300853990648,296.8289978027344,293.03659790039063,278.8889991760254,48.17193897573296,-1.2653376827792044,5.187744583475786,3.8509375178344007,73411895.0,-0.3760228722159344,2
2019-08-09,264.7000732421875,291.6199951171875,293.239990234375,289.6499938964844,292.5799865722656,93730000,-0.0068115252137436,-0.0068348295372255,296.3774978637695,293.28839782714846,278.9720491027832,45.20102909231468,-1.3201620477057077,5.230466605612581,3.85944206803931,76082095.0,0.0685877608908052,2
2019-08-12,261.4778137207031,288.07000732421875,291.6099853515625,287.0199890136719,289.9599914550781,65527600,-0.0121733346560896,-0.0122480365609682,295.74349822998045,293.54439819335937,279.04434921264647,40.434237583836186,-1.6312609376404907,5.436980347856745,3.912339499144761,77663475.0,-0.3008897898218287,2
2019-08-13,265.5442199707031,292.54998779296875,294.1499938964844,287.3599853515625,287.739990234375,94299800,0.0155517074143294,0.0154320189245163,295.3819976806641,293.90399780273435,279.18049911499025,47.90113283566626,-1.4990321566048692,5.394665347604139,4.11788728812884,80545960.0,0.4390852098962881,2
2019-08-14,257.6927185058594,283.8999938964844,288.739990234375,283.760009765625,288.07000732421875,135622100,-0.0295675756534496,-0.0300135085278337,294.6899978637695,293.9713977050781,279.24959915161133,37.99698968702872,-2.0683791243835685,5.936705080860107,4.45160805521562,85525250.0,0.4382013535553628,2
2019-08-15,258.37353515625,284.6499938964844,285.6400146484375,282.3900146484375,284.8800048828125,99556600,0.0026417753297784,0.0026382919748107,293.98099822998046,294.00519775390626,279.34619918823245,39.17137144098957,-2.4310483541318035,6.25448656089311,4.365778908414504,87933450.0,-0.2659264234958757,2
2019-08-16,262.1859130859375,288.8500061035156,289.3299865722656,284.7099914550781,286.4800109863281,83018300,0.0147550054350558,0.0146472094027589,293.5649978637695,294.0861981201172,279.47114929199216,45.40735070898975,-2.3524429494804053,6.307679433349241,4.3882227489407,89150435.0,-0.1661195741919672,2
2019-08-19,265.3445129394531,292.3299865722656,293.0799865722656,291.44000244140625,292.19000244140625,53571800,0.01204770779026,0.0119757118393578,293.28649749755857,294.1797979736328,279.59394927978514,49.98273440634564,-1.986443772266512,6.228674734648566,4.376919728927079,89647120.0,-0.3546989037356823,2
2019-08-20,263.3113098144531,290.0899963378906,292.3599853515625,289.95001220703125,291.7699890136719,51596400,-0.0076625400652192,-0.0076920481599652,292.7894973754883,294.20219787597654,279.69124923706056,47.23836714937096,-1.855743423946308,6.056462480390293,4.236423544327377,89998715.0,-0.0368738776744481,2
2019-08-21,265.4535827636719,292.45001220703125,292.8599853515625,291.7200012207031,292.4800109863281,49524700,0.0081354610601316,0.0081025465925438,292.33999786376955,294.2731982421875,279.7859492492676,50.332560649734575,-1.5439314187618152,5.704001521621524,4.131678220709127,90114290.0,-0.0401520261103487,2
2019-08-22,265.3717041015625,292.3599853515625,293.92999267578125,290.3999938964844,293.2300109863281,51666400,-0.0003078367300768,-0.0003078841215291,291.95799713134767,294.35259765625,279.8882991027832,50.21159137718073,-1.2892212331558994,5.412380103914534,4.08870111775111,89927905.0,0.0432450878046712,2
2019-08-23,258.5550842285156,284.8500061035156,292.760009765625,283.4700012207031,290.9200134277344,149161500,-0.0256874388573256,-0.0260231221545539,291.09999694824216,294.257998046875,279.9455990600586,41.29540543048822,-1.6740566547259164,5.085275967068454,4.460223076834736,95131775.0,1.8870116748989672,2
2019-08-26,261.4142150878906,288.0,288.0,285.5799865722656,287.2699890136719,72423800,0.0110584301526734,0.0109977327824197,290.42699737548827,294.2327978515625,280.00999908447267,45.654482231165815,-1.7052067550429797,4.498903538714717,4.366635278238282,96846640.0,-0.5144605008665104,2
2019-08-27,260.3885498046875,286.8699951171875,289.95001220703125,286.0299987792969,289.5400085449219,66668900,-0.0039236280653212,-0.0039313456879202,289.7344970703125,294.1827978515625,280.03929901123047,44.381336565224736,-1.8003223883357578,3.8503433299896006,4.334733717488002,97887635.0,-0.0794614477561244,2
2019-08-28,262.2221374511719,288.8900146484375,289.07000732421875,285.25,286.1400146484375,59696700,0.0070415852673082,0.0070169090777114,289.3074981689453,294.11259826660154,280.08124908447263,47.21510444025677,-1.693185530008634,3.399099479264621,4.297967546540199,95660210.0,-0.1045794965868643,2
2019-08-29,265.5714416503906,292.5799865722656,293.1600036621094,290.6099853515625,291.7200012207031,57899400,0.0127729299620085,0.0126920441299697,289.1944976806641,294.102998046875,280.15534896850585,52.0237442937846,-1.2955940997317157,3.239305727127748,4.2959690799067465,91422850.0,-0.0301071918548261,2
2019-08-30,265.4535827636719,292.45001220703125,294.239990234375,291.4200134277344,294.2200012207031,62901200,-0.0004442353243538,-0.0004443340260978,289.1859985351563,294.03479858398435,280.25474899292,51.84458665584026,-0.9796945626989668,3.2300548122815584,4.190541060387738,88730425.0,0.0863877691305954,2
2019-09-03,263.9012756347656,290.739990234375,291.5799865722656,289.2699890136719,290.57000732421875,69101400,-0.0058472282485175,-0.0058643902202904,289.53199768066406,293.9695983886719,280.3481489562988,49.432595003712,-0.8574423242362172,2.986447881840669,4.118361212742856,83248225.0,0.0985704565254717,1
2019-09-04,266.8966064453125,294.0400085449219,294.0599975585937,292.3099975585937,293.1400146484375,46887300,0.011350410749779,0.011286478156974,289.84399871826173,293.97759826660155,280.4673489379883,53.89079325327759,-0.4886399095082652,3.118990717490224,4.0613359349911295,79557005.0,-0.3214710555791923,1
2019-09-05,270.3277893066406,297.82000732421875,298.8299865722656,294.0,296.7900085449219,83258100,0.0128553892989,0.0127734601885358,290.3364990234375,294.1187982177734,280.591349029541,58.41352484385359,0.107414761456198,3.554742380698103,4.116239551939308,76691295.0,0.7757068545213737,2
2019-09-06,270.5365600585937,298.04998779296875,298.760009765625,297.4200134277344,298.1700134277344,49584300,0.0007722129578071,0.0007719149547857,290.55799865722656,294.2703979492188,280.7129489135742,58.67908752562611,0.5915310822380206,3.8921175072468586,3.917936465221545,74784815.0,-0.4044507381263805,2
2019-09-09,270.6727294921875,298.20001220703125,299.239990234375,297.1600036621094,299.1400146484375,51260300,0.0005033531964668,0.0005032265567412,290.8869995117187,294.4043981933594,280.8584489440918,58.86363009656535,0.9760511605280726,4.248409600157079,3.786654330010408,72661330.0,0.0338010216943669,2
2019-09-10,270.60919189453125,298.1300048828125,298.20001220703125,295.9700012207031,297.3599853515625,57947100,-0.0002347663358582,-0.0002347938977883,291.38999938964844,294.50699829101563,281.02849899291994,58.73181464990476,1.2606056101278114,4.4862139867349,3.6754655197473873,72282305.0,0.1304479294892928,2
2019-09-11,272.533447265625,300.25,300.3399963378906,297.75,298.4700012207031,68821100,0.0071109753545968,0.0070858115915256,291.775,294.59879821777344,281.20464904785155,61.540475135148775,1.6382976741752486,4.902124840477542,3.597932006757619,71008370.0,0.1876539119300189,2
2019-09-12,273.4774780273437,301.2900085449219,302.4599914550781,300.4100036621094,301.25,72908700,0.0034638086425373,0.003457823474384,292.6445007324219,294.69599853515626,281.39484909057614,62.87532749413048,1.9985038456116515,4.9735339923428015,3.498793395923369,67872700.0,0.0593945752102189,2
2019-09-13,273.2959289550781,301.0899963378906,302.1700134277344,300.67999267578125,301.7799987792969,62104800,-0.0006638527709471,-0.0006640732187665,293.4665008544922,294.7417987060547,281.56279907226565,62.42657886818871,2.2419862956563748,4.941155519795286,3.3553096356397805,66000110.0,-0.1481839615848315,2
2019-09-16,272.4517822265625,300.1600036621094,301.1400146484375,299.45001220703125,299.8399963378906,58191200,-0.0030887531538497,-0.0030935331973263,294.03200073242186,294.77579895019534,281.72159912109373,60.272556571557416,2.333011747672856,5.031377824038389,3.236359121765957,64758755.0,-0.0630160631706405,2
2019-09-17,273.1415710449219,300.9200134277344,301.0199890136719,299.75,299.94000244140625,41475500,0.0025320154462702,0.0025288152959086,294.4615020751953,294.8577990722656,281.8532992553711,61.44341280609753,2.4383685161952258,5.240725803373795,3.0959041140449512,64153940.0,-0.2872547739177058,2
2019-09-18,273.30499267578125,301.1000061035156,301.2200012207031,298.239990234375,300.489990234375,73375800,0.0005981412593034,0.0005979624441213,295.0120025634766,294.9359991455078,281.98889923095703,61.73107287865636,2.5074837076502945,5.334779576897592,3.0876260334937493,65242910.0,0.769135995949416,2
2019-09-19,273.2868957519531,301.0799865722656,302.6300048828125,300.7099914550781,301.5299987792969,76560500,-6.648798021979818e-05,-6.649019064353332e-05,295.4435012817383,294.9853991699219,282.1160491943359,61.67595650344588,2.531461473874117,5.464095254307456,3.004225133082365,66594700.0,0.0434025932255592,2
2019-09-20,271.9955749511719,298.2799987792969,300.6700134277344,297.4100036621094,300.3599853515625,89565000,-0.0092998137300523,-0.0093433269846503,295.739501953125,294.9647991943359,282.2109492492676,54.36486745786822,2.298038059665941,5.448590941110808,3.0517792600162146,68489630.0,0.1698591310140347,2
2019-09-23,271.9317932128906,298.2099914550781,299.0,297.2699890136719,297.54998779296875,43476800,-0.000234703381069,-0.0002347309282179,296.4075012207031,294.91599914550784,282.35074920654296,54.19189675274483,2.083383369568992,4.826753620343283,2.957367240467065,63205395.0,-0.5145782392675711,2
2019-09-24,269.7980041503906,295.8699951171875,299.8399963378906,294.8099975585937,299.4100036621094,94869400,-0.0078468073000267,-0.0078777554950866,296.8010009765625,294.8183990478516,282.48089920043947,48.623193403264935,1.7047979829140445,4.407884410775566,3.1054123503834847,64327675.0,1.1820695175357891,2
2019-09-25,271.393798828125,297.6199951171875,298.1099853515625,294.3299865722656,295.9599914550781,71854000,0.0059147599583624,0.005897336435891,297.3385009765625,294.7751989746094,282.6511491394043,52.55020034279489,1.528358742852049,3.737626629573508,3.15359709530587,64586930.0,-0.2426008807898015,2
2019-09-26,270.828369140625,297.0,297.8599853515625,295.45001220703125,297.6300048828125,56179700,-0.0020831769617608,-0.0020853497930069,297.74400024414064,294.76039916992187,282.8157991027832,51.06111442930486,1.323247377411235,3.169561418891074,3.1004810988219687,64411080.0,-0.2181409524869875,1
2019-09-27,269.36944580078125,295.3999938964844,297.95001220703125,293.69000244140625,297.8299865722656,84746600,-0.005387225937763,-0.0054017893672878,297.88500061035154,294.6917993164063,282.9721490478516,47.33349150693503,1.0198320329545822,2.9851031778292665,3.183304575022185,65753440.0,0.5084915013786118,1
2019-09-30,270.6186218261719,296.7699890136719,297.54998779296875,295.9200134277344,295.9700012207031,51662400,0.00463776284866,0.0046270415622825,298.1009994506836,294.683798828125,283.12869903564456,50.65522596955278,0.8797788005438747,2.715230150169972,3.1094966694123416,65191500.0,-0.3903897029497348,1
2019-10-01,267.3996887207031,293.239990234375,298.4599914550781,293.0,297.739990234375,88242400,-0.0118947296221865,-0.0119660379448088,298.2259994506836,294.5905987548828,283.26804901123046,43.1103492957804,0.4784291710981847,2.397470975818011,3.2773891541027544,66148550.0,0.7080584719254235,1
2019-10-02,262.6762084960937,288.0599975585937,291.510009765625,286.6400146484375,291.5,122539500,-0.017664687110517,-0.0178225697573212,297.9269989013672,294.35119873046875,283.40599899291993,34.89646474717806,-0.2546895175167378,3.1891800839956184,3.514716756376665,69931160.0,0.3886691658431773,1
2019-10-03,264.8282165527344,290.4200134277344,290.45001220703125,284.82000732421875,287.8099975585937,85278800,0.0081927927832485,0.0081594140425962,297.55699920654297,294.1307989501953,283.58129905700685,40.462290855407055,-0.63790443763952,3.604470256539541,3.665808765407796,70032195.0,-0.3040709322300156,2
2019-10-04,268.4118957519531,294.3500061035156,294.6300048828125,291.0799865722656,291.1400146484375,65091200,0.0135321000415804,0.0134413588716813,297.3720001220703,294.01779907226563,283.7776490783692,48.37691849778805,-0.6173707919452909,3.6721511304088112,3.704678957527105,70807540.0,-0.2367247193909858,2
2019-10-07,267.2537841796875,293.0799865722656,295.260009765625,292.7699890136719,293.4700012207031,59610500,-0.0043146577371001,-0.0043239927340156,297.11599884033205,293.8391986083984,283.9867490386963,46.23778103465678,-0.6955597125758004,3.788029815231168,3.617917657128964,71225050.0,-0.084200322009734,2
2019-10-08,263.1048583984375,288.5299987792969,291.8500061035156,288.489990234375,291.0400085449219,95708100,-0.0155247304539057,-0.0156465010294404,296.63599853515626,293.5805987548828,284.19354904174804,39.49913569104197,-1.1118542211975182,4.234677708951094,3.687351848611939,73113100.0,0.6055577456991637,2
2019-10-09,265.6033020019531,291.2699890136719,292.29998779296875,290.0599975585937,290.75,62359400,0.009496379045393,0.0094515718850682,296.18699798583987,293.3915985107422,284.4463990020752,44.72356776405328,-1.2067654645697985,4.306778209716566,3.6932545032590776,72790015.0,-0.3484417724309645,2
2019-10-10,267.3996887207031,293.239990234375,294.2099914550781,291.0,291.17999267578125,55296300,0.0067634884986749,0.0067407187214313,295.7844970703125,293.30779846191405,284.7408989715576,48.18783518799477,-1.1102227178159865,4.179035588740194,3.6587357141032952,71909395.0,-0.1132643995933251,2
2019-10-11,270.171875,296.2799987792969,298.739990234375,296.1400146484375,296.2699890136719,98720400,0.0103669644187756,0.0103135959721031,295.5439971923828,293.3365985107422,284.9913990020752,53.075119186502185,-0.7794238987664812,3.991852400939462,3.790254591667346,73740175.0,0.7852984738581061,2
2019-10-14,269.87091064453125,295.95001220703125,296.6700134277344,295.57000732421875,295.92999267578125,40394800,-0.0011137659431119,-0.0011143866413178,295.33349761962893,293.40319885253905,285.23079902648925,52.496263402261285,-0.5376924263726437,3.843887542085548,3.5980939853707943,72850355.0,-0.5908160825928582,2
2019-10-15,272.54278564453125,298.8800048828125,299.70001220703125,296.9700012207031,297.1000061035156,46754500,0.0099002958436493,0.0098516089938399,295.2314971923828,293.70439880371094,285.48644905090333,56.98247514341922,-0.1084425131655848,3.712669846820009,3.608944414987166,73114305.0,0.1574385812035212,2
2019-10-16,272.1050109863281,298.3999938964844,299.1600036621094,297.9200134277344,298.3699951171875,48928200,-0.0016060324494318,-0.0016073235020462,295.09649658203125,293.91639892578127,285.72884902954104,56.0486057643947,0.1908087363142385,3.5327781051639957,3.439733402086297,71891925.0,0.0464917815397447,2
2019-10-17,272.907470703125,299.2799987792969,300.239990234375,298.5199890136719,299.67999267578125,45736600,0.0029490780858318,0.0029447380856263,295.0064971923828,294.1425988769531,285.9743490600586,57.426152413009774,0.4932902046346044,3.3924641101522166,3.3254664689294637,70350730.0,-0.0652302762006368,2
2019-10-18,271.7129211425781,297.9700012207031,299.3999938964844,297.0299987792969,298.69000244140625,64304000,-0.0043771637394312,-0.0043867715675741,294.9909973144531,294.22959899902344,286.2431490325928,54.67874970961488,0.6201543394748796,3.3773952950132244,3.257218515233609,69087680.0,0.4059637139621221,2
2019-10-21,273.5549621582031,299.989990234375,300.2099914550781,298.94000244140625,299.4200134277344,39048600,0.0067791690619745,0.0067562938206138,295.079997253418,294.3969989013672,286.4811489868164,58.01436910170359,0.8736207557312241,3.488317101035121,3.184559352315137,68866270.0,-0.3927500622045284,2
2019-10-22,272.6612854003906,299.010009765625,300.8999938964844,298.9100036621094,300.5799865722656,48594700,-0.0032667105591902,-0.003272057906796,295.2369979858398,294.6157989501953,286.7042990112305,55.86616013180858,0.9840746825761356,3.5947819264202043,3.0992329867479844,66552535.0,0.2444671511910798,2
2019-10-23,273.4546203613281,299.8800048828125,299.94000244140625,298.5,298.7300109863281,34352200,0.0029095852606053,0.002905360610081,295.3499984741211,294.7623992919922,286.9198490905762,57.37515526919773,1.1287994530413812,3.707390488016844,2.9807165192235745,64677445.0,-0.2930875177745721,2
2019-10-24,273.9013977050781,300.3699951171875,301.07000732421875,299.4599914550781,300.9100036621094,35453100,0.0016339543363903,0.0016326208853381,295.5184982299805,295.09179931640625,287.1318490600586,58.24115917896236,1.2684115346033875,3.8597801838734336,2.882809329931935,63641115.0,0.0320474380097925,2
2019-10-25,275.0231018066406,301.6000061035156,302.20001220703125,299.67999267578125,299.739990234375,45205400,0.0040949862047581,0.0040866245681677,295.82849884033203,295.43079956054686,287.34544906616213,60.41531414032954,1.461459921806636,4.091768665703733,2.856895772883225,61664055.0,0.2750760864353188,2
2019-10-28,276.5732421875,303.29998779296875,303.8500061035156,302.9100036621094,302.94000244140625,42147000,0.0056365439491061,0.0056207180762301,296.1549987792969,295.719799194336,287.5670489501953,63.26223094780696,1.7316649192378009,4.418344204498343,2.8135460748201377,61188285.0,-0.0676556340614173,2
2019-10-29,276.4911499023437,303.2099914550781,304.2300109863281,302.8599853515625,303.0,44284900,-0.000296723842772,-0.0002967678740017,296.653498840332,295.93739929199216,287.7960989379883,63.00389772094866,1.9164507231001835,4.629534166064284,2.710437471959101,58990410.0,0.0507248439983865,2
2019-10-30,277.3392639160156,304.1400146484375,304.54998779296875,301.989990234375,303.42999267578125,49643900,0.0030672577407369,0.0030625633026309,297.4574996948242,296.2183996582031,288.0150489807129,64.61211242819314,2.113575915646664,4.451436506671703,2.699691763861576,55345630.0,0.1210119024769165,2
2019-10-31,276.6005859375,303.3299865722656,304.1300048828125,301.7300109863281,304.1300048828125,69053800,-0.0026633393738347,-0.0026668923721071,298.1029983520508,296.4359991455078,288.2267988586425,62.08085271125587,2.1793147707887783,4.311044392465016,2.6789997565935617,54534380.0,0.3909825779199458,2
2019-11-01,279.1630554199219,306.1400146484375,306.19000244140625,304.739990234375,304.9200134277344,71141500,0.0092639310340734,0.0092212840087053,298.6924987792969,296.7115997314453,288.44269897460936,66.92208737008379,2.430145859716845,4.569207212005564,2.691929478918352,54836895.0,0.0302329488022381,2
2019-11-04,280.2845458984375,307.3699951171875,308.0,306.9599914550781,307.8500061035156,60606900,0.0040177056572054,0.0040096562307791,299.406999206543,297.1619995117188,288.6472489929199,68.79979209318367,2.6970900737947545,4.758725330147498,2.632504898392934,54886715.0,-0.1480795316376517,2
2019-11-05,279.9745788574219,307.0299987792969,307.9200134277344,306.7099914550781,307.5899963378906,42933200,-0.0011061468044758,-0.0011067590363729,300.33199920654295,297.5425994873047,288.86809906005857,67.656494207487,2.848376116858276,4.310039398890946,2.530898975126028,52247970.0,-0.2916120111736452,2
2019-11-06,280.038330078125,307.1000061035156,307.3999938964844,306.0599975585937,307.0299987792969,46487100,0.0002280146060551,0.0002279886146757,301.12350006103514,297.94719970703125,289.0865490722656,67.7752393621158,2.9400295711407693,4.000715523821515,2.445834501037789,51454355.0,0.0827774309858104,2
2019-11-07,281.023193359375,308.17999267578125,309.6499938964844,307.6600036621094,308.57000732421875,54272300,0.00351672598763,0.0035105567662041,301.8705001831055,298.33299926757815,289.3096990966797,69.62776857817258,3.064485997541283,3.842922041581864,2.4532740218900004,51403155.0,0.1674701153653379,2
2019-11-08,281.7162170410156,308.94000244140625,309.0,307.0299987792969,307.79998779296875,49032100,0.0024661229920417,0.0024630871009652,302.5035003662109,298.66019958496094,289.5254991149902,70.89576227618802,3.187699236024116,3.915578320757521,2.4187545360909377,48918740.0,-0.0965538589667288,2
2019-11-11,281.17822265625,308.3500061035156,308.5400085449219,307.2699890136719,307.4200134277344,35797300,-0.0019097440707844,-0.001911569957013,303.12350006103514,298.97819946289064,289.7484490966797,68.50478138025989,3.200841532826757,3.803383175306756,2.365273028351183,48688865.0,-0.2699211332983903,2
2019-11-12,281.7709655761719,309.0,309.989990234375,308.1499938964844,308.75,46484600,0.0021079743266363,0.0021057556661279,303.6294998168945,299.3433996582031,289.9763990783691,69.71651277325219,3.226512742487728,3.881494782143805,2.3277532647468573,48675370.0,0.2985504493355644,2
2019-11-13,281.8621520996094,309.1000061035156,309.5400085449219,307.6600036621094,307.9100036621094,53917700,0.000323644347947,0.0003235919864124,304.1645004272461,299.644599609375,290.1839991760254,69.9083397987147,3.217833832474128,3.860107899577319,2.295771237465832,48924845.0,0.1599045705459443,2
2019-11-14,282.2724304199219,309.54998779296875,309.6400146484375,308.0899963378906,308.7900085449219,51219900,0.0014557802671231,0.0014547216463183,304.67799987792966,299.87919921875,290.3820991516113,70.80447435825633,3.210259620853265,3.859231659497545,2.2425031712573347,49199010.0,-0.0500355170936446,2
2019-11-15,284.3150939941406,311.7900085449219,311.8399963378906,310.260009765625,311.0199890136719,62023600,0.0072363780981676,0.0072103211439798,305.36900024414064,300.15399963378906,290.59074920654297,74.82384745857408,3.346432368361832,3.832090965597299,2.2458964122333733,49084990.0,0.2109277839277312,2
2019-11-18,284.5248107910156,312.0199890136719,312.2799987792969,311.0299987792969,311.5299987792969,49228000,0.0007376133373333,0.0007373414343136,305.97050018310546,300.4303991699219,290.7910491943359,75.2013275500878,3.4333304572975862,3.8870863232219888,2.174760954216704,49593960.0,-0.2063021172585919,2
2019-11-19,284.4428405761719,311.92999267578125,312.69000244140625,311.2200012207031,312.67999267578125,67804700,-0.0002884313219005,-0.0002884729262145,306.61649932861326,300.70639892578123,290.9851991271973,74.72914139509518,3.4551075375460414,3.7402518040612778,2.1244209732514485,50554460.0,0.3773604452750467,2
2019-11-20,283.3849182128906,310.7699890136719,311.8500061035156,309.0599975585937,311.2799987792969,79406200,-0.0037187948877845,-0.0037257267963938,307.16099853515624,300.9167987060547,291.17534912109375,68.7380727079993,3.3402590030133865,3.492410711852274,2.1776762692468847,52807160.0,0.1711017082886585,2
2019-11-21,282.9290771484375,310.2699890136719,311.010009765625,309.3900146484375,310.8900146484375,54664700,-0.0016089069655242,-0.0016102026462758,307.65599822998047,301.09639831542967,291.3759989929199,66.27181476444648,3.1723262878894616,3.165515834243344,2.137841901242643,53767740.0,-0.3115814634121768,1
2019-11-22,283.5581970214844,310.9599914550781,311.239990234375,309.8500061035156,311.0899963378906,44850200,0.0022238774803831,0.0022214083249144,308.1239974975586,301.2937982177734,291.5784489440918,67.97922653300785,3.059646135606556,2.90417289381903,2.08442348907241,53749980.0,-0.1795399956461848,1
2019-11-25,285.75592041015625,313.3699951171875,313.3699951171875,311.9800109863281,311.9800109863281,48647200,0.007750204940617,0.0077203263796593,308.6274978637695,301.557998046875,291.7921989440918,73.10112704438487,3.1287472071702496,2.8967254903856565,2.107679215717907,54074990.0,0.0846596001801551,1
2019-11-26,286.4033203125,314.0799865722656,314.2799987792969,313.0599975585937,313.4100036621094,37569000,0.002265665080068,0.0022631023310978,309.1709976196289,301.8211975097656,291.9920988464356,74.40026392209847,3.203868479516416,2.846066264920264,2.044273644645427,53739195.0,-0.2277253367100264,1
2019-11-27,287.679931640625,315.4800109863281,315.4800109863281,314.3699951171875,314.6099853515625,44444600,0.004457540989293,0.0044476355783991,309.7379974365234,302.1087976074219,292.1945489501953,76.78159798547625,3.337895714761089,2.9196688227805985,1.998255842460932,53479230.0,0.1830125901674253,1
2019-11-29,286.613037109375,314.3099975585937,315.1300048828125,314.0599975585937,314.8599853515625,36592700,-0.0037086768954915,-0.0037155710884838,310.28699798583983,302.37339782714844,292.3941989135742,70.85008945249051,3.3115297058058104,2.6732338436746983,1.9569528128376104,51856175.0,-0.1766671316650392,1
2019-12-02,284.1783447265625,311.6400146484375,314.6600036621094,311.1700134277344,314.5899963378906,75767800,-0.0084947438226442,-0.0085310297984601,310.56199798583987,302.6405981445312,292.5655490112305,59.54540191328455,3.040144256317717,2.5015583328982345,2.0664554858045667,52087490.0,1.0705714527761003,1
2019-12-03,282.2724304199219,309.54998779296875,309.6400146484375,307.1300048828125,308.6499938964844,73941700,-0.0067065420267885,-0.006729131936536,310.6709976196289,302.8673980712891,292.7240489196777,52.48568770281306,2.6261490210253555,2.400611234430725,2.240995077220312,52754230.0,-0.0241012672929661,1
2019-12-04,284.0141296386719,311.4599914550781,312.1199951171875,310.32000732421875,310.70001220703125,49080000,0.0061702592066867,0.0061513011016621,310.892497253418,303.1791979980469,292.8892988586426,57.4504747478029,2.4242311200270024,2.246402371047708,2.264495952005915,53061570.0,-0.3362338166420301,1
2019-12-05,284.5248107910156,312.0199890136719,312.25,310.5799865722656,312.2300109863281,40709000,0.00179797590046,0.0017963614766311,311.1384963989258,303.4671978759766,293.06229873657225,58.80944647745972,2.283078938790481,2.071842373549448,2.222032914557948,52772665.0,-0.1705582722086389,1
2019-12-06,287.1237487792969,314.8699951171875,315.3099975585937,314.1099853515625,314.1199951171875,48927000,0.0091340497527891,0.0090925866133454,311.4729965209961,303.8245977783203,293.240948638916,64.94567652879618,2.373822543642916,2.10877386882681,2.2983168881553677,52505400.0,0.2018718219558328,1
2019-12-09,286.220947265625,313.8800048828125,315.17999267578125,313.79998779296875,314.44000244140625,34838500,-0.003144123764497,-0.0031490769065394,311.7199966430664,304.1941979980469,293.4127487182617,61.51743039017933,2.338892271840507,2.085653581868385,2.2327231734880195,51795720.0,-0.2879493939951356,1
2019-12-10,285.9018249511719,313.5299987792969,314.54998779296875,312.8099975585937,313.82000732421875,52649800,-0.0011150952531885,-0.0011157174344709,311.97899627685547,304.5293981933594,293.5837986755371,60.30541686887623,2.256950491978841,1.963170391002709,2.197527963551379,52638345.0,0.5112533547655611,1
2019-12-11,286.7133178710937,314.4200134277344,314.70001220703125,313.44000244140625,314.0299987792969,53429100,0.0028386905619963,0.0028346690886243,312.2499969482422,304.95299865722654,293.7598986816406,62.33742529582246,2.2380291778089827,1.9034876623493384,2.130562377985209,52985570.0,0.0148015756944945,1
2019-12-12,289.18463134765625,317.1300048828125,317.989990234375,314.1700134277344,314.42999267578125,96389600,0.008619017045176,0.008582085375832,312.65149688720703,305.5343988037109,293.9521487426758,67.75080604074938,2.413881834886581,2.045663338992157,2.2512348371748816,55109165.0,0.8040655747523353,1
2019-12-13,289.3578491210937,317.32000732421875,318.6700134277344,316.0199890136719,316.8699951171875,81503900,0.0005991310771003,0.0005989516697319,313.03999786376954,306.0723986816406,294.1366487121582,68.09703670994213,2.5393063981804858,2.1602509880551723,2.2797198069525684,56623365.0,-0.1544326358860291,1
2019-12-16,291.3456726074219,319.5,320.1499938964844,317.25,319.2200012207031,82749700,0.0068700133160966,0.0068465223022965,313.4254974365234,306.5753985595703,294.33714874267577,71.83349522978216,2.782538091157619,2.5737946405982064,2.3240250990619837,57659670.0,0.0152851581335371,1
2019-12-17,291.4095153808594,319.57000732421875,320.25,319.4800109863281,319.9200134277344,61097700,0.0002191152557706,0.0002190912535291,313.8029983520508,307.1051989746094,294.5398988342285,71.94712174708226,2.946979026434576,2.890941999056467,2.2130225215341186,58253155.0,-0.2616565377276292,1
2019-12-18,291.4277648925781,319.5899963378906,320.25,319.5299987792969,320.0,48133000,6.254971747576832e-05,6.254776132376092e-05,314.1859985351563,307.72639892578127,294.75119888305665,71.98187683148385,3.0438252756603106,3.1274740086080475,2.106378142903333,57269570.0,-0.2121962037850852,1
2019-12-19,292.6222839355469,320.8999938964844,320.9800109863281,319.5199890136719,319.79998779296875,85310500,0.0040989942539024,0.0040906162633758,314.6924987792969,308.3189990234375,294.9806488037109,74.2347611784848,3.189515728865615,3.356992251301172,2.0602098450285418,57564785.0,0.7723910830407412,2
2019-12-20,293.9052734375,320.7300109863281,321.9700012207031,319.3900146484375,320.4599914550781,147142100,-0.0005297068039554,-0.0005298471481675,315.2154998779297,308.8687994384766,295.2119989013672,73.40991299166224,3.2537530229727736,3.4453698951231684,2.097336754116905,62188655.0,0.7247829985757908,2
2019-12-23,294.3542785644531,321.2200012207031,321.6499938964844,321.0599975585937,321.5899963378906,52990000,0.001527734286131,0.0015265684873094,315.72850036621094,309.3675994873047,295.4258988952637,74.29650879631436,3.306089120836248,3.540905288564254,2.013240050976858,62595645.0,-0.6398719333215986,2
2019-12-24,294.3634338378906,321.2300109863281,321.5199890136719,320.8999938964844,321.4700012207031,20270000,3.116171342676388e-05,3.116122791065835e-05,316.121501159668,309.8731994628906,295.6345989990234,74.31534965702701,3.3102154566385598,3.698059765887857,1.9137225557061897,61176785.0,-0.6174749952821287,2
2019-12-26,295.930419921875,322.94000244140625,322.95001220703125,321.6400146484375,321.6499938964844,30911200,0.0053232618267129,0.0053091433505416,316.564501953125,310.3543994140625,295.842599029541,77.36743773059405,3.4121346625111078,3.961900517281717,1.8998853174916848,60843895.0,0.524972866304884,2
2019-12-27,295.8570861816406,322.8599853515625,323.79998779296875,322.2799987792969,323.739990234375,42528800,-0.0002477769531146,-0.0002478076548954,316.9335006713867,310.8435992431641,296.0510989379883,76.90690317398492,3.4467180370104984,4.192538785868756,1.8727498672188416,60748105.0,0.3758378840032093,2
2019-12-30,294.2259216308594,321.0799865722656,323.1000061035156,320.54998779296875,322.95001220703125,49729100,-0.0055132220159107,-0.0055284759156675,317.2720001220703,311.27959899902345,296.2499488830566,67.30856636816156,3.2925402307967038,4.242573617699209,1.9211261845994156,61404925.0,0.1693040951073154,2
2019-12-31,294.940673828125,321.8599853515625,322.1300048828125,320.1499938964844,320.5299987792969,57077300,0.0024292974084865,0.0024263514356685,317.7829986572266,311.7573986816406,296.4475988769531,69.12688509916302,3.1964459521310573,4.1428260451210495,1.925332241865752,60470400.0,0.1477645885407135,2
2020-01-02,297.6990051269531,324.8699951171875,324.8900146484375,322.5299987792969,323.5400085449219,59151200,0.0093519228938545,0.0093084643998289,318.5489990234375,312.2549987792969,296.65994888305664,74.92336104932897,3.324846416506944,3.9523814598178624,2.004239174366412,59730875.0,0.0363349352544706,2
2020-01-03,295.4447631835937,322.4100036621094,323.6400146484375,321.1000061035156,321.1600036621094,77709700,-0.0075722334843226,-0.0076010483986278,319.09649963378905,312.7229986572266,296.8642489624024,64.29825752726308,3.1913164486867918,3.6668016683351374,2.1303641628882306,61162360.0,0.3137468047985501,2
2020-01-06,296.5718078613281,323.6400146484375,323.7300109863281,320.3599853515625,320.489990234375,55653900,0.0038150521769082,0.003807793321436,319.67750091552733,313.19819885253906,297.0587989807129,66.8310939465414,3.1484512084358016,3.3972011031317098,2.218911410879473,61909605.0,-0.2838229976437948,2
2020-01-07,295.73797607421875,322.7300109863281,323.5400085449219,322.239990234375,323.0199890136719,40496400,-0.0028117773480448,-0.0028157378196907,320.07050170898435,313.64539916992186,297.27619903564454,63.25560393864263,3.006394660168553,3.263798599189638,2.1604194825354037,61488075.0,-0.2723528809301774,2
2020-01-08,297.3140869140625,324.45001220703125,325.7799987792969,322.6700134277344,322.94000244140625,68296000,0.0053295360274876,0.0053153843094793,320.5990020751953,314.1023992919922,297.5032490539551,66.8640987440193,2.998043961494716,3.0579220079837963,2.2282456160373387,63160950.0,0.6864708961784258,1
2020-01-09,299.330078125,326.6499938964844,326.7300109863281,325.5199890136719,326.1600036621094,48473300,0.0067806491190678,0.0067577639106305,321.2550018310547,314.5693994140625,297.73089904785155,70.81238453739331,3.132832762985913,2.8626803226259283,2.231942270555877,62952125.0,-0.290246866580766,1
2020-01-10,298.4687194824219,325.7099914550781,327.4599914550781,325.20001220703125,327.2900085449219,53029300,-0.0028777053695709,-0.0028818539244586,321.8195007324219,315.0193994140625,297.96119903564454,67.13167235313661,3.127748777227396,2.538757672202486,2.233944911805234,62932135.0,0.0939898872162612,1
2020-01-13,300.5213928222656,327.95001220703125,327.9599914550781,325.9200134277344,326.3900146484375,47086800,0.0068773473664287,0.0068538062848609,322.3605010986328,315.4955993652344,298.1973991394043,71.00004031248342,3.266812850908821,2.637769108617619,2.2350917038191462,60466995.0,-0.1120606909764978,1
2020-01-14,300.063232421875,327.45001220703125,328.6199951171875,326.8399963378906,327.4700012207031,62832800,-0.0015246225991427,-0.0015257860188453,322.86700134277345,315.9779998779297,298.4222491455078,69.04662201137877,3.2986515086261647,2.5911223683090245,2.2025850663532696,59533440.0,0.3344036970021322,1
2020-01-15,300.7413024902344,328.19000244140625,329.0199890136719,327.260009765625,327.3500061035156,72056600,0.0022598570981489,0.0022573074615838,323.30150146484374,316.41899963378904,298.6340492248535,70.34693216964747,3.3450354157493507,2.7220950035210807,2.1709703650456698,58998785.0,0.1467991240243948,1
2020-01-16,303.2430114746094,330.9200134277344,330.9200134277344,329.45001220703125,329.70001220703125,54050300,0.0083183855876765,0.0082839784942466,323.8690017700195,316.89,298.85879928588867,74.58821442933751,3.561034676185443,3.0647638102125376,2.2109018379944163,58646415.0,-0.2498910578628467,1
2020-01-17,304.18682861328125,331.95001220703125,332.17999267578125,330.8500061035156,331.70001220703125,95846000,0.0031125309364881,0.0031076970399105,324.4870025634765,317.3884002685547,299.08644927978514,75.98389829384772,3.771848419021637,3.3858615448423643,2.147979319013788,61032065.0,0.7732741538899877,2
2020-01-21,303.5912170410156,331.29998779296875,332.17999267578125,330.82000732421875,330.8999938964844,77742400,-0.0019581996992278,-0.0019601194788762,325.0070022583008,317.8723999023438,299.3070492553711,73.24966746988132,3.842178054378053,3.597947167072472,2.0916940356244105,60653660.0,-0.1888821651399119,2
2020-01-22,303.6278076171875,331.3399963378906,332.95001220703125,331.1700134277344,332.239990234375,48914900,0.0001207622891519,0.0001207549979736,325.5375015258789,318.3355999755859,299.52089920043943,73.31332003693691,3.856685680484361,3.714444229430305,2.0694300887438724,55742300.0,-0.3708079503591348,2
2020-01-23,303.9759521484375,331.7200012207031,332.1700134277344,329.4100036621094,330.6300048828125,51963000,0.0011468729613461,0.0011462158049533,326.06250152587893,318.79119995117185,299.73554916381835,73.94742121441688,3.854415000074312,3.812823351800808,2.1187572085210955,55690950.0,0.062314345935492,2
2020-01-24,301.2727966308594,328.7699890136719,332.5299987792969,327.3599853515625,332.44000244140625,87578400,-0.0088930790913283,-0.0089328585359688,326.4395004272461,319.199599609375,299.94284912109373,61.69237810591947,3.573382410587272,3.680315894463503,2.336704081322044,59056370.0,0.6853992263726112,2
2020-01-27,296.4435729980469,323.5,325.1199951171875,322.6600036621094,323.0299987792969,84062500,-0.0160294101948968,-0.0161592707859991,326.4675003051758,319.489599609375,300.1188990783692,46.77802888854034,2.8920798916867057,3.654328891684304,2.6062241720535053,61713935.0,-0.0401457436993596,2
2020-01-28,299.54998779296875,326.8900146484375,327.8500061035156,323.6000061035156,325.0599975585937,63834000,0.0104791797478747,0.0104246537382159,326.6690017700195,319.84539978027345,300.31229919433594,54.41274340183511,2.595766210466934,3.5546897913838715,2.7307800243008,62779195.0,-0.2406364312267658,2
2020-01-29,299.3026123046875,326.6199951171875,328.6300048828125,326.3999938964844,328.3800048828125,53888900,-0.0008260256329346,-0.000826366980095,326.9460021972656,320.1867999267578,300.49459915161134,53.751335477873376,2.312490216015931,3.3031985837000946,2.695010807302751,62987185.0,-0.1557962841119152,2
2020-01-30,300.27398681640625,327.67999267578125,327.9100036621094,323.5400085449219,324.3599853515625,75491800,0.0032453541560228,0.0032400993602699,327.2370025634765,320.504599609375,300.6831491088867,56.01180809866677,2.1487553792709946,3.0804036576642995,2.8146525437230907,63907910.0,0.4008784740456754,1
2020-01-31,294.8216247558594,321.7300109863281,327.1700134277344,320.7300109863281,327.0,113845600,-0.0181579035108813,-0.018324781429623,327.0800033569336,320.6988000488281,300.8409991455078,43.23707561038269,1.5213434450070622,3.280886466793424,3.110033196989522,66642630.0,0.508052530208579,2
2020-02-03,297.0116882324219,324.1199951171875,326.1600036621094,323.2200012207031,323.3500061035156,69083000,0.0074285396116215,0.0074010838979718,327.1655029296875,320.9426000976562,301.0143490600586,48.33435190917447,1.2030981457519374,3.173298568090502,3.204316016903217,66211295.0,-0.3931869128011974,1
2020-02-04,301.53857421875,329.0599975585937,330.010009765625,327.7200012207031,328.07000732421875,62573200,0.0152412764279479,0.0151262950114741,327.43650207519534,321.3084002685547,301.2095491027832,56.94133258698015,1.334124409231208,3.086625510361382,3.3961516334413804,66557260.0,-0.0942315765094161,1
2020-02-05,305.0207824707031,332.8599853515625,333.0899963378906,330.6700134277344,332.2699890136719,65951100,0.0115480089380726,0.0114818396116066,327.94300079345703,321.7602001953125,301.42249908447263,62.16295938929451,1.7247095460488708,3.10475168284531,3.44142642957392,67829995.0,0.0539831749055506,1
2020-02-06,306.0470886230469,333.9800109863281,334.19000244140625,332.79998779296875,333.9100036621094,50359700,0.0033648551464744,0.0033592066886776,328.41950073242185,322.2206005859375,301.62799911499025,63.565416217046646,2.100415506772777,3.2674926504788746,3.294897016635604,66933180.0,-0.2364084905331374,2
2020-02-07,304.416015625,332.20001220703125,333.989990234375,331.6000061035156,332.82000732421875,64139400,-0.0053296566283714,-0.0053439099142294,328.6970016479492,322.5972009277344,301.8278491210938,59.77351052131854,2.228841465039636,3.344080658831003,3.230260381937302,67716485.0,0.2736255378804877,2
2020-02-10,306.6885070800781,334.67999267578125,334.75,331.19000244140625,331.2300109863281,42070000,0.00746532323185,0.0074375956179296,329.1455017089844,323.0092010498047,302.04099914550784,63.07821452739717,2.50189339036217,3.5193116795192245,3.2538130374127627,67168520.0,-0.3440849150444188,2
2020-02-11,307.22003173828125,335.260009765625,337.0199890136719,334.67999267578125,336.1600036621094,54864500,0.0017330497864735,0.0017315497884897,329.51100158691406,323.4048010253906,302.25024917602536,63.826704053389975,2.733580525455864,3.759981450573725,3.1885404160183244,67557405.0,0.3041240789160921,2
2020-02-12,309.1993408203125,337.4200134277344,337.6499938964844,336.42999267578125,336.8299865722656,43992700,0.006442771577855,0.0064221056414969,330.0095016479492,323.86700134277345,302.46799926757814,66.546538532936,3.056257854766443,4.116376117806498,3.131500681364113,66615400.0,-0.1981572783858415,2
2020-02-13,308.86944580078125,337.0599975585937,338.1199951171875,335.5599975585937,335.8599853515625,54501900,-0.0010669665544832,-0.0010675361685062,330.45300140380857,324.3754010009766,302.6831993103027,65.6603836198341,3.245519364183508,4.379447027555653,3.090679029737663,65737665.0,0.2388850877531954,2
2020-02-14,309.3642883300781,337.6000061035156,337.7300109863281,336.20001220703125,337.510009765625,64582200,0.0016021140118476,0.0016008319963015,330.78700103759763,324.9364013671875,302.91214935302736,66.38348719770906,3.399892802618808,4.6625158665787145,2.979201868991893,66264260.0,0.184953185118317,2
2020-02-18,308.5670166015625,336.7300109863281,337.6700134277344,335.2099914550781,336.510009765625,57226200,-0.0025769997081124,-0.0025803258874645,331.02600097656244,325.4418017578125,303.13989944458007,64.04366885619217,3.4126941162312505,4.8442390243183135,2.942117590682204,64333270.0,-0.1139013536237538,2
2020-02-19,310.0423583984375,338.3399963378906,339.0799865722656,337.4800109863281,337.7900085449219,48814700,0.0047812351113185,0.0047698413099191,331.3780014038085,325.96820190429685,303.36144943237304,66.40362682301844,3.5122644143003754,5.113489673218692,2.89982173320044,62886885.0,-0.1469868696506145,2
2020-02-20,308.7687072753906,336.95001220703125,338.6400146484375,333.67999267578125,337.739990234375,74163400,-0.0041082465741686,-0.0041167086031452,331.6585021972656,326.40980224609376,303.5820994567871,62.58446515920984,3.4393676013309573,5.262978955465382,3.046978893161569,64149310.0,0.5192841500613545,2
2020-02-21,305.58892822265625,333.4800109863281,335.8099975585937,332.5799865722656,335.4700012207031,113788200,-0.0102982670870807,-0.0103516611333441,331.74650268554683,326.8018023681641,303.80984954833986,54.20326590296821,3.0662504271098783,5.278752008849648,3.1414822318475726,67240570.0,0.5342904990871509,2
2020-02-24,295.4538879394531,322.4200134277344,333.5599975585937,321.239990234375,323.1400146484375,161088400,-0.0331653988072082,-0.0337278413923327,331.42900390624993,326.9796026611328,303.984299621582,37.1338223726535,1.8567001243752657,5.645430809107065,3.797091167016938,70916070.0,0.4156863365445626,2
2020-02-25,286.5009765625,312.6499938964844,324.6099853515625,311.69000244140625,323.94000244140625,218913200,-0.0303021497560969,-0.0307707506031409,330.8865036010742,326.9442022705078,304.1142495727539,28.57361658256524,0.1085130000888625,6.841986760426331,4.4487262915268895,77658605.0,0.3589631531506925,2
2020-02-26,285.447265625,311.5,318.1099853515625,310.70001220703125,314.17999267578125,194773800,-0.0036782149973914,-0.0036849962639194,330.1170028686523,326.83160217285155,304.2312495422364,27.762364565783244,-1.3541232970071064,8.070299166662096,4.660243923884344,84205595.0,-0.1102692756763867,2
2020-02-27,272.6273803710937,297.510009765625,311.5599975585937,297.510009765625,305.4599914550781,284353500,-0.044911686145666,-0.045951467536838,328.6615036010742,326.4354022216797,304.31449966430665,20.235538223135947,-3.6006424282773537,10.872665430716854,5.330939914533226,95728825.0,0.4599165801560578,2
2020-02-28,271.4819030761719,296.260009765625,297.8900146484375,285.5400085449219,288.70001220703125,384975800,-0.0042015393061387,-0.0042103905737418,327.0905044555664,325.97060241699216,304.37879974365234,19.72106463409696,-5.419417902312205,13.069882797699233,5.832301785174826,111203025.0,0.3538634129701234,2
2020-03-02,283.23876953125,309.0899963378906,309.1600036621094,294.4599914550781,298.2099914550781,238703600,0.0433065083013248,0.0423950046601226,326.4585037231445,325.7610021972656,304.49894973754886,37.33239912089293,-5.759149981306166,13.636077909473585,6.465709672450285,117445925.0,-0.3799516748844992,2
2020-03-03,275.1289978027344,300.239990234375,313.8399963378906,297.57000732421875,309.5,300139100,-0.0286324572401915,-0.0290503624763481,325.26450347900385,325.37400207519534,304.56164962768554,32.10106815898453,-6.665673892122584,14.843639236195203,7.166015339680399,128998730.0,0.25737148497132,2
2020-03-04,286.6934509277344,312.8599853515625,313.1000061035156,303.3299865722656,306.1199951171875,176613400,0.0420330253386167,0.0411736370118587,324.4545028686524,325.21320190429685,304.6967495727539,44.12494593277529,-6.293228070540749,15.065965765683858,7.572729663213273,134700740.0,-0.4115615059817264,2
2020-03-05,277.1632385253906,302.4599914550781,308.4700012207031,300.010009765625,304.9800109863281,186366800,-0.0332416876028356,-0.0338067502413782,322.93450317382815,324.84780151367187,304.78929946899416,38.13212620965027,-6.759337232604537,15.693749308341742,7.949675800550717,140721525.0,0.055224575258729,2
2020-03-06,272.5814514160156,297.4599914550781,298.7799987792969,290.2300109863281,293.1499938964844,228667200,-0.0165311120189679,-0.01666927563302,321.10850219726564,324.3726013183594,304.8440493774414,35.62690151684052,-7.446353388265834,16.447433798961324,8.255411848279238,149636900.0,0.2269739030771576,2
2020-03-09,251.2943878173828,274.2300109863281,284.19000244140625,273.45001220703125,275.29998779296875,309417300,-0.0780944703020949,-0.0813125230418674,318.21000213623046,323.4326013183594,304.787049407959,26.81305498273143,-9.752859036068685,19.257792386861773,9.380738091119785,161900795.0,0.3531337244694472,2
2020-03-10,264.297607421875,288.4200134277344,288.5199890136719,273.5,284.6400146484375,276444100,0.0517448925096448,0.0504505872938113,315.8970031738281,322.742201538086,304.81844940185545,37.05671477521872,-10.316840656131715,19.94145686961548,9.783541728444932,173619500.0,-0.1065654699979606,2
2020-03-11,251.4134826660156,274.3599853515625,281.94000244140625,270.8800048828125,280.70001220703125,255316300,-0.0487484481713843,-0.0499767384502889,312.852001953125,321.77220153808594,304.7763493347168,32.24140831514957,-11.762733445378558,21.423707375099053,10.337575072479,183642090.0,-0.0764270244870481,2
2020-03-12,227.35894775390625,248.1100006103516,266.6600036621094,247.67999267578125,256.0,392220700,-0.0956771619140247,-0.100568860566243,308.38650131225586,320.3128018188477,304.61614936828613,25.562714451345684,-14.855523063655651,25.036452526122343,11.504890615572018,201053490.0,0.5362148832644058,2
2020-03-13,246.7949981689453,269.32000732421875,271.4800109863281,248.5200042724609,263.0899963378906,329566100,0.085486303098184,0.0820280921987329,304.99950180053713,319.26200225830075,304.57139945983886,36.93088774524088,-15.417388775288998,25.530416738969667,12.352399169886626,214806700.0,-0.1597432261989232,2
2020-03-16,219.7897491455078,239.8500061035156,256.8999938964844,237.3600006103516,241.17999267578125,297240000,-0.1094237354049449,-0.1158865374770154,300.1120018005371,317.56160247802734,304.37549949645995,30.061283630060387,-18.03278350400041,28.180015485233135,13.752942565885236,226439590.0,-0.0980868481315281,2
2020-03-17,231.6566772460937,252.8000030517578,256.1700134277344,237.07000732421875,245.0399932861328,262070500,0.0539920642847646,0.0525849209492369,295.9155014038086,316.1694024658203,304.2631495666504,35.71968984263307,-18.843331942259223,28.684753422690637,14.134875675715977,236681805.0,-0.1183202126227963,2
2020-03-18,219.92721557617188,240.0,248.3699951171875,228.0200042724609,236.25,327597100,-0.050632922853,-0.0519597510025378,290.9985015869141,314.4966021728516,304.0902995300293,32.88743962377016,-20.284721053944,29.44812949321261,14.895241611686044,250620925.0,0.250034246510004,2
2020-03-19,220.39456176757807,240.509994506836,247.3800048828125,232.22000122070312,239.25,289322000,0.0021249771118165,0.0021227225413292,286.1765007019044,312.8522018432617,303.89019950866697,33.114997982540885,-21.14216628273641,29.4235570236316,14.91415318671628,261378855.0,-0.1168358938464351,2
2020-03-20,210.89683532714844,228.8000030517578,244.47000122070312,228.5,242.52999877929688,347158800,-0.0486881698163498,-0.0499133730395755,280.9425003051758,310.93920166015624,303.6193995666504,30.553327502240748,-22.50714785974253,29.87316490276218,14.989570903429629,273047385.0,0.1999046045582431,2
2020-03-23,205.50457763671875,222.9499969482422,229.67999267578125,218.259994506836,228.19000244140625,326025200,-0.0255682081533551,-0.0259007554583412,275.9689994812012,308.8652017211914,303.3101496124268,29.33256009896536,-23.78675331027287,30.867923895454076,14.734601422395029,281294225.0,-0.060875887346079,2
2020-03-24,224.1239776611328,243.1499938964844,244.1000061035156,233.8000030517578,234.4199981689453,235494500,0.090603261828847,0.0867309943625375,272.49399948120123,307.21400177001954,303.0876496124268,38.473966092292805,-22.90682331341813,30.43009682514912,15.192844831886342,282123290.0,-0.2776800689026493,2
2020-03-25,227.4791259765625,246.7899932861328,256.3500061035156,239.75,244.8699951171875,299430300,0.0149701808801938,0.0148592336190369,269.25849914550787,305.5908013916016,302.8767495727539,39.98064142974036,-21.666002728520997,29.490126512310308,15.293356351288434,287356115.0,0.2714959372724204,2
2020-03-26,240.76158142089844,261.20001220703125,262.79998779296875,249.0500030517578,249.5200042724609,257632800,0.058389802313383,0.0567486987697194,267.44299926757816,304.26580139160154,302.73824966430664,45.65442624580178,-19.29742665574048,28.76817890785532,15.3445447909704,286020080.0,-0.1395900815648917,2
2020-03-27,233.59036254882807,253.4199981689453,260.8099975585937,251.0500030517578,253.2700042724609,224341200,-0.0297856572530301,-0.0302382599913111,265.3009986877442,302.77040130615234,302.56339958190915,43.27579521171808,-17.842418867788354,28.096652143609237,14.97350653127776,277988350.0,-0.1292211240183703,2
2020-03-30,241.1763610839844,261.6499938964844,262.42999267578125,253.52999877929688,255.6999969482422,171369500,0.0324757153618651,0.0319595253458066,262.92899856567385,301.38500091552737,302.4237496185303,46.453953441003314,-15.84259921670838,26.13964643692345,14.547541386674771,274621645.0,-0.2361211404770947,0
2020-03-31,237.5815277099609,257.75,263.3299865722656,256.2200012207031,260.5599975585937,194881100,-0.0149053850084449,-0.015017586594124,260.8044990539551,299.9010006713867,302.26619956970217,45.16262916145657,-14.406357131773149,24.63072873725385,14.01628738416675,269358745.0,0.1371982762393542,0
2020-04-01,226.8892364501953,246.1499938964844,257.6600036621094,243.8999938964844,247.97999572753903,189554600,-0.0450048733405067,-0.0460490414887796,257.4689994812012,298.198000793457,302.0500995635986,41.470078460082334,-14.042277841215196,21.532414835323408,14.004410149834523,270005805.0,-0.0273320501577628,0
2020-04-02,232.12478637695312,251.8300018310547,252.67999267578125,244.58999633789065,245.19000244140625,177660400,0.0230753933593796,0.0228131825524171,254.93750000000009,296.6078009033203,301.8472496032715,43.889261041588185,-13.14389852943097,18.762633676941896,13.58195202040996,269570485.0,-0.062748147499454,0
2020-04-03,228.7696075439453,248.19000244140625,253.32000732421875,245.22000122070312,250.759994506836,135561200,-0.0144541927617123,-0.0145596722536619,252.4740005493165,294.93720092773435,301.6228996276856,42.67203533762999,-12.580622398524357,15.902138022908296,13.190384454917506,264915185.0,-0.23696445578193,0
2020-04-06,244.1352081298828,264.8599853515625,267.0,248.1699981689453,257.8399963378906,188061200,0.0671662143767928,0.0650067374854306,252.00549926757816,293.6590008544922,301.46789962768554,49.56999128259301,-10.66614106781833,15.35609023817963,13.593214267498734,258847380.0,0.3872789559254417,0
2020-04-07,244.3840484619141,265.1300048828125,275.0299987792969,264.8900146484375,274.2099914550781,201427200,0.0010194802770664,0.0010189609599744,250.84099884033208,292.4916009521484,301.3235496520996,49.67561879316637,-9.023099822546442,13.177922569849832,13.34869992180128,255096535.0,0.0710726082785817,0
2020-04-08,252.587631225586,274.0299987792969,276.0,265.25,267.9599914550781,153774500,0.0335684144856338,0.0330172948385932,250.8244995117188,291.4344006347656,301.2254995727539,53.15819654993995,-6.923018424137581,13.14709647548636,13.17164957861458,250019445.0,-0.2365752986687002,0
2020-04-09,256.431396484375,278.20001220703125,281.20001220703125,275.4700012207031,277.5799865722656,189999200,0.0152173610418941,0.0151027383769153,252.3290000915528,290.4660009765625,301.16269958496093,54.73865211310781,-4.866110064492148,14.47476301075049,12.742961282123137,239908370.0,0.2355702668517862,0
2020-04-13,254.090072631836,275.6600036621094,277.510009765625,271.4100036621094,277.1400146484375,114839100,-0.0091301525286477,-0.0091720878167882,252.6459999084473,289.42560119628905,301.08864959716794,53.55338024161831,-3.401739694399112,14.928757383479375,12.317750372323047,229172020.0,-0.3955811392890075,0
2020-04-14,261.583984375,283.7900085449219,284.8999938964844,275.510009765625,280.9800109863281,134143400,0.0294928708365609,0.029066322582236,254.84300003051763,288.66680114746094,301.0500996398925,56.77931677483535,-1.5671273090089812,16.13130948619124,12.1086242122185,221017190.0,0.1680986702264297,0
2020-04-15,256.0258483886719,277.760009765625,283.94000244140625,275.4599914550781,277.57000732421875,121775000,-0.0212481010526569,-0.0214770915029214,256.091000366211,287.7396014404297,300.9738996887207,53.79493620377767,-0.592919475966255,16.911579917528847,11.849437553226329,214002415.0,-0.0922028217564189,0
2020-04-16,257.2609558105469,279.1000061035156,280.0299987792969,275.760009765625,279.1499938964844,131798300,0.0048242954017079,0.0048126957803533,258.0460006713868,286.74040161132814,300.8910997009277,54.36891507640836,0.2839999811606617,17.210894192497392,11.308048371829582,204212475.0,0.0823099979470334,0
2020-04-17,264.2110290527344,286.6400146484375,287.29998779296875,282.3999938964844,285.3800048828125,146684800,0.0270154366894759,0.0266569616898133,260.3525016784668,285.8160021972656,300.842149810791,57.563393029271744,1.5692908359843043,17.817480896439598,11.086043608802692,197080615.0,0.1129491048063593,0
2020-04-20,259.5560913085937,281.5899963378906,286.7900085449219,281.3500061035156,282.6099853515625,100109300,-0.0176179809254499,-0.0177750248160556,262.99200134277345,284.76820190429686,300.75609985351565,54.796467558272816,2.15555097569154,16.777054701472554,10.68275495398866,184728140.0,-0.3175209701346015,0
2020-04-21,251.6751403808593,273.0400085449219,278.0400085449219,272.0199890136719,276.7300109863281,126385700,-0.0303632511955761,-0.03083376339065,265.4965019226074,283.5850018310547,300.62899993896485,50.3810150817515,1.908256606214593,13.992613830504313,10.603272980433667,174746165.0,0.2624771125160199,0
2020-04-22,257.2609558105469,279.1000061035156,281.0,276.9100036621094,278.3500061035156,92951600,0.0221945406128887,0.0219518265168923,267.294002532959,282.47340209960936,300.5403999328613,53.25602864073712,2.176179550971256,13.260825429847436,10.414467157193986,167619020.0,-0.2645402130146053,0
2020-04-23,257.24249267578125,279.0799865722656,283.94000244140625,278.75,280.489990234375,104709700,-7.172888144824086e-05,-7.173145408748019e-05,268.90850219726565,281.3498016357422,300.4498498535156,53.24505280945629,2.3596939234191723,12.581321099983237,10.041291106066293,157882990.0,0.126497015651156,0
2020-04-24,260.828125,282.9700012207031,283.70001220703125,278.5,280.7300109863281,85063200,0.0139387087415894,0.0138424583140987,269.9970016479492,280.26080139160155,300.3716499328613,55.17809345711666,2.7868964501592477,12.818800928345723,9.695485470420932,149254510.0,-0.1876282713062877,0
2020-04-27,264.5888366699219,287.04998779296875,288.2699890136719,284.6199951171875,285.1199951171875,77896600,0.0144184420774817,0.0143154848169943,271.6785011291504,279.2606011962891,300.3103498840332,57.17783652989329,3.415308795106,12.73530106185225,9.38152135060292,141932280.0,-0.0842502986015104,0
2020-04-28,263.3721008300781,285.7300109863281,291.3999938964844,285.3999938964844,291.0199890136719,105270000,-0.0045984213996644,-0.0046090266634861,272.88250198364256,278.2232012939453,300.2357499694824,56.30264139440964,3.763436456342447,12.874805221587742,9.13998411127414,138627305.0,0.3514068649979589,0
2020-04-29,270.266845703125,293.2099914550781,294.8800048828125,290.4100036621094,291.5299987792969,118745600,0.0261784908170108,0.0258416992758649,274.6555015563965,277.3528009033203,300.1980499267578,60.03572693153864,4.589991482381322,13.120484672147867,9.140699095932014,134820530.0,0.1280098793578417,0
2020-04-30,267.7504272460937,290.4800109863281,293.32000732421875,288.5899963378906,291.7099914550781,122901700,-0.0093106665813202,-0.0093542817728534,276.8720024108887,276.3956011962891,300.151549987793,58.08533012656395,4.967493514022806,11.721300569113794,8.825649945246022,131487885.0,0.0350000336854585,0
2020-05-01,260.6622314453125,282.7900085449219,290.6600036621094,281.5199890136719,285.3099975585937,125180000,-0.0264734307028382,-0.0268301619925879,278.42000274658204,275.31240112304687,300.07680007934573,52.87445431794341,4.593200113128091,10.183536135853716,8.848104566902556,128863865.0,0.0185375792198154,0
2020-05-04,261.3811340332031,283.57000732421875,283.8999938964844,279.1300048828125,280.739990234375,80873200,0.0027582260890697,0.0027544291637404,280.18900299072266,274.3142010498047,300.0005001831055,53.33177169425208,4.3098282616231245,7.3286250157134045,8.55681059881465,126129465.0,-0.3539447196037706,0
2020-05-05,263.796142578125,286.19000244140625,289.25,283.7099914550781,286.6400146484375,79569900,0.0092393237984154,0.0091969023431318,281.25550384521483,273.5896008300781,299.94560012817385,54.91444040993181,4.247700885756728,6.483789011513418,8.351323604312265,120704900.0,-0.0161153509444413,0
2020-05-06,262.00799560546875,284.25,288.4599914550781,283.7799987792969,288.0400085449219,73632600,-0.0067787219150097,-0.0068018018110079,282.21150360107424,273.02160095214845,299.8773501586914,53.4684909641484,3.995860714059688,5.278593606260975,8.089085680845765,114315170.0,-0.074617411860515,0
2020-05-07,265.1695861816406,287.67999267578125,289.7799987792969,287.1300048828125,287.75,75250400,0.0120668168013411,0.011994593193006,282.8940032958984,272.5452008056641,299.81560012817386,55.68997960177238,4.026630813344411,5.042235791078542,7.906293759306558,110388965.0,0.0219712464316077,0
2020-05-08,269.5570983886719,292.44000244140625,292.95001220703125,289.8599853515625,291.0899963378906,76452400,0.0165461967700673,0.016410799949864,283.6060028076172,272.4438006591797,299.77060012817384,58.64096265418176,4.384566789092105,5.341064229325065,7.717988457302518,104711625.0,0.0159733370188066,0
2020-05-11,269.6123962402344,292.5,294.0,289.8800048828125,290.3399963378906,79514200,0.0002051619412284,0.0002051408983954,284.44800262451173,272.3686004638672,299.7331001281738,58.678318035533295,4.619820515060326,5.34985186582138,7.460988933008587,102945380.0,0.0400484484463534,0
2020-05-12,264.2385559082031,286.6700134277344,294.239990234375,286.5199890136719,293.7900085449219,95870800,-0.0199315780248396,-0.0201328914127061,284.59200286865234,271.9202008056641,299.6564001464844,53.61124350092154,4.286418431178845,5.369931094005753,7.479489810701054,101031750.0,0.2057066536543157,0
2020-05-13,259.5653686523437,281.6000061035156,287.19000244140625,278.9599914550781,286.0599975585937,144721100,-0.0176858655832059,-0.0178441293009016,284.78400268554685,271.5474011230469,299.5571002197266,49.59993162433806,3.571912870294909,5.17801869963715,7.533098466102987,102179055.0,0.5095430516904,0
2020-05-14,262.671630859375,284.9700012207031,285.1099853515625,272.989990234375,278.95001220703125,121977900,0.0119673119465371,0.0118962698955172,285.07750244140624,270.9896014404297,299.47835021972656,52.16210199959729,3.2402410257279257,5.002260602645406,7.8607339411804515,101688035.0,-0.1571519287788719,0
2020-05-15,263.87908935546875,286.2799987792969,286.3299865722656,281.3399963378906,282.3699951171875,111146300,0.0045969665332568,0.0045864327525579,285.0595016479492,270.66600158691404,299.42260025024416,53.15895102827178,3.047959573539288,4.996986903035229,7.655680819265776,99911110.0,-0.088799692403296,0
2020-05-18,271.9167175292969,295.0,296.75,292.70001220703125,293.04998779296875,119703800,0.0304596942080668,0.0300050077334412,285.73000183105466,270.6168017578125,299.4234002685547,59.246627922069614,3.5581897630938784,5.391085793148691,7.8567037050827295,100890835.0,0.0769931162800741,0
2020-05-19,269.1239318847656,291.9700012207031,296.2099914550781,291.95001220703125,294.3500061035156,95189300,-0.0102711823027012,-0.0103242948947329,286.67650146484374,270.9716015625,299.42015029907225,56.49888890811779,3.675684285187458,4.657742542195314,7.599794815294454,99331015.0,-0.2047929973818709,0
2020-05-20,273.6957397460937,296.92999267578125,297.8699951171875,295.57000732421875,295.82000732421875,85861700,0.016988017379665,0.0168453346761308,287.56800079345703,271.1418011474609,299.4857002258301,59.78668501463838,4.121519091959954,4.834264354814194,7.478380463950877,98976520.0,-0.0979900051791535,0
2020-05-21,271.80621337890625,294.8800048828125,297.6700134277344,293.69000244140625,296.7900085449219,78293900,-0.0069039431634888,-0.0069278856410621,288.3580017089844,271.5522015380859,299.52110031127927,57.84090110653869,4.26031919820349,4.662104306026925,7.228496929834967,97655730.0,-0.0881394148962808,0
2020-05-22,272.3223876953125,295.44000244140625,295.6300048828125,293.2200012207031,294.57000732421875,63958200,0.001899069280117,0.00189726832778,288.9815017700195,272.49880157470704,299.55845031738284,58.24071942079506,4.365187243972116,4.736855792807896,6.884318839283139,96600480.0,-0.1831011100481646,0
2020-05-26,275.6775207519531,299.0799865722656,302.19000244140625,295.4599914550781,301.92999267578125,88951400,0.0123205527375436,0.0122452724269799,289.5830017089844,273.094001159668,299.5857502746582,60.84033073914737,4.687972199170247,5.218039855617512,6.874724636477201,97153220.0,0.3907739742519334,0
2020-05-27,279.7793884277344,303.5299987792969,303.57000732421875,296.8699951171875,302.1199951171875,104817400,0.0148790036338857,0.0147693971454062,290.47300109863284,274.3676010131836,299.6453002929687,63.80673015687957,5.242428938998387,5.98754000210949,6.8622451772310615,97130590.0,0.1783670633626901,0
2020-05-28,279.26318359375,302.9700012207031,306.8399963378906,302.239990234375,304.6499938964844,90405200,-0.0018449496288533,-0.0018466536446246,290.96100158691405,275.3710009765625,299.71980026245114,63.15834809776514,5.572417417790746,6.589797044110775,6.700656671965674,95713570.0,-0.1374981634728584,0
2020-05-29,280.50750732421875,304.32000732421875,304.9599914550781,299.4700012207031,302.4599914550781,119090800,0.0044559068491147,0.0044460086888185,291.6530014038086,276.6574011230469,299.7786503601074,64.10530252565603,5.875144861936519,7.232010290400381,6.614180497852054,95523025.0,0.3173003322817713,0
2020-06-01,281.6412658691406,305.54998779296875,306.2099914550781,303.0599975585937,303.6199951171875,55758300,0.004041733830006,0.0040335879653973,292.79100036621094,277.95820098876953,299.8869003295898,64.98828192972185,6.143489365689618,7.547778479316764,6.366738597754368,92051940.0,-0.5318001054657455,0
2020-06-02,283.9732360839844,308.0799865722656,308.1300048828125,305.1000061035156,306.54998779296875,74267200,0.0082801468838908,0.0082460545315198,294.0164993286133,279.5438006591797,300.0040502929688,66.79752735645758,6.4855427756317,7.950834685991553,6.128400039293118,91721640.0,0.3319487861000065,0
2020-06-03,287.75250244140625,312.17999267578125,313.2200012207031,309.94000244140625,310.239990234375,92567600,0.013308252019655,0.0132204751473091,295.31599884033204,281.32840057373045,300.1207002258301,69.54417705988115,7.00669003355182,8.693567280961076,6.057801082803431,92371525.0,0.2464129521511515,0
2020-06-04,286.99664306640625,311.3599853515625,313.0,309.0799865722656,311.1099853515625,75794400,-0.0026267132534351,-0.0026301691177292,296.67149810791017,282.69260040283206,300.2158502197266,68.32675393298881,7.269734280605121,8.985923895485042,5.905101964584213,92479615.0,-0.1811994693607698,0
2020-06-05,294.3522033691406,319.3399963378906,321.2699890136719,317.1600036621094,317.2300109863281,150524700,0.0256295328936302,0.025306602492798,298.25449829101564,284.1436004638672,300.3621002197266,73.23683524374262,8.0295591764297,10.044861444450314,6.191166371550295,96243330.0,0.9859607042208922,0
2020-06-08,297.9102478027344,323.20001220703125,323.4100036621094,319.6300048828125,320.2200012207031,73641200,0.012087480157219,0.0120150099724083,299.79249877929686,285.3836004638672,300.5158502197266,75.23659044022514,8.84128012794531,11.374595377039013,6.039655011026613,96102770.0,-0.5107699932303469,0
2020-06-09,295.6888427734375,320.7900085449219,323.2799987792969,319.3599853515625,320.29998779296875,77479200,-0.0074566942174668,-0.0074846343424244,301.20699920654295,286.7310006713867,300.6580003356934,71.63749744695136,9.18423750291953,12.1524215229845,5.8882520407914525,96001020.0,0.0521175646241505,0
2020-06-10,294.03887939453125,319.0,322.3900146484375,318.2200012207031,321.4200134277344,95000800,-0.0055800009265912,-0.0055956272889505,302.82349853515626,287.87800079345703,300.8287503051758,68.9974069343142,9.2054799212911,12.266666747281,5.765520711287375,95957520.0,0.2261458559200404,0
2020-06-11,277.0877685546875,300.6099853515625,312.1499938964844,300.010009765625,311.4599914550781,209243600,-0.0576489487411834,-0.0593774079486081,303.7739974975586,288.7352005004883,300.8918002319336,49.01267030679649,7.65020737203406,11.228125383104498,6.710125677222206,99183645.0,1.2025456627733662,0
2020-06-12,280.4060974121094,304.2099914550781,309.0799865722656,298.6000061035156,308.239990234375,194678900,0.0119756703999882,0.0119045294695507,304.73599700927736,289.89640045166016,300.978500213623,51.94689240717212,6.631687116662533,10.319720891512397,6.979401019474191,102818695.0,-0.0696064300174533,0
2020-06-15,283.02392578125,307.04998779296875,308.2799987792969,296.739990234375,298.0199890136719,135782700,0.0093356445141941,0.0092923367137782,305.7744964599609,291.00080017089846,301.0693000793457,54.18675313177736,5.984678794061779,9.365662948395933,7.305158699863312,104050515.0,-0.3025299608740341,0
2020-06-16,288.471435546875,312.9599914550781,315.6400146484375,307.6700134277344,315.4800109863281,137627500,0.0192476922229818,0.0190647985233274,306.67249603271483,292.2961999511719,301.17120010375976,58.51981485390433,5.881015257445199,9.136424230005408,7.396934996692272,104946700.0,0.0135864141750017,0
2020-06-17,287.2731628417969,311.6600036621094,314.3900146484375,310.8599853515625,314.07000732421875,83398900,-0.0041538465889028,-0.0041624977750896,307.65699615478513,293.2322003173828,301.2672500610352,57.23742492756343,5.629074540059321,8.508007916232593,7.120727446705324,104357180.0,-0.3940244500554032,0
2020-06-18,287.3838195800781,311.7799987792969,312.29998779296875,309.510009765625,310.010009765625,80828700,0.0003850193023728,0.0003849452014608,308.3994964599609,294.1652001953125,301.3724501037598,57.330373981589744,5.377108351569007,8.163597595391904,6.811388202465212,104105530.0,-0.0308181522777878,0
2020-06-19,285.74151611328125,308.6400146484375,314.3800048828125,306.5299987792969,314.1700134277344,135549600,-0.0100711531950518,-0.0101222103506049,309.0874969482422,294.85740051269534,301.44545013427734,54.02138442334302,4.867938292010081,7.518596213274895,6.885575195397385,106968315.0,0.6769983928975722,0
2020-06-22,287.5744934082031,310.6199951171875,311.04998779296875,306.75,307.989990234375,74649400,0.0064151774714154,0.0063946878036367,309.84649658203125,295.50580017089845,301.5094500732422,55.75553846466738,4.571487960324191,6.800268287234614,6.700890380938197,107502875.0,-0.4492835095050077,0
2020-06-23,288.8983764648437,312.04998779296875,314.5,311.6099853515625,313.489990234375,68471200,0.0046036723271525,0.0045931078389241,310.49499664306643,296.2335998535156,301.5794500732422,57.01646984357257,4.401203065358232,6.321042202258956,6.499398559643504,106478865.0,-0.0827628889180622,0
2020-06-24,281.529052734375,304.0899963378906,310.510009765625,302.1000061035156,309.8399963378906,132813500,-0.0255087061895968,-0.0258396940811995,310.5229965209961,296.639599609375,301.6088999938965,48.696958023913695,3.582647740232176,6.289728760513327,6.745868783201334,107878670.0,0.9396987346504808,0
2020-06-25,284.5471496582031,307.3500061035156,307.6400146484375,301.2799987792969,303.4700012207031,89468000,0.0107205426185825,0.0106634850315159,310.7419967651367,297.2313995361328,301.655,51.7989790587832,3.160559330166393,6.085850620735553,6.718307860768426,107831810.0,-0.3263636603206752,0
2020-06-26,277.7886657714844,300.04998779296875,306.3900146484375,299.4200134277344,306.1600036621094,127961000,-0.0237514825624836,-0.0240380964593392,310.5284957885742,297.65039916992185,301.65399993896483,45.20724875048657,2.2115078692430643,6.390286345293469,6.804856776126485,108275320.0,0.4302432154513345,0
2020-06-29,281.8715209960937,304.4599914550781,304.6099853515625,298.92999267578125,301.4100036621094,79773300,0.014697563211208,0.0145906008130825,310.4739959716797,298.00679870605467,301.66984985351564,49.39669655067839,1.7945418273860696,6.439439458706434,6.72450934038754,109476070.0,-0.3765811458178664,0
2020-06-30,285.482177734375,308.3599853515625,310.20001220703125,303.82000732421875,303.989990234375,113394800,0.0128095447872986,0.0127281965214429,310.48799591064454,298.5421984863281,301.706199798584,52.83145216711334,1.7585190361648415,6.434263014421218,6.699901879132179,111432450.0,0.4214630709773821,0
2020-07-01,287.4820861816406,310.5199890136719,311.8900146484375,309.07000732421875,309.57000732421875,72396500,0.007004811793744,0.0069803920703357,310.4049957275391,299.29179809570314,301.7579997253418,54.666760236152925,1.8825639330553368,6.421983052206516,6.473482408970952,110423895.0,-0.3615536162152056,0
2020-07-02,289.0650329589844,312.2300109863281,315.70001220703125,311.510009765625,314.239990234375,69344200,0.0055069626212724,0.0054918547429179,310.44849700927733,299.9543981933594,301.81454971313474,56.122326388902245,2.094708395012674,6.431731732165257,6.381092464998696,110101385.0,-0.0421608779429945,0
2020-07-06,293.5274353027344,317.04998779296875,317.67999267578125,315.5599975585937,316.3699951171875,61713800,0.0154372630337948,0.0153193207441511,310.33399658203126,300.71379821777344,301.89429962158204,60.019022514523286,2.6215466971327714,6.283792861154096,6.314584552459727,105660840.0,-0.1100366000328795,0
2020-07-07,290.50006103515625,313.7799987792969,317.5199890136719,313.3699951171875,315.3800048828125,82910000,-0.0103137963714641,-0.0103673521296334,309.86299591064454,301.32999816894534,301.9577996826172,56.36201789925399,2.743582748163192,5.582579775977104,6.159970934175774,106124280.0,0.3434596475990783,0
2020-07-08,292.7220153808594,316.17999267578125,316.29998779296875,312.70001220703125,314.6099853515625,54638600,0.0076486516215854,0.0076195489888347,309.6324951171875,301.91259826660155,302.0472996520996,58.36705428223825,2.999381643155459,5.188960817032292,5.9771141235873255,104982250.0,-0.3409890242431552,0
2020-07-09,291.0555725097656,314.3800048828125,317.1000061035156,310.67999267578125,316.8399963378906,83354200,-0.0056929212305172,-0.0057091876716751,309.4014953613281,302.48559814453125,302.1281497192383,56.27850718644162,3.022024125625933,4.841174587542529,6.008749788169257,104399920.0,0.5255551935810947,2
2020-07-10,294.0274353027344,317.5899963378906,317.8800048828125,312.760009765625,314.3099975585937,57550400,0.0102105458528594,0.0101587703685977,310.25049591064453,302.9731982421875,302.2367497253418,59.08992730546487,3.2613926353668603,4.705245212530774,5.94526731167056,96815260.0,-0.3095680841517284,2
2020-07-13,291.4814147949219,314.8399963378906,322.7099914550781,314.1300048828125,320.1300048828125,102997500,-0.0086589629135365,-0.0086966695576544,310.78199615478513,303.4603979492188,302.32284973144533,55.78068828868964,3.1923919790627338,4.585866660870366,6.133461544570208,92231190.0,0.7896921654758264,2
2020-07-14,295.2587890625,318.9200134277344,319.760009765625,312.0,313.29998779296875,93657000,0.0129590177147156,0.0128757680954667,311.37549743652346,304.182998046875,302.432449798584,59.41248180146392,3.427422549193068,4.8385940263675975,6.249643560359836,90124905.0,-0.0906866671521153,2
2020-07-15,297.9713134765625,321.8500061035156,323.0400085449219,319.2699890136719,322.4100036621094,87196500,0.009187233639839,0.0091452877244121,311.8199981689453,304.94859802246094,302.5646998596192,61.83655629959145,3.806235972301238,5.370881253700032,6.097525814418954,87603355.0,-0.0689804285851565,2
2020-07-16,296.99005126953125,320.7900085449219,321.2799987792969,319.0899963378906,319.7900085449219,54622500,-0.003293452038192,-0.0032988873886812,312.276498413086,305.6405981445312,302.6847999572754,60.43040521434637,3.9750929974434825,5.732403655997025,5.859131810933671,86164535.0,-0.373570040081884,2
2020-07-17,297.8509826660156,321.7200012207031,322.57000732421875,319.739990234375,321.8800048828125,62774900,0.0028990699554503,0.002894875756376,312.77349853515625,306.38999816894534,302.827200012207,61.2626966430008,4.136275632332968,6.105828245876941,5.642766473712962,85261845.0,0.1492498512517734,2
2020-07-20,300.2581481933594,324.32000732421875,325.1300048828125,320.6199951171875,321.42999267578125,56308800,0.0080815805472163,0.0080490994568275,313.5574981689453,307.12279846191404,303.00850006103514,63.56973928134635,4.422829173540094,6.538488077502935,5.561855280278108,81299805.0,-0.1030045448101072,2
2020-07-21,300.8968811035156,325.010009765625,326.92999267578125,323.94000244140625,326.45001220703125,57292200,0.0021275358467678,0.0021252758472971,314.2769989013672,307.7741986083984,303.18145004272463,64.17944392580192,4.6519772518796,6.975378397836878,5.378150634142171,80431945.0,0.017464410536186,2
2020-07-22,302.6095886230469,326.8599853515625,327.20001220703125,324.5,324.6199951171875,57792900,0.0056920572608565,0.0056759187149831,315.0174987792969,308.4613983154297,303.3439999389648,65.83062358555192,4.926071636330107,7.493391264489243,5.186855032205677,79898030.0,0.0087394095531327,2
2020-07-23,298.9989929199219,322.9599914550781,327.2300109863281,321.4800109863281,326.4700012207031,75738000,-0.0119316957451663,-0.0120034497627368,315.96099853515625,309.1871978759765,303.4933999633789,59.59403088698476,4.773569756207564,7.228366579421626,5.227079672762415,77044255.0,0.3105069999948091,2
2020-07-24,297.0732727050781,320.8800048828125,321.989990234375,319.25,320.95001220703125,73766600,-0.0064403846522733,-0.0064612134078021,316.6374984741211,309.9727978515625,303.6551499938965,56.518693189152415,4.433763716087981,7.009883151536064,5.118716228642108,76259185.0,-0.0260292059468166,2
2020-07-27,299.2397155761719,323.2200012207031,323.4100036621094,320.7699890136719,321.6300048828125,48293000,0.0072924342504456,0.0072659730184517,317.79599914550784,310.7377978515625,303.8149000549316,59.077245153506254,4.303673065272392,5.96027255587012,4.94166611577035,72275785.0,-0.3453270179186786,2
2020-07-28,297.3417663574219,321.1700134277344,323.6400146484375,320.8500061035156,322.42999267578125,57495000,-0.0063423915142212,-0.0063625899287418,318.6315002441406,311.43559814453124,303.9545501708984,55.97005272167866,3.989173693652731,5.101835373594935,4.787976289281174,71161870.0,0.190545213592032,2
2020-07-29,300.9986267089844,325.1199951171875,325.7300109863281,322.0799865722656,322.1199951171875,48454200,0.0122987250500019,0.0122237101631192,319.46950073242186,312.037998046875,304.0987501525879,60.30255645462705,4.012408637626095,4.685349004401718,4.771692094232072,67914840.0,-0.1572449778241585,2
2020-07-30,299.9248352050781,323.9599914550781,324.4100036621094,319.6400146484375,321.8999938964844,61861700,-0.0035679247032814,-0.0035743049272523,320.14150085449216,312.6777978515625,304.2388000488281,58.482577986211744,3.892351294330126,4.280534117022426,4.822284120983353,67388100.0,0.2767045993948924,2
2020-07-31,302.2948608398437,326.5199890136719,326.6300048828125,321.3299865722656,325.8999938964844,84986800,0.0079022028216986,0.0078711439321145,320.8559997558594,313.2695977783203,304.3769999694824,61.26127218657606,3.958148322982311,4.078310665965824,4.856407991666463,68170230.0,0.3738193421777933,2
2020-08-03,304.3964233398437,328.7900085449219,329.6199951171875,327.7300109863281,328.32000732421875,53077900,0.0069521609935951,0.006928106146781,321.44300079345703,313.9477978515625,304.5289500427246,63.58842331166957,4.14567577729116,4.338269749171203,4.730950713941403,67738435.0,-0.3754571298131004,2
2020-08-04,305.5722351074219,330.0599975585937,330.0599975585937,327.8599853515625,327.8599853515625,41917900,0.0038626143759423,0.0038551736353533,322.2570007324219,314.64019775390625,304.6828500366211,64.86026418695923,4.3466644929851554,4.352072823038291,4.550169392019245,65688830.0,-0.2102569996175433,2
2020-08-05,307.4700927734375,332.1099853515625,332.3900146484375,331.17999267578125,331.4700012207031,42697700,0.0062109550025215,0.0061917465158341,323.0535003662109,315.30079772949216,304.8535499572754,66.87179719706035,4.618131436139038,4.630182814030604,4.391587084721,65091785.0,0.0186030311632978,2
2020-08-06,309.5254211425781,334.3299865722656,334.4599914550781,331.1300048828125,331.4800109863281,43679400,0.0066845362037311,0.0066622937568773,324.0509994506836,315.91679748535154,305.02524993896486,68.94502255292987,4.955285048111875,4.808779217660385,4.3157584766884725,63108045.0,0.0229918707565044,2
2020-08-07,309.7475891113281,334.57000732421875,334.8800048828125,332.29998779296875,333.2799987792969,57308300,0.000717915716786,0.00071765813857,324.9,316.5487976074219,305.2030499267578,69.16967286726107,5.182113208097007,5.0982541928585885,4.191776949056707,63095940.0,0.3120212273978122,2
2020-08-10,310.6734619140625,335.57000732421875,335.7699890136719,332.9599914550781,335.0599975585937,44282100,0.0029889110742402,0.0029844531601988,325.9365005493164,317.1737976074219,305.38149993896485,70.13888258289518,5.380544237052902,5.052411802024723,4.093078421166496,60160170.0,-0.2273004084923126,2
2020-08-11,308.10894775390625,332.79998779296875,337.5400085449219,332.010009765625,336.8500061035156,69601100,-0.0082546695794946,-0.0082889280227747,326.6304992675781,317.7187976074219,305.54364990234376,64.12525858809451,5.253723180470672,4.990802680536675,4.19571558960438,58957375.0,0.571766018323431,2
2020-08-12,312.4046936035156,337.44000244140625,338.2799987792969,335.4100036621094,335.44000244140625,53774400,0.0139423522194477,0.0138460516982754,327.40999908447264,318.3059979248047,305.7228498840332,68.93066946067373,5.464634083246324,5.405133822811648,4.287450975084648,57286270.0,-0.2273915211110169,2
2020-08-13,311.8399353027344,336.8299865722656,338.25,335.8299865722656,336.6099853515625,41816100,-0.00180777579637,-0.0018094117950114,328.21199798583984,318.7989978027344,305.8904998779297,67.64774369333617,5.518940401179066,5.558974753912403,4.154062578845342,56645950.0,-0.2223790502543962,2
2020-08-14,311.8491516113281,336.8399963378906,337.4200134277344,335.6199951171875,336.4100036621094,47260400,2.971756085878852e-05,2.971711930082481e-05,328.9679977416992,319.30859802246096,306.05864990234375,67.65838067110693,5.4993926782852895,5.656888799579298,3.985916559681166,55870225.0,0.1301962641183658,2
2020-08-17,312.83990478515625,337.9100036621094,338.3399963378906,336.8500061035156,337.94000244140625,35481000,0.0031766041320859,0.0031715693846286,329.6474975585937,319.6799981689453,306.2274998474121,68.83785513930536,5.506763078767392,5.88096251458782,3.808351091132512,54828835.0,-0.2492446107100235,2
2020-08-18,313.51568603515625,338.6400146484375,339.1000061035156,336.6099853515625,338.3399963378906,38733900,0.0021603710408588,0.0021580407948689,330.3289978027344,319.9887982177734,306.404049987793,69.65105575728721,5.508016968894708,6.100901144773433,3.714184638333984,53900920.0,0.0916800541134692,2
2020-08-19,312.2103271484375,337.2300109863281,339.6099853515625,336.6199951171875,339.04998779296875,68054200,-0.0041637243123001,-0.004172416749373,330.84749908447264,320.3175982666016,306.55949996948243,66.06499775007822,5.3337510126849,6.229860033817213,3.662456466622628,54413985.0,0.7569674109759152,2
2020-08-20,313.18231201171875,338.2799987792969,338.79998779296875,335.2200012207031,335.3599853515625,42207800,0.0031135656933312,0.0031087285855023,331.6134994506836,320.7031982421875,306.714049987793,67.4105939285758,5.22019407876661,6.150336356515215,3.656565759882842,52737475.0,-0.3797914015593453,2
2020-08-21,314.29327392578125,339.4800109863281,339.7200012207031,337.54998779296875,337.9200134277344,55106600,0.0035473933172565,0.0035411161582373,332.5434997558594,321.4805987548828,306.8763000488281,68.9270686839058,5.167463049291598,5.84034153388727,3.550383450443665,51804475.0,0.3056022820426556,2
2020-08-24,317.4781188964844,342.9200134277344,343.0,339.45001220703125,342.1199951171875,48588700,0.0101331516733831,0.0100821555039002,333.5285003662109,322.254799194336,307.0554000854492,72.83011975332026,5.341677246034067,5.846375766306151,3.550355189195457,51819260.0,-0.1182780284031314,2
2020-08-25,318.589111328125,344.1199951171875,344.2099914550781,342.2699890136719,343.5299987792969,38463400,0.0034993049179556,0.0034931965962736,334.6759994506836,322.99619934082034,307.23510009765624,74.05441463507762,5.51302107060593,5.537121430995992,3.4353299929248,50867680.0,-0.2083879585171038,2
2020-08-26,321.7831115722656,347.57000732421875,347.8599853515625,344.1700134277344,344.760009765625,50790200,0.0100256080901557,0.0099756850764556,335.7985000610352,323.68839965820314,307.4282501220703,77.23107979969971,5.8596530058529765,5.768665944960856,3.457091438742671,50984480.0,0.3204812887056267,2
2020-08-27,322.4867553710937,348.3299865722656,349.8999938964844,346.5299987792969,348.510009765625,58034100,0.0021865501396325,0.0021841631178046,337.0169998168945,324.42179931640624,307.6281500244141,77.8737405159377,6.125079185667346,5.709943607306014,3.450870272917302,50793100.0,0.1426239707660139,2
2020-08-28,324.56982421875,350.5799865722656,350.7200012207031,348.1499938964844,349.44000244140625,48588900,0.0064593922049063,0.0064386197347805,338.2199996948242,325.19779907226564,307.8360499572754,79.70053379227926,6.442719877138245,5.912915674810921,3.387951490867405,48973205.0,-0.1627525885643096,2
2020-08-31,323.3939514160156,349.3099975585937,351.29998779296875,349.0599975585937,350.3500061035156,66099200,-0.0036225371165337,-0.0036291143932043,339.2459991455078,326.0111987304688,308.0370999145508,75.89181864811074,6.5168526927027415,5.970535926955031,3.305954258260809,49624270.0,0.3603765469068039,2
2020-09-01,326.44000244140625,352.6000061035156,352.7099914550781,349.239990234375,350.2099914550781,54908700,0.0094185925622414,0.0093745141740858,340.3729995727539,326.8507989501953,308.25235000610354,78.7278463532887,6.763118655002529,6.265372519128658,3.31767189843526,50273810.0,-0.1692985694229279,2
2020-09-02,331.1616516113281,357.70001220703125,358.75,353.42999267578125,354.6700134277344,69540000,0.0144639989087758,0.0143603931176246,341.65250091552736,327.7637994384765,308.4819000244141,82.21961548529924,7.285827589221526,7.052615984796664,3.5199806125816258,51615925.0,0.2664659698736265,2
2020-09-03,319.7649230957031,345.3900146484375,356.3800048828125,342.5899963378906,355.8699951171875,148011100,-0.0344143056709456,-0.0350204246264439,342.20550231933595,328.5897998046875,308.64875015258787,57.62988504867643,6.630333899514142,6.879726256393516,4.347840273764411,56832510.0,1.1284311187805578,2
2020-09-04,317.1541748046875,342.57000732421875,347.8299865722656,334.8699951171875,346.1300048828125,139156300,-0.0081647042607446,-0.008198218003101,342.6055023193359,329.2941998291016,308.80195022583007,53.66996352398142,5.816253257503604,6.640839016322095,4.962993929572534,60924910.0,-0.059825242836517,2
2020-09-08,308.4884948730469,333.2099914550781,342.6400146484375,332.8800048828125,336.7099914550781,114465300,-0.0273229286540604,-0.0277031415589926,342.4875015258789,329.9573999023437,308.9141502380371,43.08721879812044,4.365490767706262,6.791686345131827,5.305637917861995,64434070.0,-0.1774335764891708,2
2020-09-09,314.58038330078125,339.7900085449219,342.4599914550781,336.6099853515625,337.54998779296875,91462300,0.0197473582983205,0.019554908673632,342.8370025634766,330.66400024414065,309.0617503356934,50.47962858659036,3.704005955029743,6.437548533710532,5.587378066586139,65527130.0,-0.2009604657481349,2
2020-09-10,309.1181030273437,333.8900146484375,342.5299987792969,332.8500061035156,341.82000732421875,90569500,-0.0173636473943122,-0.0175161635898977,342.6595031738281,331.17460083007813,309.17640045166013,44.85382077411715,2.6728829453211915,6.639948688456686,5.879707681528646,67366885.0,-0.0097613989589152,2
2020-09-11,309.2754821777344,334.0599975585937,336.9700012207031,331.0,335.82000732421875,84680200,0.0005090985135784,0.0005089689668963,342.5210037231445,331.64540100097656,309.2798504638672,45.043851318297015,1.848122723193569,6.795021568391401,5.886157220041108,69510090.0,-0.0650252016407288,2
2020-09-14,313.3489990234375,338.4599914550781,340.3800048828125,334.2200012207031,337.489990234375,65605700,0.0131712684207652,0.0130852814799498,342.6020034790039,332.1700006103516,309.40175048828127,49.860242073684994,1.531878498474839,6.733110646977019,5.917146513196657,70427355.0,-0.2252533650133089,2
2020-09-15,314.93212890625,340.1700134277344,342.0199890136719,338.4700012207031,341.1199951171875,52920900,0.0050523607393142,0.0050396403919924,342.7150039672851,332.63240112304686,309.52520050048827,51.63433706335525,1.403063511132359,6.668879539066306,5.7487787307250215,71299350.0,-0.1933490535121186,2
2020-09-16,313.68231201171875,338.82000732421875,343.0599975585937,338.5199890136719,341.510009765625,82096000,-0.0039686217192169,-0.0039765175958138,342.7240036010742,333.1332012939453,309.6477505493164,50.12641125615069,1.1784579656562073,6.663209961610396,5.66243800316765,73467455.0,0.5512963687314463,2
2020-09-17,310.9233703613281,335.8399963378906,337.70001220703125,332.989990234375,333.5599975585937,91523300,-0.008795262741012,-0.0088341693616479,342.6545028686523,333.5264013671875,309.76875045776364,46.87235568270022,0.7513335654118691,6.730441320362888,5.674407937930228,74640910.0,0.1148326349639445,2
2020-09-18,307.34381103515625,330.6499938964844,335.489990234375,327.9700012207031,335.3699951171875,105877900,-0.0154537949559305,-0.0155744495064669,342.27300262451166,333.85180114746095,309.87425048828123,41.78478031178286,-0.0058875533579225,7.19187797697994,5.831235593591463,77824415.0,0.1568409355868942,2
2020-09-21,303.9232482910156,326.9700012207031,327.1300048828125,321.7300109863281,325.70001220703125,99450800,-0.0111295712799357,-0.0111919683588186,341.6475021362304,334.0394012451172,309.95180053710936,38.58665631513855,-0.8926455373184581,7.951481491675932,6.051860401917518,80041625.0,-0.0607029417848294,2
2020-09-22,307.0184631347656,330.29998779296875,330.8999938964844,325.8599853515625,328.57000732421875,63612100,0.0101843794838472,0.0101328681366275,341.01650085449216,334.3486010742188,310.0432005310059,42.84929916859875,-1.3115863903566949,8.336598589382119,5.979585269274972,80792795.0,-0.3603661307903003,2
2020-09-23,299.8984375,322.6400146484375,331.20001220703125,322.1000061035156,330.8999938964844,93112200,-0.0231909580006781,-0.0234640994724231,339.94250183105464,334.4230010986328,310.0820506286621,36.56259946078632,-2.235921538707032,9.249388985125748,6.202472471720733,83525235.0,0.4637498211818192,2
2020-09-24,300.6978454589844,323.5,326.79998779296875,319.79998779296875,321.2200012207031,76681300,0.0026654640234242,0.0026619179740412,338.7390014648437,334.4560009765625,310.13015060424806,37.66829733240806,-2.8660323358517417,9.756729119600031,6.25943872374068,84819790.0,-0.1764634494727865,2
2020-09-25,305.55908203125,328.7300109863281,329.5799865722656,321.6400146484375,322.5799865722656,71069400,0.0161669582266712,0.0160376646190241,337.7590026855468,334.61480102539065,310.2061506652832,44.05462919038767,-2.9098386955502638,9.726974003611014,6.379476809461211,85471555.0,-0.073184726915167,2
2020-09-28,310.6343688964844,334.19000244140625,334.9599914550781,332.1499938964844,333.2200012207031,64584600,0.0166093489264818,0.0164729222568055,336.93950347900386,334.8642010498047,310.3050006103516,49.83334911137524,-2.475444488691835,9.26963065749279,6.368798499410411,86271340.0,-0.0912460214944829,2
2020-09-29,308.94256591796875,332.3699951171875,334.7699890136719,331.6199951171875,333.9700012207031,51304000,-0.0054460256468559,-0.005460909306988,336.0925033569336,335.02520080566404,310.3812005615234,48.05162117395346,-2.252082722986131,8.84396343859264,6.1388838849156935,85531580.0,-0.20563106375204,2
2020-09-30,311.2850036621094,334.8900146484375,338.2900085449219,332.8800048828125,333.0899963378906,104081100,0.0075819705998476,0.0075533719259945,335.2070037841797,335.2228009033203,310.4690505981445,50.68098775481551,-1.850392229151339,7.945088648635419,6.123250280831313,87990200.0,1.0287131607671918,2
2020-10-01,313.2834777832031,337.0400085449219,338.739990234375,335.010009765625,337.69000244140625,88698700,0.0064200000072902,0.0063994795878114,334.1740036010742,335.4264013671875,310.55675064086915,52.87263330066104,-1.343080879228978,5.9623685245810485,5.960873516910326,88948135.0,-0.1477924426240691,2
2020-10-02,310.3090515136719,333.8399963378906,337.010009765625,331.19000244140625,331.70001220703125,89431100,-0.0094944580046933,-0.0095398177099599,333.59650268554685,335.64400146484377,310.6281005859375,49.356998309578266,-1.1855805859278803,5.346368373529174,5.952954415953562,86019135.0,0.008257167241459,2
2020-10-05,315.8116760253906,339.760009765625,339.9599914550781,336.010009765625,336.0599975585937,45713100,0.0177330861870204,0.0175776894340879,333.4560028076172,336.0216015625,310.7289506530762,55.281066093876426,-0.5764202469590032,5.130710788123312,5.96488589461313,81346975.0,-0.4888456029278405,2
2020-10-06,311.3221435546875,334.92999267578125,342.1700134277344,334.3800048828125,339.9100036621094,90128900,-0.0142159670091122,-0.0143179818486385,333.54200286865233,336.25580139160155,310.79910064697265,50.128797170662914,-0.4778894900113073,5.140775463579307,6.095251798206612,80130155.0,0.9716208264151852,2
2020-10-07,316.7412414550781,340.760009765625,341.6300048828125,338.0899963378906,338.1199951171875,56999600,0.0174066736850506,0.0172569129339136,333.5905029296875,336.64760131835936,310.8992506408691,55.517864235669954,0.069825594422582,5.20697345412598,6.1384489702655145,78407020.0,-0.3675768815551948,2
2020-10-08,319.54840087890625,343.7799987792969,343.8500061035156,341.8599853515625,342.8500061035156,45242500,0.0088625100572952,0.0088234685161784,334.08500213623046,337.02080139160154,311.0120506286621,58.04686183027109,0.7390621705606009,5.684625653469406,5.920702353667308,76140670.0,-0.2062663597639281,2
2020-10-09,322.4019470214844,346.8500061035156,347.3500061035156,344.8900146484375,345.5599975585937,59528600,0.0089301510708006,0.0088905130791148,334.72450256347656,337.4786016845703,311.14015060424805,60.50509242080426,1.4998713296313897,6.360858485209973,5.752795565849554,74883090.0,0.3157672542410343,2
2020-10-12,327.5886535644531,352.42999267578125,354.0199890136719,349.0599975585937,349.5899963378906,80388500,0.0160876069599962,0.0159595727617591,335.4230026245117,337.9968017578125,311.28760055541994,64.56880003815363,2.523981464814767,7.464027235455395,5.854023233300032,75622230.0,0.3504181183498351,2
2020-10-13,325.4507751464844,350.1300048828125,352.4700012207031,349.0899963378906,352.2799987792969,73255500,-0.0065260841607331,-0.0065474721519732,335.92100219726564,338.4236016845703,311.4239506530762,61.7485651421258,3.114108824111213,8.10238457827548,5.6773076368366375,76638960.0,-0.0887315971811888,2
2020-10-14,323.4058532714844,347.92999267578125,351.92999267578125,347.1400146484375,350.75,57727900,-0.0062834152353425,-0.006303238972997,336.3765014648437,338.78100158691404,311.5582006835937,59.08992095526341,3.3654713503595985,8.519284968645914,5.613926950444289,75420555.0,-0.2119649719133717,2
2020-10-15,323.0061340332031,347.5,348.0199890136719,343.1300048828125,343.7099914550781,60357700,-0.0012358597557926,-0.0012366240602409,336.9595016479492,339.0888018798828,311.68640075683595,58.55922071070896,3.4897534426530115,8.872288937452693,5.5622167490453664,73862275.0,0.0455550955430563,2
2020-10-16,322.8109741210937,347.2900085449219,350.75,347.1000061035156,348.9599914550781,89501900,-0.0006042919570593,-0.0006044746150335,337.79150238037107,339.34800231933593,311.7985008239746,58.28391839259338,3.5306047271769785,9.02831128672708,5.425629402433867,73043475.0,0.4828580280560723,2
2020-10-19,317.90313720703125,342.010009765625,349.3299865722656,341.0400085449219,348.6499938964844,68425600,-0.0152034284010043,-0.0153201854349761,338.5435028076172,339.4968023681641,311.89650085449216,51.70218401440325,3.1011794238010566,8.699904758916018,5.630225732784574,71492215.0,-0.2354843863649821,2
2020-10-20,319.17657470703125,343.3800048828125,346.8800048828125,342.6400146484375,343.4599914550781,60051900,0.0040057164353941,0.0039977149140797,339.1975036621094,339.65300231933594,311.99520080566407,53.179579607501815,2.838681381515244,8.537719354176943,5.57592354595621,71314205.0,-0.122376712809241,2
2020-10-21,318.5724182128906,342.7300109863281,345.6700134277344,342.3999938964844,343.3299865722656,63575000,-0.0018929287880528,-0.0018947226418669,340.2020034790039,339.85160278320313,312.09520080566404,52.36120177856549,2.5488195118393837,7.619601286564178,5.411216116334338,69837345.0,0.0586675858715544,2
2020-10-22,320.31988525390625,344.6099853515625,345.239990234375,340.6499938964844,342.9599914550781,55399300,0.0054852925188082,0.0054703030910806,341.257502746582,339.99500244140626,312.19600067138674,54.54023319178591,2.4426428452249525,6.5746721409429965,5.352557560731215,68773245.0,-0.1285992921745969,2
2020-10-23,321.40740966796875,345.7799987792969,345.989990234375,343.1300048828125,345.92999267578125,49143900,0.0033951814441497,0.0033894308282106,342.1100021362305,340.1740026855469,312.2916506958008,55.8924285548115,2.42495401695345,5.939518755237701,5.174516688647736,67676970.0,-0.1129147841218209,2
2020-10-26,315.4678039550781,339.3900146484375,342.9800109863281,335.6199951171875,342.1300048828125,91473000,-0.0184799125265135,-0.0186527993787816,342.37000274658203,340.2250030517578,312.3600508117676,47.570180521718015,1.8737181209233995,5.682844489072487,5.5306229010378525,69021390.0,0.8613296868990861,2
2020-10-27,314.3803100585937,338.2200012207031,340.1199951171875,337.989990234375,339.760009765625,65994100,-0.0034474008581141,-0.0034533568368228,342.6625030517578,340.2312030029297,312.4114007568359,46.21333399947721,1.3271508278506872,5.277115139717751,5.287721614021756,69755895.0,-0.2785401156625452,2
2020-10-28,303.635009765625,326.6600036621094,338.25,326.1300048828125,332.1000061035156,127094300,-0.0341789294449512,-0.0347766890949763,342.2510025024414,339.9916027832031,312.4074507141113,35.45348003376343,-0.0383606836792864,6.161820887970408,5.775741149962166,70906555.0,0.925843370846788,2
2020-10-29,306.7210388183594,329.9800109863281,333.3999938964844,325.0899963378906,326.9100036621094,90597700,0.0101634950315279,0.0101121940214581,341.8980026245117,339.84660278320314,312.4164007568359,39.7893697913892,-0.8429248371206199,6.658288435595087,5.9567594648644215,71001505.0,-0.2871615800236518,2
2020-10-30,303.5235900878906,326.5400085449219,329.69000244140625,322.6000061035156,328.2799987792969,120287300,-0.010424881286366,-0.0104796009911301,341.53300323486326,339.61180297851564,312.3945007324219,37.01486213369152,-1.7380915357168192,7.293094494053365,6.058419851860712,72544315.0,0.3277080985499632,2
2020-11-02,306.9255676269531,330.20001220703125,332.3599853515625,327.239990234375,330.20001220703125,86068300,0.0112084386792863,0.0111460895885366,341.0550033569336,339.4262030029297,312.38575073242185,41.67482414877219,-2.1276595511926644,7.716417292519559,6.041388205773564,74562075.0,-0.2844772473902066,2
2020-11-03,312.3446655273437,336.0299987792969,338.25,330.2900085449219,333.69000244140625,93294200,0.0176559247629897,0.0175018696044116,341.11000366210936,339.28840270996096,312.4094007873535,48.24352790370646,-1.94355967092946,7.67426744422126,6.184859604858935,74720340.0,0.0839554168027021,2
2020-11-04,319.3252868652344,343.5400085449219,347.94000244140625,339.5899963378906,340.8599853515625,126959700,0.0223492241553038,0.0221031400229916,341.2490036010742,339.2768029785156,312.4704008483887,55.23710568427028,-1.178083946731192,7.692748614409606,6.593798466091109,78218345.0,0.3608530862583097,2
2020-11-05,325.55303955078125,350.239990234375,352.19000244140625,348.8599853515625,349.239990234375,82039700,0.019502769758408,0.0193150278098574,341.57200317382814,339.33020263671875,312.56300079345704,60.38062275955376,-0.0304553220983621,7.936373867776956,6.7406695682620565,80058205.0,-0.3538130603648244,2
2020-11-06,325.47869873046875,350.1600036621094,351.510009765625,347.6499938964844,349.92999267578125,74973000,-0.0002283764689808,-0.0002284025508577,341.7375030517578,339.36680297851564,312.6699508666992,60.29155374328344,0.8626502876992959,8.085344788021535,6.534908589753384,80830425.0,-0.0861375651056745,2
2020-11-09,329.5684814453125,354.5599975585937,364.3800048828125,354.0599975585937,363.9700012207031,172304200,0.0125656666965601,0.0124873738921005,341.84400329589846,339.4464031982422,312.8252508544922,63.48270465803105,1.903542796659792,8.246030596789222,7.083843777678365,85426210.0,1.2982166913422164,2
2020-11-10,329.0851745605469,354.0400085449219,355.17999267578125,350.510009765625,353.489990234375,85552000,-0.001466575522485,-0.0014676519969828,342.0395034790039,339.54100341796874,312.9610008239746,62.83997662658784,2.655883470148865,8.495397226747857,6.911425144283929,86041035.0,-0.503482793803053,2
2020-11-11,331.5298767089844,356.6700134277344,357.5599975585937,355.0599975585937,356.3999938964844,58649000,0.0074285527605244,0.0074010969499176,342.47650451660155,339.6224035644531,313.11125091552736,64.78212344163242,3.4248586497718065,9.022773138330452,6.669179706383064,86087090.0,-0.314463717972695,2
2020-11-12,328.31365966796875,353.2099914550781,356.7200012207031,351.260009765625,355.5799865722656,67546200,-0.0097009051571342,-0.0097482654784566,342.76200408935546,339.53260314941406,313.2389009094238,60.31585758673156,3.712289204081969,9.276853770982443,6.58280911700414,86446515.0,0.1517025013214206,2
2020-11-13,332.8589782714844,358.1000061035156,358.8999938964844,354.7099914550781,355.2699890136719,62892200,0.0138444969472484,0.0137495373409449,343.30250396728513,339.78680297851565,313.42075088500974,64.08451856360145,4.285265431361722,9.851660241998015,6.5190372116042905,85116030.0,-0.06890098924884,2
2020-11-16,337.0138854980469,362.5700073242188,362.7799987792969,359.5899963378906,360.9800109863281,74541100,0.0124825499707226,0.0124052852532226,344.3305038452148,340.18680297851563,313.6130009460449,67.15509715615471,5.041924790211283,10.742143886578448,6.387676887616931,85421805.0,0.1852201067858971,2
2020-11-17,335.2013244628906,360.6199951171875,361.9200134277344,358.3399963378906,359.9700012207031,66111000,-0.0053783053414221,-0.0053928204936017,345.1925033569336,340.7350030517578,313.7708009338379,64.56193637596431,5.421734712507316,11.337090188211494,6.233557894667735,85724760.0,-0.1130933136216127,2
2020-11-18,331.16729736328125,356.2799987792969,361.5,356.239990234375,360.9100036621094,70591300,-0.0120348189136886,-0.0121078236707509,345.87000274658203,341.06480285644534,313.88790100097657,59.09276547845303,5.311309904303414,11.584361605615058,6.164018742593254,86075575.0,0.0677693575955589,2
2020-11-19,332.5614929199219,357.7799987792969,358.17999267578125,354.1499938964844,355.6000061035156,59940900,0.0042101717894336,0.0042013338137655,346.52850341796875,341.5426025390625,314.00690093994143,60.34316717026575,5.283925112641612,11.879524935926051,6.011588745214942,86302655.0,-0.1508741162154543,2
2020-11-20,330.2841491699219,355.3299865722656,357.7200012207031,355.25,357.5,70417300,-0.0068478176963229,-0.0068713715900237,347.0060028076172,341.96800231933594,314.12255081176755,57.26427236265192,5.006811551517899,12.038720150854989,5.762903747649366,87366325.0,0.1747788238081176,2
2020-11-23,332.2640686035156,357.4599914550781,358.82000732421875,354.8699951171875,357.2799987792969,63230600,0.005994441683236,0.0059765464965143,347.90950164794924,342.34800231933593,314.23645080566405,59.21271910003414,4.902557025032593,12.11489139003004,5.6334114947480725,85954205.0,-0.1020587270457685,2
2020-11-24,337.6181335449219,363.2200012207031,363.80999755859375,359.2900085449219,360.2099914550781,62415900,0.0161137187470359,0.0159852707934559,349.15950164794924,342.80900207519534,314.37625076293943,63.99356614926039,5.224494490998097,12.349976034687815,5.684596823945754,85775295.0,-0.0128845843626345,2
2020-11-25,337.0975646972656,362.6600036621094,363.1600036621094,361.4800109863281,363.1300048828125,45330900,-0.0015417585945479,-0.0015429483273409,350.9595016479492,343.2858020019532,314.5024507141113,63.21773603680789,5.372514130701518,11.491764552585993,5.402839210404986,81687125.0,-0.2737283288392861,2
2020-11-27,338.0364074707031,363.6700134277344,364.1799926757813,362.5799865722656,363.8399963378906,28514100,0.0027850045646777,0.0027811336248563,352.64400177001954,343.84240234375,314.635500793457,64.06395874461889,5.507829281223337,10.696334015784188,5.131208274198607,78582945.0,-0.3709787363586427,2
2020-11-30,336.5398864746094,362.05999755859375,363.1199951171875,359.1700134277344,362.8299865722656,83872700,-0.0044271339667673,-0.0044369627439502,354.4200012207031,344.47060241699216,314.75780075073243,61.62992214285693,5.422643825191017,8.938322872196782,5.0861219688987065,76762215.0,1.9414465124271847,2
2020-12-01,340.2207946777344,366.0199890136719,367.6799926757813,364.9299926757813,365.5700073242188,74231400,0.0109373901612459,0.0108780094967867,356.2110000610352,345.2516021728516,314.9042506408691,65.13833162160765,5.610003326708238,7.261205538730961,5.124255765205054,76170370.0,-0.1149515873460613,2
2020-12-02,340.9364624023437,366.7900085449219,366.9599914550781,364.2000122070313,364.8200073242188,45927000,0.0021037636040726,0.0021015537921602,357.7490005493164,345.9814025878906,315.0465007019043,65.79330091260906,5.754289356581182,5.88982489851309,4.955378871122322,73802010.0,-0.3812995578690419,2
2020-12-03,340.8435363769531,366.6900024414063,368.1900024414063,365.5,366.6799926757813,62882000,-0.0002726522020387,-0.000272689378408,358.9065002441406,346.86240234375,315.1952006530762,65.6208664056281,5.793780324929628,5.18276830900016,4.79356626899975,70598125.0,0.3691728177324884,2
2020-12-04,343.78082275390625,369.8500061035156,369.8500061035156,367.2200012207031,367.3200073242188,50749900,0.008617643352887,0.0085807234213167,359.88700103759766,347.7894024658204,315.3770506286621,68.43588866426344,6.010774619901554,5.310292628353293,4.676883225650434,69033635.0,-0.1929343850386438,2
2020-12-07,343.0743103027344,369.0899963378906,369.6199951171875,367.7200012207031,369.0199890136719,48944300,-0.0020549134867724,-0.0020570277183633,360.83350067138673,348.5966021728516,315.6104005432129,67.01463104270411,6.05165797944619,5.170505226231656,4.494963344019153,67732200.0,-0.035578395228365,2
2020-12-08,344.0782470703125,370.1700134277344,370.7799987792969,367.6700134277344,367.7200012207031,42458900,0.0029261619132452,0.0029218890348672,361.6140014648437,349.31620239257813,315.8980006408692,68.03068861218782,6.1008795477442845,5.348774384782166,4.396036344557964,61239935.0,-0.1325057258965803,2
2020-12-09,340.9923095703125,366.8500061035156,371.0499877929688,365.9500122070313,370.8800048828125,74098300,-0.0089688716097661,-0.0090093340554227,362.25450134277344,350.0058026123047,316.17475067138673,61.73528571868236,5.80507387256722,5.157640907682079,4.4463177189422165,60667250.0,0.7451771006785386,2
2020-12-10,340.8807067871094,366.7300109863281,367.8599853515625,364.4299926757813,365.3699951171875,57735400,-0.0003270958571379,-0.0003271493646562,362.7575012207032,350.6426025390625,316.5208506774902,61.51372137061978,5.497590341384296,5.074225057098734,4.373723073002144,60621570.0,-0.2208269285530167,2
2020-12-11,340.4809875488281,366.2999877929688,366.739990234375,363.260009765625,364.8999938964844,57698600,-0.0011725879542903,-0.0011732759734401,363.4120010375977,351.2278021240234,316.871050567627,60.67333829654788,5.159729994219333,4.599967430407221,4.309884315555562,60129190.0,-0.0006373905783972,2
2020-12-14,338.9566345214844,364.6600036621094,369.7999877929688,364.4700012207031,368.6400146484375,69216200,-0.0044771613036098,-0.0044872138059501,363.7400009155274,351.8442022705078,317.14890060424807,57.4498461621575,4.7053993072925095,4.432077146559001,4.382748762463428,60445390.0,0.1996166284797205,2
2020-12-15,343.5390930175781,369.5899963378906,369.5899963378906,365.9200134277344,367.3999938964844,63865300,0.013519422547775,0.0134288505622829,364.091000366211,352.4408020019531,317.49565063476564,63.69430479723196,4.689095201274995,4.608986633559724,4.4218376134147,59911600.0,-0.0773070466162545,2
2020-12-16,344.0782470703125,370.1700134277344,371.1600036621094,368.8699951171875,369.8200073242188,58420500,0.001569352784412,0.0015681226371862,364.5685012817384,353.1456024169922,317.78220077514646,64.35704985964196,4.669153516248457,4.723729446857854,4.269564108522356,59527075.0,-0.0852544339414361,2
2020-12-17,346.0023498535156,372.239990234375,372.4599914550781,371.0499877929688,371.9400024414063,64119500,0.0055919624268667,0.0055763854485796,365.3665008544922,353.7752020263672,318.131100769043,66.69376945353088,4.765446317213332,4.59619511123482,4.128165102723884,59203485.0,0.0975513732337107,2
2020-12-18,344.6208190917969,369.1799926757813,371.1499938964844,367.0199890136719,370.9700012207031,136542300,-0.0082204965583279,-0.008254471160338,365.93650054931646,354.2832019042969,318.4897007751465,60.390815487116186,4.542479945007756,4.303394581773536,4.2061533968652585,63033555.0,1.1294972668221055,2
2020-12-21,343.3885803222656,367.8599853515625,378.4599914550781,362.0299987792969,364.9700012207031,96386700,-0.003575511540188,-0.0035819189593353,366.5630004882813,354.7034014892578,318.95785064697264,57.85095787636505,4.2107253090684935,3.518496278472959,5.079284773930687,64332025.0,-0.2940890844815123,2
2020-12-22,342.809814453125,367.239990234375,368.3299865722656,366.0299987792969,368.2099914550781,47949000,-0.0016854105960858,-0.0016868324984086,367.0520004272461,354.9996014404297,319.35195053100585,56.64591178310901,3.85335981220004,2.791223350192152,4.8807635610048345,63567945.0,-0.5025351007971017,1
2020-12-23,343.1179504394531,367.5700073242188,369.6199951171875,367.2200012207031,368.2799987792969,46201400,0.0008986414840965,0.0008982379475764,367.26950073242193,355.3484014892578,319.8180006408691,57.15747697699016,3.555785816838295,2.642423265766581,4.7035657278248015,62757220.0,-0.0364470583328119,1
2020-12-24,344.4527587890625,369.0,369.0299987792969,367.4500122070313,368.0799865722656,26457900,0.0038903954275024,0.0038828474093944,367.5865005493165,355.76980163574217,320.4224506378174,59.39336475340164,3.396195511795611,2.4322720630963377,4.480452930999141,61813570.0,-0.4273355352868094,1
2020-12-28,347.4119567871094,372.1700134277344,372.5899963378906,371.0700073242188,371.739990234375,39000400,0.0085908222973831,0.0085541311717181,368.01150054931645,356.26320190429686,320.93670066833494,63.8920883076117,3.485335853797494,2.454429072026288,4.416848888634247,62337885.0,0.4740550081450152,1
2020-12-29,346.7491760253906,371.4599914550781,374.0,370.8299865722656,373.80999755859375,53680500,-0.001907789308754,-0.0019096114566623,368.4815002441407,356.7466015625,321.5947505950928,62.22912984759248,3.45881629653519,2.133861421268393,4.327789212855685,60828275.0,0.3764089599081035,1
2020-12-30,347.243896484375,371.989990234375,373.1000061035156,371.5700073242188,372.3399963378906,49455300,0.0014267990940848,0.0014257821834272,368.7800003051758,357.346201171875,322.19070053100586,63.00321033832445,3.4409012606008105,2.188274319898929,4.135805315397244,59589470.0,-0.0787101461424539,1
2020-12-31,349.0081481933594,373.8800048828125,374.6600036621094,371.2300109863281,371.7799987792969,78520700,0.005080821253407,0.0050679574352109,369.1345001220704,357.956201171875,322.86010055541993,65.70259846954517,3.5384231131133674,2.4118012766821924,4.085390126853244,61219155.0,0.5877105183873115,1
2021-01-04,344.2567749023437,368.7900085449219,375.4500122070313,364.8200073242188,375.30999755859375,110210800,-0.0136139838221249,-0.013707503856706,369.23950042724607,358.4774011230469,323.50150062561033,54.22746862553945,3.1684656188898543,2.3445516552673595,4.552862609421762,63585595.0,0.4035891172646193,1
2021-01-05,346.62774658203125,371.3299865722656,372.5,368.0499877929688,368.1000061035156,66426200,0.0068873287466906,0.0068637194394418,369.3134994506836,359.0118011474609,324.2141505432129,58.15496812843056,3.045124340766222,2.387791589826595,4.54551615210815,64369410.0,-0.3972804843082529,1
2021-01-06,348.7000732421875,373.5499877929688,376.9800109863281,369.1199951171875,369.7099914550781,107997700,0.0059785131849865,0.0059607127864127,369.5364990234375,359.56720092773435,324.96715049743653,61.2819983507041,3.090881279035841,2.5673325138463423,4.7822661318961845,67322080.0,0.6258298683350847,1
2021-01-07,353.88092041015625,379.1000061035156,379.8999938964844,375.9100036621094,376.1000061035156,68766800,0.0148574983052141,0.0147482068789338,369.9829986572266,360.361400756836,325.64690055847166,67.7670584151267,3.5342435172219098,3.342744044605453,4.894247558440426,68637475.0,-0.3632568100987335,2
2021-01-08,355.89715576171875,381.260009765625,381.489990234375,377.1000061035156,380.5899963378906,71677200,0.0056977146592807,0.0056815440776087,370.703498840332,361.2222009277344,326.31925064086914,69.88142480596801,4.01363879919154,4.099279424017969,4.858228742184637,68516420.0,0.0423227487683008,2
2021-01-11,353.49810791015625,378.6900024414063,380.5799865722656,377.7200012207031,377.8500061035156,51034700,-0.0067408258364116,-0.0067636478200539,371.30149841308594,362.26280090332034,326.90670059204103,64.46320342087922,4.138479090549822,4.3535908251944,4.764070156665868,68181385.0,-0.2879925555127711,2
2021-01-12,353.57281494140625,378.7699890136719,379.8599853515625,376.3599853515625,378.8900146484375,52547700,0.0002112191284424,0.0002111968248229,371.9249984741211,363.2386004638672,327.53345054626465,64.55531485119326,4.195506975976514,4.490396215297331,4.673779431189735,67923840.0,0.0296464954237019,2
2021-01-13,354.52496337890625,379.7900085449219,380.8599853515625,377.8500061035156,378.6900024414063,45303600,0.0026929787492038,0.0026893591787599,372.6814987182617,364.3036004638672,328.12415061950685,65.77366394629598,4.273743977296874,4.476499376241322,4.554936560965245,66728210.0,-0.1378576036629576,2
2021-01-14,353.283447265625,378.4599914550781,381.1300048828125,378.1000061035156,380.5899963378906,49989100,-0.0035019801993723,-0.0035081264856747,373.124998474121,365.2688000488281,328.72770057678224,62.74511924484408,4.180238908744968,4.591993245209402,4.446012433703218,66034400.0,0.1034244519199356,2
2021-01-15,350.7070617675781,375.7000122070313,377.5799865722656,373.7000122070313,376.7200012207031,107160000,-0.0072926579040374,-0.0073193793264112,373.401498413086,366.0622003173828,329.37545066833496,56.89103379416928,3.839172616915676,4.571141468019326,4.468438634727761,68471375.0,1.1436673194756457,2
2021-01-19,353.4607849121094,378.6499938964844,379.2300109863281,376.75,378.3399963378906,51233300,0.0078519605898428,0.0078212943693274,373.7219985961914,366.7644000244141,330.0095506286621,61.07167600876392,3.763530356471165,4.708081229092267,4.401407216482694,67827065.0,-0.5218990294886152,2
2021-01-20,358.3522033691406,383.8900146484375,384.7900085449219,380.6900024414063,381.1099853515625,61836100,0.0138386922921374,0.0137438119345877,374.4574996948242,367.4374005126953,330.68805068969726,67.16330213155905,4.079384595806118,5.094341771802752,4.525593461622323,64091755.0,0.2069513382897452,2
2021-01-21,358.6789245605469,384.239990234375,384.9500122070313,383.25,384.489990234375,47840100,0.0009116558716901,0.0009112405658674,375.2764999389648,368.11900024414064,331.28495071411135,67.52877540876716,4.308278310450362,5.290750326448745,4.323766229151536,61664425.0,-0.2263402769579582,2
2021-01-22,357.409423828125,382.8800048828125,384.1300048828125,381.8399963378906,382.25,52860500,-0.0035394164744094,-0.0035456950282216,376.0585006713867,368.685400390625,331.8737007141113,64.52342756755316,4.33002494418713,5.195372625349999,4.186353919675311,61910000.0,0.1049412522131014,2
2021-01-25,358.81890869140625,384.3900146484375,384.7699890136719,378.4599914550781,383.6700134277344,70402000,0.0039438198557462,0.0039360633849463,376.8995010375976,369.29240051269534,332.42550079345705,66.31593347590783,4.418174510963127,5.109640069381743,4.338042751026628,63120030.0,0.33184513956546,2
2021-01-26,358.2588806152344,383.7900085449219,385.8500061035156,383.5400085449219,385.4100036621094,42665300,-0.0015609305149728,-0.0015621500362329,377.6390014648438,369.8348004150391,332.9534507751465,64.9124492569423,4.389024260026076,4.974671481147564,4.193182380138565,63930400.0,-0.3939760234084258,2
2021-01-27,349.5028991699219,374.4100036621094,380.3200073242188,372.010009765625,380.2200012207031,123351100,-0.0244404613824504,-0.0247440868321593,377.7510009765625,370.2588006591797,333.4472007751465,47.859778402322654,3.5679058760758835,4.869159061778125,4.735097837221302,68147935.0,1.8911340128863503,2
2021-01-28,352.5086364746094,377.6300048828125,381.9299926757813,375.8900146484375,376.3599853515625,94198100,0.0086002008205128,0.0085634297686505,378.0595016479492,370.6494006347656,333.9164007568359,52.4753064436961,3.140785805104599,4.639645377665643,4.934018635539204,70173815.0,-0.2363416297057747,2
2021-01-29,345.4516296386719,370.0700073242188,376.6700134277344,368.2699890136719,375.6300048828125,126765100,-0.020019589176818,-0.020222696473238,377.96350250244143,370.7994006347656,334.3779507446289,42.87828924487899,2.1672784137138024,4.789289637525318,5.250161295082163,74039305.0,0.3457288416645345,2
2021-02-01,351.2018737792969,376.2300109863281,377.3399963378906,370.3800048828125,373.7200012207031,75817600,0.0166455090663766,0.0165084909802801,378.0810028076172,371.1116009521484,334.863600769043,50.77758235748348,1.8712569215535384,4.712036787244871,5.394434703552853,73904150.0,-0.401904782941046,2
2021-02-02,356.16796875,381.5499877929688,383.2200012207031,376.3200073242188,379.6499938964844,64450700,0.0141402244671917,0.0140411840372112,378.71900177001953,371.6170007324219,335.3381506347656,56.386984672114245,2.042392000059692,4.226688089554388,5.508402955754435,71616145.0,-0.1499242919849744,2
2021-02-03,356.44793701171875,381.8500061035156,383.7000122070313,380.4800109863281,382.4400024414063,52427100,0.0007863145594164,0.0007860055760847,379.245002746582,372.0984008789063,335.8394506835937,56.68676078091568,2.17713015186672,3.900776264972335,5.34494568896506,70916190.0,-0.1865549947479235,2
2021-02-04,360.499267578125,386.1900024414063,386.239990234375,381.9700012207031,382.9599914550781,47142600,0.0113657097512633,0.0113016053429687,379.8770034790039,372.7156011962891,336.4052006530762,60.87613312750314,2.604094164973276,3.953122555529145,5.276734149100369,67873435.0,-0.1007971068397832,2
2021-02-05,361.9181213378906,387.7099914550781,388.4700012207031,386.1400146484375,388.2000122070313,48669800,0.0039358580078789,0.0039281327823758,380.307502746582,373.3206011962891,336.948250579834,62.25316688788247,3.0301865277289157,4.316198157526812,5.066252179326459,66868585.0,0.0323953282169418,2
2021-02-08,364.5317993164063,390.510009765625,390.55999755859375,388.3500061035156,389.2699890136719,38365200,0.0072219400383219,0.007195986710037,380.770002746582,373.8664013671875,337.5054006958008,64.71679923217236,3.552850819302023,4.882123777608944,4.907948888197113,65202985.0,-0.2117247245725275,2
2021-02-09,364.28912353515625,390.25,390.8900146484375,389.1700134277344,389.6099853515625,35551100,-0.0006658210010571,-0.0006660427582991,381.3480026245117,374.4182012939453,338.04180068969725,64.29713642695319,3.9011157864471215,5.290158631068604,4.6802383405189705,64428805.0,-0.0733503279013272,2
2021-02-10,364.1304626464844,390.0799865722656,392.2799987792969,387.5,392.1199951171875,59154400,-0.0004356526014974,-0.0004357475256623,381.9135025024414,374.946400756836,338.5569506835937,64.00487282283157,4.1159534697592335,5.595747331411076,4.687364086145964,64759140.0,0.6639260107282194,2
2021-02-11,364.7185363769531,390.7099914550781,391.6900024414063,388.1000061035156,391.239990234375,42913300,0.0016150658954552,0.0016137630790994,382.4595016479492,375.5194006347657,339.0818505859375,64.64617815170978,4.287624939134048,5.902016005753335,4.6089806755563005,64639625.0,-0.2745543864868885,2
2021-02-12,366.5202331542969,392.6400146484375,392.8999938964844,389.7699890136719,389.8500061035156,50593300,0.0049397845859318,0.00492762388112,383.1685028076172,376.05180114746094,339.5790007019043,66.60888464046067,4.527225519577314,6.238400503474208,4.503339547503172,64669835.0,0.1789654955456701,2
2021-02-16,366.2027893066406,392.2999877929688,394.1700134277344,391.5299987792969,393.9599914550781,50972400,-0.0008660015352055,-0.0008663767311641,383.9985015869141,376.5620007324219,340.0881005859375,65.91460248841425,4.636229809008853,6.296460504070788,4.370244911855624,61860455.0,0.0074930870293101,2
2021-02-17,366.2868347167969,392.3900146484375,392.6600036621094,389.3299865722656,390.4200134277344,52290600,0.0002294847266632,0.0002294583990711,384.6855026245117,377.0760009765625,340.63610061645505,66.015603783636,4.675979131831468,6.430332851911388,4.295942924569062,61913320.0,0.0258610542175765,2
2021-02-18,364.7279052734375,390.7200012207031,391.5199890136719,387.739990234375,389.5899963378906,59712800,-0.0042560038874348,-0.0042650864514255,385.027001953125,377.49340087890624,341.1718505859375,62.32615504115903,4.520613807821007,6.565798013387751,4.32123445953288,61807155.0,0.1419413814337566,2
2021-02-19,364.0837097167969,390.0299987792969,392.3800048828125,389.5499877929688,392.0700073242188,83241000,-0.0017659767589335,-0.0017675379341602,385.3165023803711,377.9122009277344,341.691050567627,60.81387267035467,4.292328942597351,6.6562940034591405,4.21471893312651,63577200.0,0.3940227220964349,2
2021-02-22,361.2833251953125,387.0299987792969,389.6199951171875,386.739990234375,387.05999755859375,67414200,-0.0076917160459177,-0.007721449861292,385.5240020751953,378.2494006347656,342.20495056152345,54.609651522999805,3.825241610099056,6.64100965189904,4.148668191111893,64304885.0,-0.1901322665513388,2
2021-02-23,361.7220458984375,387.5,388.9500122070313,380.2000122070313,384.6600036621094,107284100,0.0012143793044092,0.0012136425422739,385.6795013427735,378.6624005126953,342.70405059814453,55.377717982525525,3.4531904742081,6.649464618757874,4.477334748889615,66148990.0,0.5914169418312463,2
2021-02-24,365.7079772949219,391.7699890136719,392.2300109863281,385.2699890136719,386.3299865722656,72433900,0.0110193264868951,0.0109590560642225,386.07850036621096,379.1632000732422,343.20070053100585,61.71591845103825,3.462970725250728,6.7684720627809565,4.654669550587231,67637420.0,-0.3248403071843824,2
2021-02-25,356.8959655761719,382.3299865722656,391.8800048828125,380.7799987792969,390.4100036621094,146670500,-0.0240957773850227,-0.0243908299509816,386.4744995117188,379.4838000488281,343.6498504638672,46.119394305767415,2.678120633445417,6.26264321652891,5.115050732939259,68803390.0,1.0248875181372257,2
2021-02-26,355.0570068359375,380.3599853515625,385.5799865722656,378.2300109863281,384.3500061035156,152701600,-0.0051526202230824,-0.0051659407474344,386.6109985351562,379.7977996826172,344.1183003234863,43.64081645497157,1.8755386050695504,6.087013179925649,5.274688222439133,71728565.0,0.0411200616347526,2
2021-03-01,363.6636657714844,389.5799865722656,390.9200134277344,380.5700073242188,385.5899963378906,105348800,0.0242401976437693,0.0239510671220349,387.5864974975586,380.1975994873047,344.65820022583006,55.653226833569626,1.96086003514381,4.702526727366737,5.652212497705757,70657750.0,-0.3101002216086799,2
2021-03-02,360.8258666992188,386.5400085449219,390.0700073242188,386.0,389.8200073242188,79595300,-0.0078032191902133,-0.0078338236177441,388.1019973754883,380.5249993896484,345.1660502624512,51.73764526350687,1.7628559564093391,3.8863590427604455,5.539197842456689,70846635.0,-0.2444593578664399,2
2021-03-03,356.0466003417969,381.4200134277344,386.8299865722656,381.30999755859375,385.7900085449219,119940200,-0.0132457055000878,-0.013334212282538,388.0954986572266,380.7085998535157,345.64175033569336,45.88251063969116,1.1792023702017218,3.8979831547359898,5.537825783257774,73621110.0,0.5068754059598997,2
2021-03-04,351.6406555175781,376.7000122070313,384.0,371.8800048828125,381.2200012207031,183433000,-0.012374812685589,-0.012452018277786,387.8379989624024,380.8590002441407,346.05025039672853,41.24812964533942,0.3319614019179653,4.461625813882491,6.007980735681326,80171405.0,0.5293704696173593,2
2021-03-05,358.10955810546875,383.6300048828125,384.760009765625,372.6400146484375,380.4599914550781,152039600,0.0183965820313605,0.0182294120411311,387.7099990844727,381.1744006347656,346.50855041503905,49.33897468821837,0.2172055131321144,4.547293211204144,6.444553191503196,85416255.0,-0.1711436873408819,2
2021-03-08,356.3265991210937,381.7200012207031,387.6799926757813,381.4200134277344,384.6600036621094,123149200,-0.0049787650543465,-0.0049912003973511,387.4104995727539,381.4640008544922,346.9325004577637,47.40143852936859,-0.0275431877444702,4.740451403567546,6.431369338399177,89140225.0,-0.1900189161244834,2
2021-03-09,361.41400146484375,387.1700134277344,389.9100036621094,385.30999755859375,385.8500061035156,113633600,0.0142775128093959,0.0141765489966974,387.2434997558594,381.8560009765625,347.3939505004883,53.06517290064145,0.2157748231010714,4.684008641141688,6.556985988613968,92903645.0,-0.0772688738538293,2
2021-03-10,363.6636657714844,389.5799865722656,391.3999938964844,388.1700134277344,389.6900024414063,109899400,0.0062245862565517,0.0062052935375905,387.2099990844727,382.2676007080078,347.8646504211426,55.354491292574274,0.5961981898731779,4.663726108466597,6.390771308623684,96621060.0,-0.0328617591979837,2
2021-03-11,367.3508911132813,393.5299987792969,395.6499938964844,391.739990234375,392.2300109863281,86245000,0.0101391558683123,0.0100880994500771,387.3824996948242,382.6948004150391,348.3369004821777,58.89358075005745,1.2025570927212923,4.836086509565987,6.367859595451903,97975590.0,-0.2152368438772186,2
2021-03-12,367.8456115722656,394.05999755859375,394.2099914550781,391.2000122070313,392.0700073242188,64653600,0.0013467811372471,0.0013458750409823,387.55,383.14680053710936,348.7895504760742,59.35910058498226,1.7061993597658898,5.01220915204757,6.128010999208683,99062605.0,-0.2503495854832164,2
2021-03-15,370.0393676757813,396.4100036621094,396.6900024414063,392.0299987792969,394.3299865722656,73427200,0.0059635743746513,0.0059458626469103,387.7384994506836,383.63520080566406,349.2567504882812,61.44406472430335,2.26881188653698,5.277575928829417,6.023153332273021,100204300.0,0.1357016469307199,2
2021-03-16,369.5725708007813,395.9100036621094,397.8299865722656,395.0799865722656,397.0700073242188,73722500,-0.0012613203384902,-0.0012621164725121,387.9190002441407,384.07580078125,349.7147004699707,60.7301841335398,2.643863730741828,5.498890033731685,5.789356665682091,101341805.0,0.0040216704436502,2
2021-03-17,370.8328247070313,397.260009765625,398.1199951171875,393.2999877929688,394.5299987792969,97959300,0.0034098812634899,0.0034040808005609,388.1625,384.6452008056641,350.173250579834,62.01347645872809,3.015271061601652,5.806514884222945,5.720117427006135,103625240.0,0.328757163688155,2
2021-03-18,365.4373168945313,391.4800109863281,396.7200012207031,390.75,394.4800109863281,115349100,-0.0145496617761927,-0.0146565461260689,388.2005004882813,385.0482012939453,350.5902507019043,53.8930929782164,2.810815124050976,5.826585498348182,5.776538308336053,106407055.0,0.1775206641942113,2
2021-03-19,364.7611083984375,389.4800109863281,391.5700073242188,387.1499938964844,389.8800048828125,113624500,-0.0051088176761848,-0.0051219123029553,388.1730010986328,385.3668017578125,350.97675079345703,51.38571505765134,2.459052607462354,5.818789128924138,5.679643674007366,107926230.0,-0.0149511352927764,2
2021-03-22,367.6737976074219,392.5899963378906,394.0700073242188,389.9700012207031,390.0299987792969,73778600,0.0079849678130765,0.007953256654126,388.4510009765625,385.6366015625,351.38290084838866,54.89954427601624,2.4035218021974742,5.893643076765702,5.601811721427603,108244450.0,-0.3506805310474413,2
2021-03-23,364.7798767089844,389.5,393.4599914550781,388.6600036621094,391.9100036621094,90686600,-0.0078707974393498,-0.0079019356615604,388.5510009765625,385.8014013671875,351.7337008666992,50.958446310683655,2.086128764825446,5.89362519883986,5.544538583680541,107414575.0,0.2291721447682662,2
2021-03-24,362.9255676269531,387.5199890136719,392.75,387.4700012207031,391.0,97588600,-0.0050834685143212,-0.0050964332964272,388.3385009765625,385.9780010986328,352.05530075073244,48.553194138400485,1.655735864672181,5.84789444063859,5.525642883367423,108672310.0,0.07610826737357,2
2021-03-25,364.9671630859375,389.7000122070313,390.5499877929688,383.8999938964844,385.9800109863281,116128600,0.0056255761126235,0.0056098116544631,388.7070022583008,386.1966015625,352.399850769043,51.279855491549,1.4735696493252703,5.679117435043848,5.605953670018637,107145215.0,0.1899812068212885,2
2021-03-26,370.8486633300781,395.9800109863281,396.4100036621094,390.2900085449219,390.9299926757813,114409100,0.0161149565886091,0.0159864890043672,389.4880035400391,386.5204016113281,352.7847508239746,58.15932019954182,1.815022578107687,5.5432264339100215,5.684813511808597,105230590.0,-0.0148068606699813,2
2021-03-29,370.6613159179688,395.7799987792969,396.75,392.80999755859375,394.3999938964844,108107600,-0.0005051068273195,-0.0005052344367457,389.7980041503906,386.8668017578125,353.26060089111326,57.87900364159736,2.045903271286704,5.719213059129462,5.560184149637001,105368530.0,-0.0550786607009406,2
2021-03-30,369.6779479980469,394.7300109863281,395.4500122070313,393.0199890136719,394.4200134277344,76262200,-0.002652958199523,-0.0026564835295431,390.20750427246094,387.2474017333984,353.7132009887696,56.34372428070183,2.1197178562893555,5.766668797419827,5.360171693636144,105201875.0,-0.294571334485272,2
2021-03-31,371.1764526367188,396.3299865722656,398.0,395.30999755859375,395.3399963378906,112734200,0.0040533416294838,0.0040451489712678,390.9530029296875,387.6010015869141,354.159600982666,58.1647758908389,2.2810268473346014,5.529748926299399,5.210872930781554,104841575.0,0.4782447923086403,2
2021-04-01,375.1847534179688,400.6099853515625,400.6700134277344,398.1799926757813,398.3999938964844,99682900,0.0107990788592942,0.0107411852328068,392.1485015869141,387.9354010009766,354.59785095214846,62.65273919972604,2.7228383315749625,4.825969031341601,5.148669639687783,100654070.0,-0.1157705470034825,2
2021-04-05,380.5697937011719,406.3599853515625,406.9400024414063,403.3800048828125,403.4599914550781,91684800,0.0143531120297812,0.01425108126442,393.2850006103516,388.3778009033203,355.0713508605957,67.6705511518507,3.496646892372155,5.361060621828272,5.233051600413213,97636330.0,-0.0802354265375505,2
2021-04-06,380.3450622558594,406.1199951171875,407.239990234375,405.3999938964844,405.760009765625,62021000,-0.000590585301275,-0.0005907597654681,394.50500030517577,388.8426007080078,355.54305084228514,67.26434085631422,4.043914812848641,5.36704533449469,4.990690510233028,94579920.0,-0.3235410885992007,2
2021-04-07,380.78521728515625,406.5899963378906,406.9599914550781,405.4500122070313,405.9400024414063,55836300,0.0011572964304984,0.0011566272792055,395.4759994506836,389.2866003417969,356.0328007507324,67.67360024526798,4.464094451194228,5.715568059601595,4.742068277219728,91690055.0,-0.0997194498637558,2
2021-04-08,382.59271240234375,408.5199890136719,408.5799865722656,406.9299926757813,407.9299926757813,57863100,0.0047467785561978,0.0047355481277492,396.4229995727539,389.7811999511719,356.52230072021484,69.36718090677428,4.896381681000946,6.232905708574516,4.545491274159391,89088240.0,0.036298966801167,2
2021-04-09,385.3742980957031,411.489990234375,411.6700134277344,408.260009765625,408.3900146484375,61104600,0.0072701490761171,0.0072438489360192,397.3209991455078,390.5227996826172,357.0195007324219,71.8143410446381,5.416192209925498,7.036184100478524,4.464385016155818,87831220.0,0.0560201579244803,2
2021-04-12,385.5147399902344,411.6400146484375,411.9299926757813,410.2000122070313,410.8500061035156,56704900,0.0003645882466716,0.0003645218005266,398.2,391.2029998779297,357.5572508239746,71.93629906382331,5.77369594271272,7.676337774033429,4.269070405626831,87433785.0,-0.0720027624761474,2
2021-04-13,386.6573486328125,412.8599853515625,413.5299987792969,411.1199951171875,411.5299987792969,56551000,0.0029636834605764,0.0029593004085995,399.0224990844727,392.05879943847657,358.08480072021484,72.96088135747225,6.085313955342713,8.32806940267343,4.136279923947013,86589975.0,-0.002714051166654,2
2021-04-14,385.3367919921875,411.4500122070313,413.9599914550781,410.8699951171875,412.8299865722656,61659900,-0.0034151363526561,-0.0034209812419999,399.7994995117188,392.7631994628906,358.64180084228514,69.78957233973861,6.147634324587727,8.737273213433454,4.061545382085843,85986845.0,0.0903414616894484,2
2021-04-15,389.4762878417969,415.8699951171875,416.1600036621094,413.6900024414063,413.739990234375,60229800,0.0107424541961909,0.0106851639617201,400.72999877929686,393.449599609375,359.1988508605957,73.65533823835099,6.478993543187187,9.417101364323766,4.107862958728144,84100370.0,-0.0231933558114755,2
2021-04-16,390.7780456542969,417.260009765625,417.9100036621094,415.7300109863281,417.25,82037300,0.0033424259137662,0.003336852424136,402.01899871826174,394.1577996826172,359.743350982666,74.74962218584366,6.775655141757966,9.839241349118874,3.970157938517652,82434780.0,0.3620715991087468,2
2021-04-19,388.8580932617188,415.2099914550781,416.739990234375,413.7900085449219,416.260009765625,78498500,-0.0049130476503088,-0.0049251563455943,403.3054977416992,394.7381994628906,360.26680099487305,70.12343071864838,6.767332652711275,9.795480207709652,3.934432458673757,80678480.0,-0.0431364757250665,2
2021-04-20,386.0111389160156,412.1700134277344,415.0899963378906,410.5899963378906,413.9100036621094,81851800,-0.0073215435319615,-0.0073484775781938,404.2844985961914,395.2273999023437,360.7665010070801,63.81614433807109,6.441186214351433,9.645468071488482,3.9834012199961673,81082140.0,0.0427180137200073,2
2021-04-21,389.6636047363281,416.0700073242188,416.2900085449219,411.3599853515625,411.510009765625,66793000,0.0094621000301571,0.0094176147575745,405.6129989624024,395.7385998535156,361.2616011047363,67.81561713487037,6.4233651707480135,9.326489114404737,4.0510170752363965,79887460.0,-0.1839764061388997,2
2021-04-22,386.104736328125,412.2699890136719,416.7799987792969,411.1300048828125,415.8900146484375,97582800,-0.0091331224160692,-0.0091750850740766,406.8504989624024,396.1789996337891,361.7540510559082,60.76760751436328,6.033066708157605,8.394907501947658,4.165229705325538,79887170.0,0.4609734553022022,2
2021-04-23,390.2911071777344,416.739990234375,418.25,412.7900085449219,412.8699951171875,73209200,0.010842412350696,0.0107840548430684,408.2024978637695,396.7121997070312,362.2568510437012,65.33189981052652,6.0151057113903335,7.629995476459778,4.294856939682865,77741200.0,-0.2497735256623093,2
2021-04-26,391.1058349609375,417.6099853515625,418.2200012207031,416.80999755859375,417.4400024414063,52182400,0.0020876209088986,0.0020854448563579,409.2839965820313,397.2501995849609,362.7730009460449,66.15715706493899,6.001886812030477,7.333551714575868,4.09379651444324,74629865.0,-0.2872152680264229,2
2021-04-27,391.0215148925781,417.5199890136719,418.1400146484375,416.2999877929688,417.9299926757813,51303100,-0.0002155033189995,-0.0002155265431764,410.37099609375,397.7477990722657,363.2726509094238,65.98218098598645,5.9159533589449325,6.819788892260614,3.932812967373629,71789640.0,-0.0168505089838719,2
2021-04-28,390.9091491699219,417.3999938964844,419.010009765625,416.8999938964844,417.80999755859375,51238900,-0.000287399694254,-0.0002874410014608,411.5044952392578,398.249799194336,363.7854508972168,65.73254584602321,5.771636047504615,5.906066813423808,3.8026131746427008,70538475.0,-0.0012513863684651,2
2021-04-29,393.4002990722656,420.05999755859375,420.7200012207031,416.4400024414063,420.3200073242188,78544300,0.0063727927671437,0.0063525723847207,412.69099578857424,398.8031988525391,364.2911508178711,68.57118628112497,5.804987323011631,5.013277709552535,3.836712146403709,68828980.0,0.532903711828318,2
2021-04-30,390.8154602050781,417.2999877929688,418.5400085449219,416.3399963378906,417.6300048828125,85527000,-0.0065705132163649,-0.0065921940600242,413.5254959106445,399.3347985839844,364.7684007263184,62.76171738470015,5.544791818837496,4.223308129089768,3.8283756517108105,68121185.0,0.0889014225093354,2
2021-05-03,391.6583862304688,418.2000122070313,419.8399963378906,417.6700134277344,419.4299926757813,68128300,0.0021567803508037,0.0021544578388955,414.117497253418,399.8981988525391,365.2554507446289,63.83763723822552,5.349543250947249,3.989377663821862,3.736349429797311,66943360.0,-0.2034293264115425,2
2021-05-04,389.24212646484375,415.6199951171875,416.6000061035156,411.6700134277344,416.0700073242188,101591200,-0.0061693376722489,-0.0061884466696837,414.592497253418,400.4699987792969,365.72495071411134,58.609894656503165,4.9297939412913365,3.525639234006991,3.935895811904427,68921870.0,0.4911747394254664,2
2021-05-05,389.3638916015625,415.75,417.6300048828125,415.1499938964844,417.3800048828125,60162200,0.0003127974696592,0.0003127485587299,415.0504974365234,401.03499877929687,366.1821006774902,58.79301222943153,4.555121293992727,2.98484784510242,3.8319040386489767,69138165.0,-0.4078010693839624,1
2021-05-06,392.4731750488281,419.0700073242188,419.2099914550781,413.6799926757813,415.8299865722656,74321400,0.0079855858670325,0.0079538698118479,415.5779983520508,401.5809991455078,366.6524006652832,63.26295325832001,4.474508023038425,2.687405241105663,3.9531965201238224,69961080.0,0.2353504359880456,1
2021-05-07,395.32958984375,422.1199951171875,422.8200073242188,419.1600036621094,419.8900146484375,67733800,0.0072779911223974,0.0072516343506479,416.1094985961914,402.3767993164063,367.12870071411135,66.82341518047704,4.603661802521458,2.8805779096978728,3.938682482972121,70292540.0,-0.0886366510856899,1
2021-05-10,391.4148864746094,417.9400024414063,422.739990234375,417.80999755859375,422.5,81852400,-0.0099023801860433,-0.0099517348420575,416.4244979858398,403.1283996582032,367.6036007690429,58.4610215320898,4.318940569546726,2.7052270849469013,4.009490353887058,71549915.0,0.2084424615184739,1
2021-05-11,387.9215698242188,414.2099914550781,415.2699890136719,410.05999755859375,413.1000061035156,116888000,-0.0089247522719511,-0.0089648164267486,416.4919982910157,403.6209997558594,368.0702507019043,52.1852260459832,3.749098948568303,2.627325847524742,4.285955677381737,74566765.0,0.4280338756102448,1
2021-05-12,379.68011474609375,405.4100036621094,412.5899963378906,404.0,411.2300109863281,134811000,-0.0212452330327794,-0.0214741612243917,416.1899978637695,403.9983996582032,368.4812007141113,41.00206145088715,2.557923735558461,3.454355581575317,4.709101090074336,78224320.0,0.1533348162343439,2
2021-05-13,384.240966796875,410.2799987792969,412.3500061035156,407.0199890136719,407.0700073242188,106394000,0.0120125183720094,0.0119409407215824,415.910498046875,404.5755993652344,368.9267506408692,47.6837317957,1.9840063132260184,3.69909065399526,4.868451186598044,80532530.0,-0.2107914042622635,2
2021-05-14,390.1412048339844,416.5799865722656,417.489990234375,413.1799926757813,413.2099914550781,82201600,0.0153553373591523,0.015238637296052,415.8764968872071,405.3731988525391,369.3840505981445,54.81317906762519,2.014309281342207,3.689145337426361,5.035704062918049,80540745.0,-0.2273850029136981,2
2021-05-17,389.1485290527344,415.5199890136719,416.3900146484375,413.3599853515625,415.3900146484375,65129200,-0.0025445234835108,-0.0025477662854817,415.8919967651367,406.01099853515626,369.8418505859375,53.49230843544381,1.930537621701092,3.686848151420029,4.906011002759841,79872280.0,-0.2076893880411087,2
2021-05-18,385.795654296875,411.9400024414063,416.05999755859375,411.7699890136719,415.7999877929688,59810200,-0.0086156783474207,-0.0086530078715496,415.8804962158203,406.6153985595704,370.26895065307616,49.18168657431897,1.5573211518676544,3.699406712456256,4.8620108271999865,78770200.0,-0.0816684375057578,2
2021-05-19,384.7842102050781,410.8599853515625,411.0499877929688,405.3299865722656,406.9200134277344,106467100,-0.0026217825009539,-0.0026252253916854,415.6199951171875,407.08919799804687,370.6793005371094,47.926922591648,1.161012626718616,3.8650865646281822,4.98686833019575,80753905.0,0.7800826614858336,2
2021-05-20,388.9236450195313,415.2799987792969,416.6300048828125,411.6700134277344,411.7999877929688,78022200,0.010757955472233,0.0107005003682509,415.7704956054688,407.6031982421875,371.1054005432129,53.19038297601808,1.189877245105265,3.7855614724067768,5.042807701699624,79775875.0,-0.2671707973636926,2
2021-05-21,388.6052856445313,414.9400024414063,418.2000122070313,414.4500122070313,416.8699951171875,76578700,-0.0008187158998506,-0.0008190512307525,415.6804962158203,408.03139831542967,371.5195506286621,52.7487054980384,1.1718099049769537,3.782694937568205,4.950464294435365,79944350.0,-0.0185011445460394,2
2021-05-24,392.56683349609375,419.1700134277344,420.3200073242188,417.0799865722656,417.3399963378906,51376700,0.0101942713680043,0.0101426602457978,415.7584976196289,408.5335986328125,371.9437507629394,57.47938585937227,1.481737396321705,3.840223105434528,4.981145765033732,79904065.0,-0.3290993448569902,2
2021-05-25,391.6957702636719,418.239990234375,420.7099914550781,417.6199951171875,420.3299865722656,57451400,-0.0022187254898178,-0.0022211905080248,415.7944976806641,408.9701983642578,372.3621006774902,56.148367652111055,1.6334822997988,3.860924283044227,4.846063663094939,80211480.0,0.1182384232541209,2
2021-05-26,392.4731750488281,419.0700073242188,419.6099853515625,417.760009765625,418.8699951171875,43088600,0.0019845474111135,0.001982580798361,415.8779983520508,409.4333984375,372.77960067749024,57.10308728344626,1.7999677635384614,3.9151519978033935,4.632057371869408,79803965.0,-0.2499991296991892,2
2021-05-27,392.6792297363281,419.2900085449219,420.7200012207031,418.989990234375,420.1700134277344,56707700,0.0005249748654354,0.0005248371143392,415.8394989013672,409.8739984130859,373.21205078125,57.36802772314499,1.927442594461354,3.87544863406906,4.424768344330745,78712135.0,0.3160720004827262,2
2021-05-28,393.3815612792969,420.0400085449219,421.25,419.7900085449219,420.9700012207031,58520200,0.001788738068438,0.0017871401816827,415.9764999389648,410.4451983642578,373.6250508117676,58.313265240275264,2.065179939549523,3.976899135652312,4.248712852241272,77361795.0,0.0319621497609672,2
2021-06-01,393.0350341796875,419.6700134277344,422.7200012207031,419.2000122070313,422.5700073242188,54216600,-0.000880856846159,-0.0008812450285228,416.05,411.04899841308594,374.03925094604494,57.63436424470854,2.120043719776902,4.03333998902258,4.196661149486311,76666210.0,-0.0735404185221513,2
2021-06-02,393.6531677246094,420.3299865722656,421.2300109863281,419.2900085449219,420.3699951171875,49097100,0.001572600193997,0.001571364953169,416.2854995727539,411.60379821777343,374.4567008972168,58.56111323038846,2.1915155509173587,4.142926614681583,4.035471241766307,74041505.0,-0.0944267991722092,2
2021-06-03,392.1922302246094,418.7699890136719,419.989990234375,416.2799987792969,417.8500061035156,58138800,-0.0037113639483952,-0.0037182681475316,416.4364990234375,412.1891979980469,374.8610008239746,55.47219723086619,2.0980932139353285,4.177274917969069,4.036508138280767,73940335.0,0.1841595532119004,2
2021-06-04,395.7791748046875,422.6000061035156,422.9200134277344,418.8399963378906,420.75,55938800,0.009145872890425,0.0091043026667068,416.6129989624024,412.8907983398437,375.28080078125,60.92210786106598,2.306517609917762,4.364771037899068,4.044616443693748,73021205.0,-0.0378404783036457,2
2021-06-07,395.3951416015625,422.1900024414063,422.7799987792969,421.1900024414063,422.5899963378906,51555000,-0.00097019322335,-0.0009706641654231,416.61649932861326,413.54059814453126,375.7056007385254,60.07445186295978,2.4108211310472143,4.369445431252052,3.869286436136378,72212265.0,-0.07836778765365,2
2021-06-08,395.4793395996094,422.2799987792969,423.2099914550781,420.3200073242188,423.1099853515625,47134300,0.0002131654879797,0.0002131427714453,416.8334991455078,414.0665979003906,376.1256007385254,60.20533730117473,2.472245863945602,4.542957541680753,3.799336271473731,70476360.0,-0.0857472602075453,2
2021-06-09,394.8894958496094,421.6499938964844,423.260009765625,421.4100036621094,423.1799926757813,48436300,-0.0014919126755557,-0.0014930266854129,417.20549926757815,414.5839978027344,376.53645065307614,58.75330425151562,2.4419401128702134,4.620770888936331,3.6600984023338654,67053775.0,0.0276231958467612,2
2021-06-10,396.7250061035156,423.6099853515625,424.6300048828125,421.5499877929688,422.9599914550781,51020100,0.0046483848771483,0.004637614499841,418.1154983520508,415.1615972900391,376.9399005126953,61.837048870426855,2.5467205081550333,3.913544007668809,3.618664022870283,62864230.0,0.0533442893036832,2
2021-06-11,397.3805541992188,424.30999755859375,424.4299926757813,422.8200073242188,424.2000122070313,45570800,0.0016524922245406,0.0016511283615731,418.8169982910157,415.7211975097656,377.3408505249024,62.90378011905474,2.6556323841310814,3.685929368466137,3.475186974919727,59823070.0,-0.1068069251138277,2
2021-06-14,398.2702941894531,425.260009765625,425.3699951171875,423.1000061035156,424.4299926757813,42358500,0.0022389578668837,0.0022364551356958,419.2509994506836,416.21419799804687,377.7293005371094,64.35978115503997,2.786483034141781,3.912708485633005,3.389101406259166,57830915.0,-0.0704903139729826,2
2021-06-15,397.5398254394531,424.4800109863281,425.4599914550781,423.5400085449219,425.4200134277344,51508500,-0.0018341691233246,-0.0018358532711675,419.6990005493164,416.5765985107422,378.1100506591797,62.20114317441446,2.795024432421087,3.975480700815795,3.284164370823244,57149880.0,0.2160133149190835,2
2021-06-16,395.3201904296875,422.1099853515625,424.8699951171875,419.9200134277344,424.6300048828125,80386100,-0.00558336216883,-0.0055990073978809,420.2074996948242,416.8963983154297,378.4677006530762,56.049631904268175,2.5808024068475675,3.5594489350775107,3.4031513221539496,58178675.0,0.5606375646737918,2
2021-06-17,395.1891479492188,421.9700012207031,423.0199890136719,419.3200073242188,421.6700134277344,90949700,-0.000331629517702,-0.0003316845189309,420.7630004882813,417.2039984130859,378.83100067138673,55.69924873219419,2.372386958630557,2.812403189516574,3.424353491246744,57402805.0,0.1314107787291583,1
2021-06-18,389.8578186035156,414.9200134277344,417.8299865722656,414.7000122070313,417.0899963378906,118676300,-0.0167073198866604,-0.0168484614286166,420.7450012207031,417.3319989013672,379.1426007080078,41.59606978133538,1.6196705646211171,2.8502385208036194,3.699041742848535,59435510.0,0.3048564206369015,1
2021-06-21,395.4390563964844,420.8599853515625,421.05999755859375,415.9299926757813,416.7999877929688,72822000,0.0143159445955785,0.0142144390786622,421.0410003662109,417.5193988037109,379.4584005737304,52.50733127502486,1.485321628028828,2.5017492146165594,3.873394770563595,59247675.0,-0.3863812741044337,1
2021-06-22,397.55316162109375,423.1099853515625,424.0,420.0799865722656,420.8500061035156,57700300,0.0053461960706966,0.0053319558957808,421.2379989624024,417.7487982177734,379.8470004272461,55.87047158389369,1.542622926960462,2.501790635898109,3.876724674647222,59563855.0,-0.2076529070885172,1
2021-06-23,397.0740051269531,422.6000061035156,424.0499877929688,422.510009765625,423.1900024414063,49445400,-0.0012053113036865,-0.0012060382755662,421.45599975585935,417.9435986328125,380.2471504211426,54.92115139939936,1.5292552533223898,2.4152660475840246,3.709814199839836,59163555.0,-0.1430651140462008,1
2021-06-24,399.42291259765625,425.1000061035156,425.5499877929688,424.6199951171875,424.8900146484375,45110300,0.0059157594980905,0.0058983300978505,421.7574996948242,418.2165985107422,380.7066004943848,58.631951812696045,1.700784793881553,2.477312525655429,3.655540449097932,59264640.0,-0.0876744853919677,1
2021-06-25,400.8417663574219,426.6099853515625,427.0899963378906,425.5499877929688,425.8999938964844,58129500,0.0035520565193292,0.0035457628657765,422.1234985351563,418.4313983154297,381.140700378418,60.73438792045367,1.936246057196456,2.6296234581071283,3.536572576617722,59335730.0,0.2886081449247732,1
2021-06-28,401.6498107910156,427.4700012207031,427.6499938964844,425.8900146484375,427.1700134277344,53159600,0.0020159300032134,0.0020139007430977,422.4949981689453,418.6355981445312,381.6086003112793,61.92141001856053,2.1672640273354205,2.83648589080656,3.409673053148376,59067700.0,-0.0854970367885497,1
2021-06-29,401.8659057617188,427.7000122070313,428.55999755859375,427.1300048828125,427.8800048828125,35970500,0.000538075153043,0.0005379304425156,422.8964981079101,418.8853985595703,382.0768003845215,62.250101928048245,2.341911301683126,2.98024178015066,3.2682673119078665,58155395.0,-0.3233489341530033,1
2021-06-30,402.20416259765625,428.05999755859375,428.7799987792969,427.1799926757813,427.2099914550781,64827900,0.000841677206659,0.0008413231950273,423.2829986572266,419.2031982421875,382.5248004150391,62.791444151348685,2.48077154408378,3.1274848808344764,3.149105797022702,58941935.0,0.8022518452620897,1
2021-07-01,404.4309692382813,430.4299926757813,430.6000061035156,428.7999877929688,428.8699951171875,53441000,0.0055365956424442,0.0055213250356444,423.86599884033205,419.49039794921873,382.9761003112793,66.2253923339868,2.750353720052772,3.32262226107089,3.105598850444072,58707045.0,-0.1756481391499648,2
2021-07-02,407.5222778320313,433.7200012207031,434.1000061035156,430.5199890136719,431.6700134277344,57697700,0.0076435392535483,0.0076144754138362,424.4219985961914,419.91939819335937,383.4506002807617,70.32030475977386,3.192672588340713,3.96744957078596,3.145914177393375,58794990.0,0.079652326865141,2
2021-07-06,406.7799682617188,432.9299926757813,434.010009765625,430.010009765625,433.7799987792969,68710400,-0.0018214713241223,-0.0018231322201707,424.9589981079101,420.2431982421875,383.9360502624512,68.18260197795036,3.439814352352073,4.357143274340489,3.2069203075795625,59652760.0,0.1908689601145279,2
2021-07-07,408.2175598144531,434.4599914550781,434.760009765625,431.510009765625,433.6600036621094,63549500,0.0035340558639527,0.0035278257625641,425.5679977416992,420.5801983642578,384.4551002502441,70.07964548881236,3.7162949606541815,4.792447341228811,3.2099974284667363,60473520.0,-0.0751109002421758,2
2021-07-08,404.8914489746094,430.9200134277344,431.7300109863281,427.5199890136719,428.7799987792969,97595200,-0.008147995435639,-0.0081813717742589,426.0314987182617,420.84819885253904,384.9748503112793,61.01513468541524,3.608168472548357,4.841596808782865,3.476426357962416,62931465.0,0.5357351356029552,2
2021-07-09,409.213623046875,435.5199890136719,435.8399963378906,430.7099914550781,432.5299987792969,76238600,0.0106747782479332,0.0106182050507178,426.6269989013672,421.2105987548828,385.5009503173828,66.99011093402109,3.849284877924276,5.243820650396166,3.594539109737422,64192390.0,-0.2188283850025411,2
2021-07-12,410.6792907714844,437.0799865722656,437.3500061035156,434.9700012207031,435.4299926757813,52889600,0.0035819195397361,0.0035755197437581,427.2654983520508,421.5509985351562,386.07315017700193,68.7398919303845,4.118771497888076,5.704099496769863,3.5077866649570706,64558330.0,-0.3062621821492,2
2021-07-13,409.2793884277344,435.5899963378906,437.8399963378906,435.30999755859375,436.239990234375,52911300,-0.0034089646750015,-0.0034147884341721,427.78199768066406,421.9167987060547,386.6336001586914,65.18573667321127,4.164110551836814,5.974234685313001,3.4379446731241994,65085970.0,0.0004102886011616,2
2021-07-14,409.8900451660156,436.239990234375,437.9200134277344,434.9100036621094,437.3999938964844,64130400,0.0014922149313552,0.0014911026849908,428.3699966430664,422.2775982666016,387.1711500549316,66.01134129702496,4.20402971631006,6.206354077378459,3.4073778940171136,65717065.0,0.2120359923116612,2
2021-07-15,408.4901428222656,434.75,435.5299987792969,432.7200012207031,434.80999755859375,55126400,-0.0034155287633637,-0.0034213749975135,429.00199737548826,422.6601983642578,387.6739500427246,62.36057649422017,4.0685366245789965,6.178851838033882,3.415421545421025,64454080.0,-0.1404014320821326,2
2021-07-16,405.2860412597656,431.3399963378906,436.05999755859375,430.9200134277344,436.010009765625,75874700,-0.0078435966926034,-0.0078745195006332,429.47049713134766,422.9719982910156,388.1688000488281,54.87999335028059,3.6439928944838016,5.969278451915607,3.53860458723805,63700330.0,0.3763768357810413,2
2021-07-19,399.30078125,424.9700012207031,431.4100036621094,421.9700012207031,426.1900024414063,147987000,-0.0147679212947309,-0.0148780526636577,429.9729965209961,423.0899981689453,388.6191999816895,44.21097696099963,2.7616984197391616,5.028870304207329,3.9601330053929216,65165865.0,0.9504129835109728,2
2021-07-20,405.0230102539063,431.05999755859375,432.4200134277344,424.8299865722656,425.6799926757813,99608200,0.0143304146654998,0.0142287048178391,430.4829971313477,423.2687982177735,389.0892999267578,53.51526786364794,2.524781391896454,4.550498991866286,4.219411137541195,66505175.0,-0.3269124990708643,2
2021-07-21,408.3021545410156,434.5499877929688,434.7000122070313,431.010009765625,432.3399963378906,64724400,0.0080962980887611,0.0080636989043276,431.054997253418,423.6009979248047,389.5928498840332,57.85327462981984,2.588793979754485,4.286264524884712,4.181596230674417,66856380.0,-0.3502101232629442,2
2021-07-22,409.1572265625,435.4599914550781,435.7200012207031,433.6900024414063,434.739990234375,47878500,0.0020941288405762,0.0020919392091564,431.69799652099607,424.0259979248047,390.0713497924805,58.92952479692222,2.6820372512103177,3.898159791072864,4.02791069843316,66778035.0,-0.2602712423753638,2
2021-07-23,413.3666076660156,439.9400024414063,440.2999877929688,436.7900085449219,437.5199890136719,63766600,0.0102879967717777,0.01023543552556,432.43999633789065,424.7165979003906,390.5963998413086,63.82682419903049,3.08190636306989,3.9875018881728814,4.085916815537268,67710850.0,0.3318420585440229,2
2021-07-26,414.38134765625,441.0199890136719,441.0299987792969,439.260009765625,439.30999755859375,43719200,0.0024548496755745,0.0024518414542579,433.1604965209961,425.3313977050781,391.0976997375489,64.91299272774,3.4462254637323326,4.176047557163231,3.920493401118312,66990335.0,-0.3143871556582913,2
2021-07-27,412.4927978515625,439.010009765625,439.9400024414063,435.989990234375,439.9100036621094,67397100,-0.0045575694937142,-0.0045679868775771,433.7374969482422,425.7799981689453,391.5738497924805,61.22814473260695,3.5320472069857374,4.145540212208138,3.9997437852739233,67702210.0,0.5415904225145931,2
2021-07-28,412.3236083984375,438.8299865722656,440.2999877929688,437.30999755859375,439.6799926757813,52472400,-0.0004100662612578,-0.000410150361419,434.2939956665039,426.2461981201172,392.0337496948242,60.89472661044267,3.544674389756949,4.038062207697969,3.92761853163829,68527305.0,-0.2214442461174145,2
2021-07-29,414.0337829589844,440.6499938964844,441.7999877929688,439.80999755859375,439.8200073242188,47435300,0.0041474087457764,0.0041388319522584,434.9234954833984,426.8203979492188,392.4748497009277,63.0834389986669,3.659358101384214,3.996205846419525,3.859217295142925,67657675.0,-0.0959952279674648,2
2021-07-30,412.02294921875,438.510009765625,440.05999755859375,437.7699890136719,437.9100036621094,68951200,-0.0048564260989462,-0.0048682568551774,435.3274963378906,427.3733984375,392.9167497253418,58.90847037425024,3.5367969407799364,3.925830422230664,3.7892735514050377,68433185.0,0.4535841451408551,2
2021-08-02,411.1585388183594,437.5899963378906,440.9299926757813,437.2099914550781,440.3399963378906,58783300,-0.0020980443028566,-0.0021002482810405,435.52099609375,427.8195983886719,393.3650497436523,57.15710650159042,3.327076476660636,3.9377843634392256,3.784325527783477,68487465.0,-0.1474651637679982,2
2021-08-03,414.5034790039063,441.1499938964844,441.2799987792969,436.1000061035156,438.4400024414063,58053900,0.0081354637637667,0.008102549274361,435.9319961547852,428.34379821777344,393.8332997131348,61.87984129614031,3.408838579513088,4.079542445407932,3.8840160383547455,67954640.0,-0.0124082860268137,2
2021-08-04,412.464599609375,438.9800109863281,441.1199951171875,438.7300109863281,439.7799987792969,46732200,-0.004918923133127,-0.004931060854894,436.15799713134766,428.7399981689453,394.2917497253418,57.70428695691952,3.260945993991584,4.118716793416227,3.7794422434834254,67113775.0,-0.1950204895795114,2
2021-08-05,415.0767211914063,441.760009765625,441.8500061035156,439.8800048828125,440.2200012207031,38969700,0.0063328596057268,0.0063128913102674,436.6999969482422,429.2103985595703,394.7904997253418,61.306549660946814,3.329680241358972,4.1063719978384325,3.714481734462288,64182500.0,-0.1661060253957657,2
2021-08-06,415.7626037597656,442.489990234375,442.9400024414063,441.7999877929688,442.1000061035156,46930000,0.001652436736266,0.0016510729648396,437.04849700927736,429.6787982177734,395.2860496520996,62.21653036987417,3.403818845876401,4.29250317343458,3.533446801699361,62717070.0,0.204268957677375,2
2021-08-09,415.42431640625,442.1300048828125,442.7999877929688,441.30999755859375,442.4599914550781,41222600,-0.0008135446213638,-0.0008138757283817,437.3009979248047,430.1355981445312,395.78304962158205,61.44904843527165,3.394397908597228,4.440434324503476,3.387485618319054,62133720.0,-0.121615171532069,2
2021-08-10,415.9410400390625,442.6799926757813,443.4400024414063,441.8800048828125,442.6099853515625,43339300,0.0012439503921806,0.0012431773269283,437.6554977416992,430.5883978271484,396.2733996582031,62.21592258873513,3.392207905226769,4.577544380257876,3.256950756910108,61655120.0,0.0513480469451224,2
2021-08-11,416.9745788574219,443.7799987792969,443.8800048828125,442.6199951171875,443.8200073242188,44034300,0.0024848787424671,0.0024817965361681,438.0324981689453,431.0705975341797,396.7633996582031,63.76832441596711,3.439584225314036,4.761620707748544,3.114312114675457,60650315.0,0.0160362534697144,2
2021-08-12,418.2243041992188,445.1099853515625,445.260009765625,442.6600036621094,443.6199951171875,38909400,0.0029969502364324,0.002992468333533,438.5504974365234,431.5661975097656,397.2919995117188,65.60819444271254,3.5436006787219867,4.94569014550452,3.0775759710211834,59839465.0,-0.1163842731688706,2
2021-08-13,418.9853820800781,445.9200134277344,445.9400024414063,445.0700073242188,445.5899963378906,39470300,0.0018198380239258,0.0018181841249573,439.2794982910156,432.10919799804685,397.8304995727539,66.71676108708144,3.649329761642548,4.901271393734527,2.9198916243187774,58019245.0,0.0144155396896379,2
2021-08-16,419.9719543457031,446.9700012207031,447.1099853515625,442.8699951171875,444.5299987792969,73740000,0.0023546550084119,0.0023518871523535,440.3794982910157,432.5965979003906,398.4320495605469,68.14989432717707,3.7743378441488735,3.883899919654687,3.0141843821799363,54306895.0,0.8682401704572806,2
2021-08-17,417.2189025878906,444.0400085449219,444.9599914550781,440.8500061035156,444.239990234375,92673900,-0.0065552333887716,-0.0065768132903881,441.028498840332,433.0335980224609,399.0023495483399,60.3417814615037,3.5955346429830115,3.282578417622968,3.236028006109048,53960180.0,0.2567656631407649,2
2021-08-18,412.6524353027344,439.1799926757813,444.6300048828125,438.9200134277344,442.9599914550781,89351900,-0.0109449954409882,-0.0110053325672183,441.2599990844727,433.3715979003906,399.56554946899416,50.09022683875721,3.026778337488736,2.947837054322168,3.412739681035411,55191555.0,-0.0358461228026445,1
2021-08-19,413.2913818359375,439.8599853515625,441.1400146484375,436.1199951171875,436.2699890136719,92812200,0.001548323437136,0.0015471260202361,441.47999877929686,433.73579772949216,400.1138493347168,51.33597669247466,2.60092277498444,2.640345624452066,3.5275453846221674,57438240.0,0.0387266527068814,1
2021-08-20,416.5799560546875,443.3599853515625,443.7099914550781,439.7099914550781,440.2300109863281,72008700,0.0079570775168433,0.0079255869140166,441.6509979248047,434.1307977294922,400.6504992675781,57.250560219998775,2.516837388122269,2.646099631638482,3.561292142863441,57850345.0,-0.2241461790583565,1
2021-08-23,420.2444763183594,447.260009765625,448.2300109863281,443.4400024414063,445.1600036621094,54973000,0.0087965187272593,0.0087580547578398,441.9629989624024,434.5897979736328,401.1690992736816,62.69187166833545,2.733389674886212,2.921345855899763,3.65477310657074,58413035.0,-0.2365783578928657,1
2021-08-24,420.9114990234375,447.9700012207031,448.5400085449219,447.4200134277344,447.9700012207031,38744700,0.0015874244054374,0.0015861657791226,442.4109985351562,435.0439978027344,401.6577493286133,63.60019953753494,2.9285409025293347,3.1246122216419456,3.485146368908321,56980415.0,-0.2952049187783093,1
2021-08-25,421.7947387695313,448.9100036621094,449.4599914550781,447.7699890136719,448.1700134277344,40529700,0.0020983602447592,0.0020961617618364,442.9149993896484,435.53259765625,402.1514993286133,64.8213763904557,3.1230494277462526,3.323234892883214,3.356921802658173,56383280.0,0.046070817427932,2
2021-08-26,419.3048706054688,446.260009765625,448.8599853515625,446.1600036621094,448.6099853515625,57829600,-0.0059031740769114,-0.0059206666842455,443.1955001831055,436.0155981445312,402.60999938964846,58.82934412975501,3.028456315558458,3.358564414033029,3.3135702453254465,56902995.0,0.4268450050210093,2
2021-08-27,423.0538330078125,450.25,450.6499938964844,447.05999755859375,447.1199951171875,77235100,0.0089409540336597,0.0089012203664454,443.7824996948242,436.5811981201172,403.0910493469239,64.1959498980132,3.238122399457666,3.5186714165857635,3.390456951435013,57317190.0,0.3355634484762129,2
2021-08-30,424.914306640625,452.2300109863281,453.0700073242188,450.7099914550781,450.9700012207031,48357400,0.0043975813133327,0.0043879402073269,444.5145004272461,437.32739807128905,403.5688493347168,66.52767946584879,3.523438613393978,3.681652732195451,3.349710549490998,56795895.0,-0.3738934758937322,2
2021-08-31,424.2847595214844,451.55999755859375,452.489990234375,450.9200134277344,452.1300048828125,59300200,-0.0014815766566952,-0.0014826752766506,445.0350006103516,437.9413983154297,404.0605993652344,64.98540231151864,3.653375446449104,3.909754917538951,3.222586710715972,56858210.0,0.2262900817661826,2
2021-09-01,424.51025390625,451.7999877929688,453.1099853515625,451.5499877929688,452.55999755859375,48721400,0.0005314692082394,0.0005313280284993,445.6759994506836,438.5151983642578,404.52909927368165,65.29574217032709,3.732688420428758,3.9157042033664,3.1038303427072376,56957670.0,-0.1783940020438379,2
2021-09-02,425.8162536621094,453.1900024414063,454.0499877929688,451.9100036621094,453.3200073242188,42501000,0.0030766150641741,0.0030718919689984,446.2474990844727,439.1269982910157,404.9821992492676,67.11381947093935,3.863174814499871,4.141669367598879,3.042842461085292,57134235.0,-0.1276728501233544,2
2021-09-03,425.71282958984375,453.0799865722656,453.6300048828125,451.5499877929688,451.9800109863281,47170500,-0.0002427588175997,-0.000242788288291,446.7769989013672,439.6865979003906,405.44449920654296,66.8154686462266,3.912606765427483,4.3095468637730905,2.9740692202823205,57146260.0,0.1098680031058092,2
2021-09-07,424.1907348632813,451.4599914550781,452.80999755859375,450.739990234375,452.7099914550781,51671500,-0.0035755168296958,-0.0035819242678236,447.2434982299805,440.18359802246096,405.9203991699219,62.415488507794514,3.7775170109036935,4.284949932936974,2.928778300111485,57668705.0,0.0954198068708196,2
2021-09-08,423.6739807128906,450.9100036621094,451.6700134277344,448.8599853515625,450.8900146484375,56181900,-0.0012182425981892,-0.0012189852589251,447.6549987792969,440.652398071289,406.386049194336,60.94805782260392,3.58475516263934,4.218294415410671,2.920296141258656,58310835.0,0.087289898686897,2
2021-09-09,421.8605651855469,448.9800109863281,452.5700073242188,448.7200012207031,450.7000122070313,57970400,-0.0042802170280247,-0.004289403379351,447.9149993896484,441.077998046875,406.85429931640624,55.97475696157012,3.2389194821688534,4.126130937329228,2.9867039957055863,59007640.0,0.031834096034488,2
2021-09-10,418.5343933105469,445.4400024414063,451.489990234375,445.30999755859375,451.0400085449219,89948200,-0.007884557125706,-0.0079158046029615,447.93150024414064,441.4255981445313,407.29419937133787,48.20495612591159,2.648660994089425,4.114967764174375,3.2147960442824197,61559580.0,0.5516228972027104,2
2021-09-13,419.6054992675781,446.5799865722656,448.9200134277344,444.1099853515625,448.6400146484375,83738600,0.0025592316015876,0.0025559623450608,447.9644989013672,441.74859802246095,407.7109992980957,50.5838013331531,2.246962496841263,4.100609493008028,3.328741189417381,63772995.0,-0.0690352891997838,2
2021-09-14,417.3410339355469,444.1700134277344,448.3399963378906,443.2200012207031,448.1199951171875,78197100,-0.0053965095100411,-0.0054111232667169,447.8244995117187,441.9575982666016,408.1185493469238,45.79532641029288,1.714386471834132,4.1833131157237045,3.456687898543818,63995850.0,-0.0661761720401343,2
2021-09-15,420.8269653320313,447.8800048828125,448.4100036621094,443.4400024414063,444.6199951171875,78792200,0.0083526382757077,0.0083179480288204,448.0164993286133,442.2565985107422,408.5395993041992,53.148204755332095,1.5735426199192943,4.087500164070365,3.564781707269479,63301765.0,0.0076102566463462,2
2021-09-16,420.159912109375,447.1700134277344,448.3599853515625,444.0199890136719,447.3200073242188,77786700,-0.0015852269521696,-0.0015864847538577,448.4160003662109,442.5107989501953,408.96514938354494,51.70276721192616,1.3886252680718485,3.5309620070414165,3.620154180885275,62723505.0,-0.0127614154700592,2
2021-09-17,416.067138671875,441.3999938964844,445.3699951171875,441.0199890136719,444.9200134277344,118425000,-0.0129034133729597,-0.0129873855451871,448.493000793457,442.7203985595703,409.342049407959,41.762351994982176,0.7676357532418479,3.346534214634445,3.8008591975407913,64004145.0,0.522432498100575,2
2021-09-20,409.1294860839844,434.0400085449219,436.55999755859375,428.8599853515625,434.8800048828125,166445500,-0.0166741854402665,-0.0168147645560542,448.027001953125,442.6907989501953,409.678299407959,33.037115464249595,-0.3147638177979388,4.5363129751997615,4.425084150925154,68725985.0,0.4054929280135106,2
2021-09-21,408.7430419921875,433.6300048828125,437.9100036621094,433.0700073242188,436.5299987792969,92526100,-0.0009446218183523,-0.0009450682547066,447.3455017089844,442.6217993164062,410.012999420166,32.62815600413708,-1.1919174625381288,5.56483777009478,4.454720735708398,70603640.0,-0.444105728301456,2
2021-09-22,412.7302551269531,437.8599853515625,440.0299987792969,433.75,436.0499877929688,102350100,0.0097548149830939,0.0097075439403293,446.84000091552736,442.66719909667967,410.3530493164063,40.77383117513728,-1.5281286572059685,5.95091929486121,4.593668818620968,73783910.0,0.1061754467117925,2
2021-09-23,417.7448425292969,443.1799926757813,444.8900146484375,439.6000061035156,439.8500061035156,76396000,0.0121500194176165,0.0120768004099736,446.5535003662109,442.8059991455078,410.7234992980957,49.10790814397353,-1.3497393661139654,5.983857523080722,4.767694567067685,75577225.0,-0.2535815793047589,2
2021-09-24,418.4329833984375,443.9100036621094,444.6700134277344,441.2099914550781,441.4400024414063,62094800,0.0016472110618543,0.0016458558976701,446.4360000610352,442.98919921875,411.0921992492676,50.14461925550978,-1.1363595366781851,6.0129258922656925,4.674289381752582,75790485.0,-0.1871982826325985,2
2021-09-27,417.2359008789063,442.6400146484375,444.0499877929688,441.8999938964844,442.80999755859375,61371100,-0.0028609155080869,-0.0028650157490217,446.055500793457,443.21519958496094,411.47114929199216,48.30121429697572,-1.057541306311407,5.999638558400156,4.493982561376286,74997285.0,-0.0116547601409457,2
2021-09-28,408.8278503417969,433.7200012207031,440.0400085449219,432.9400024414063,439.6900024414063,130436300,-0.0201518460431531,-0.02035766426472,445.13000030517577,443.39019958496095,411.80609924316406,37.79244930595177,-1.6953054014693976,6.410626639493905,4.865841821780208,79101230.0,1.125370084616375,2
2021-09-29,409.5159301757813,434.4500122070313,437.0400085449219,433.8500061035156,435.1900024414063,82329200,0.0016831388551912,0.0016817239644042,444.2745010375976,443.4579998779297,412.1468493652344,38.96285496723471,-2.1174239112853,6.644769393130627,4.75542507195439,80252680.0,-0.3688168094311169,2
2021-09-30,404.51068115234375,429.1400146484375,436.7699890136719,428.7799987792969,436.0199890136719,140506000,-0.0122223441348723,-0.0122976512315443,443.1415023803711,443.3498004150391,412.469249420166,33.958065008144175,-2.847602903293477,7.202529722559555,4.986465440698718,84841910.0,0.7066362845746101,2
2021-10-01,409.3179626464844,434.239990234375,436.0299987792969,427.2300109863281,430.9800109863281,129240100,0.0118841762871158,0.0118141140061632,442.1940017700196,443.325400390625,412.7924993896484,41.703345895670125,-2.980393486720345,7.056022700163052,5.258859894432292,89178865.0,-0.0801809175408879,2
2021-10-04,404.0394287109375,428.6400146484375,433.9599914550781,426.3599853515625,433.0,128570000,-0.012896038393228,-0.0129799141869825,440.9720031738281,443.0994006347656,413.084849395752,36.624225040397846,-3.4971887941326827,7.186617537422365,5.44608453645945,93248840.0,-0.0051849232552435,2
2021-10-05,408.2434692382813,433.1000061035156,435.489990234375,429.3900146484375,430.239990234375,90682500,0.0104049815758244,0.0103512223426876,440.05400390625,442.9410009765625,413.38914947509767,42.618318292326656,-3.5064486050149526,6.944963898721925,5.546362468565024,95199390.0,-0.2946838298203313,2
2021-10-06,409.9401550292969,434.8999938964844,435.1199951171875,427.5400085449219,429.2699890136719,113032200,0.0041560558014366,0.0041474432560906,439.2535034179688,442.8588006591797,413.7177494812012,44.8839961009388,-3.3301551445290443,6.538602037065656,5.691621333115067,98041905.0,0.2464610040526011,2
2021-10-07,413.4842834472656,438.6600036621094,441.6799926757813,438.2000122070313,438.3900146484375,72437500,0.0086456882464798,0.008608528312384,438.7375030517578,442.8554010009765,414.0717495727539,49.38023234979465,-2.8541392025084638,6.124734925768043,5.769362579270914,98765260.0,-0.3591427929386493,2
2021-10-08,412.7302551269531,437.8599853515625,439.8900146484375,437.1900024414063,439.4800109863281,74557400,-0.0018237776498153,-0.0018254427571049,438.3585021972656,442.7996008300781,414.4248495483399,48.47413040032127,-2.5124855609973338,5.9192321986063545,5.550123266968077,97995720.0,0.029265228645384,2
2021-10-11,409.7421875,434.6900024414063,440.260009765625,434.6199951171875,437.1600036621094,65233300,-0.0072397182117726,-0.0072660521488329,437.7640029907226,442.72320068359375,414.7604495239258,44.95418639514051,-2.469052022036749,5.640573811786998,5.556544079930179,97070455.0,-0.1250593502455825,2
2021-10-12,408.7335815429688,433.6199951171875,436.1000061035156,432.7799987792969,435.6700134277344,71181200,-0.0024615411401439,-0.002464575713377,437.2365020751953,442.6438006591797,415.0835494995117,43.79808645814314,-2.4922422607142494,5.501559935802502,5.39679145452222,96719660.0,0.0911788917623361,2
2021-10-13,410.20416259765625,435.1799926757813,436.0499877929688,431.5400085449219,434.7099914550781,72974000,0.0035976144461977,0.0035911585106906,436.60150146484375,442.5244006347656,415.398599395752,45.97934397573316,-2.357565380237986,4.909478674266752,5.333447725488271,96428750.0,0.0251864256292391,2
2021-10-14,417.1039733886719,442.5,442.6600036621094,438.5799865722656,439.0799865722656,70236800,0.0168206430613004,0.0166807426749283,436.368000793457,442.5948004150391,415.75379943847656,54.83686513408859,-1.6412502556510162,4.471930142550859,5.486773672691114,96051255.0,-0.0375092498698166,2
2021-10-15,420.2805480957031,445.8699951171875,446.260009765625,444.0899963378906,444.75,66260200,0.007615808174435,0.0075869543117504,436.5915008544922,442.6770001220703,416.1231994628906,58.23229957234987,-0.7924994762627762,4.833724295813815,5.3634333936149625,93443015.0,-0.0566170440566768,2
2021-10-18,421.5247802734375,447.1900024414063,447.5499877929688,443.2699890136719,443.9700012207031,62213200,0.0029605206420582,0.0029561469310037,437.2490005493164,442.77100036621096,416.4897494506836,59.51617979743327,-0.0131927317757458,5.3365912967332,5.28604520687796,88231400.0,-0.061077388839756,2
2021-10-19,424.7767639160156,450.6400146484375,450.7099914550781,448.2699890136719,448.9200134277344,46996800,0.0077148688212975,0.0076852614015724,438.0995010375976,442.9412005615234,416.89899948120114,62.739897224798426,0.8727402239448452,6.038734766647084,5.159898335934664,85954935.0,-0.2445847505031086,2
2021-10-20,426.4452209472656,452.4100036621094,452.7300109863281,451.010009765625,451.1300048828125,49571600,0.0039277226969129,0.0039200293324759,438.827001953125,443.13580078125,417.3043995666504,64.31009893503499,1.698097187791518,6.83261528112252,4.940619621788661,83316010.0,0.0547867088823068,2
2021-10-21,427.5574645996094,453.5899963378906,453.8299865722656,451.30999755859375,451.7699890136719,41305400,0.002608237364845,0.0026048418167514,439.3475021362305,443.3320007324219,417.704599609375,65.35820494177727,2.419523316647769,7.541419195551323,4.767717435494605,81561480.0,-0.1667527374545102,2
2021-10-22,427.1144714355469,453.1199951171875,454.6700134277344,451.0499877929688,453.1300048828125,58845100,-0.0010361807458226,-0.001036717952219,439.8080017089844,443.4922009277344,418.0746995544434,64.54513531246889,2.9196773280129946,8.095518616670422,4.685739449728246,81398995.0,0.424634551414585,2
2021-10-25,429.4049072265625,455.5499877929688,455.8999938964844,452.3900146484375,454.2799987792969,45214500,0.0053628016904283,0.005348473074299,440.45350036621096,443.68480041503904,418.4461494445801,66.84185756458335,3.4721087774012176,8.815857333696675,4.601756578179576,80591165.0,-0.2316352593503962,2
2021-10-26,429.7914733886719,455.9599914550781,458.489990234375,455.55999755859375,457.2000122070313,56075100,0.0009000190387353,0.0008996142644518,441.5654998779297,443.8646002197266,418.8324993896484,67.22760959467178,3.898064093672417,9.31057086524732,4.483059854124335,76873105.0,0.2402017052051885,2
2021-10-27,427.8873901367188,453.9400024414063,457.1600036621094,453.8599853515625,456.4500122070313,72438000,-0.0044301891646798,-0.0044400315324886,442.5399993896484,444.0626000976562,419.2083494567871,63.31920567146653,4.026228661242499,9.543675309447522,4.398556886725944,76378545.0,0.2918033137702831,2
2021-10-28,432.0160217285156,458.3200073242188,458.3999938964844,455.4500122070313,455.4599914550781,51437900,0.0096488629758464,0.0096026099853196,443.9989990234375,444.445400390625,419.6009994506836,67.70365821991567,4.430161647440684,9.61749636573462,4.402945070179667,71925140.0,-0.2899044700295425,2
2021-10-29,432.8926696777344,459.25,459.55999755859375,455.55999755859375,455.8699951171875,70162400,0.0020291339259019,0.0020270780143341,445.24949951171874,444.83320068359376,420.0049494934082,68.5628871927701,4.770334637573455,9.903503471982178,4.3741632794525485,68971255.0,0.3640214705499252,2
2021-11-01,433.6372680664063,460.0400085449219,460.7000122070313,458.2000122070313,460.2999877929688,48433600,0.0017202145779464,0.0017187367034474,446.81949920654296,445.16680114746094,420.4266494750976,69.30983750341991,5.045509774308528,9.61658224815314,4.240294473777366,64964435.0,-0.3096929409484282,2
2021-11-02,435.3905029296875,461.8999938964844,462.2300109863281,460.0799865722656,460.2200012207031,48908400,0.004043094767878,0.0040349434239443,448.2594985961914,445.4596008300781,420.8428994750977,71.05367083192104,5.3519790431082015,9.610354319608472,4.093845042893715,62875730.0,0.0098031118892669,2
2021-11-03,438.0487060546875,464.7200012207031,465.1499938964844,460.8299865722656,461.2999877929688,52509800,0.0061052335169562,0.0060866720883999,449.75049896240233,445.7946008300781,421.24704940795897,73.51117299400651,5.756056928651219,9.740932171455738,4.1099994915597895,59849610.0,0.0736356126963875,2
2021-11-04,440.1129760742188,466.9100036621094,467.0,464.989990234375,465.3599853515625,52847100,0.0047125203039544,0.0047014511422903,451.1629989624024,446.15460083007815,421.6603994750977,75.26728137260542,6.181747125714196,10.090057175630962,3.979285154969581,58870090.0,0.0064235628396984,2
2021-11-05,441.6400146484375,468.5299987792969,470.6499938964844,466.9200134277344,469.2799987792969,66390600,0.003469608927805,0.0034636037212191,452.6964996337891,446.6000006103516,422.0886494445801,76.50797033455329,6.574048205402789,10.290480648764785,3.9621926606413966,58461750.0,0.2562770710218724,2
2021-11-08,442.01702880859375,468.9299926757813,470.2300109863281,468.2000122070313,469.7000122070313,50405200,0.0008537209944434,0.0008533567819511,454.4084991455079,446.9736004638673,422.5113493347168,76.81720009974023,6.8383970179222615,9.980663822222017,3.824178811973927,57720345.0,-0.2407780619545537,2
2021-11-09,440.5560302734375,467.3800048828125,469.5700073242188,465.8800048828125,469.3200073242188,51149100,-0.0033053714140235,-0.0033108462216264,456.0964996337892,447.27660034179695,422.92929931640623,72.81724959109351,6.84393171070866,9.095315464858686,3.8145947855048106,56718740.0,0.0147583979430694,2
2021-11-10,437.0118103027344,463.6199951171875,467.3800048828125,462.0400085449219,465.5799865722656,69429700,-0.0080448665461582,-0.0080774010932413,457.51849975585947,447.5178002929688,423.3753492736817,64.09787820214206,6.470330685739839,7.781325616742155,3.9235520392466543,56541525.0,0.3573982728923872,2
2021-11-11,437.1531677246094,463.7699890136719,465.2900085449219,463.75,465.2099914550781,34848500,0.00032352766935,0.0003234753455588,458.5819992065431,447.7572003173829,423.8060491943359,64.28162168144401,6.115852692839951,7.038752506521789,3.762584995567206,54772110.0,-0.4980750312906437,2
2021-11-12,440.4522705078125,467.2699890136719,467.8599853515625,464.1099853515625,465.1199951171875,53466700,0.0075468445197233,0.0075185095590189,459.6519989013673,448.0388000488282,424.2920491027832,68.35185429402236,6.047633721846182,6.618653194593483,3.785971520018879,54132435.0,0.5342611590168873,2
2021-11-15,440.6031494140625,467.4299926757813,468.80999755859375,466.2300109863281,468.6400146484375,46980500,0.0003424222951855,0.0003423636820513,460.663998413086,448.3258001708985,424.7480490112305,68.52841444118255,5.938030732183506,6.143193937187674,3.699829738036504,53370800.0,-0.1213128919495686,2
2021-11-16,442.3469543457031,469.2799987792969,470.489990234375,467.0700073242188,467.1499938964844,48857500,0.0039578249844971,0.0039500133996666,461.595997619629,448.68220031738286,425.1866990661621,70.57261721426171,5.932068412560909,5.95341814521948,3.679840678902196,53463835.0,0.03995274635221,2
2021-11-17,441.2723693847656,468.1400146484375,469.1900024414063,467.4800109863281,469.0,47858300,-0.0024292195146282,-0.0024321748554379,462.3824981689454,449.0268005371095,425.6181491088867,67.65636978594988,5.768856255265973,5.710058420887305,3.5455654727640926,53378170.0,-0.0204513124904057,2
2021-11-18,442.7711791992188,469.7300109863281,470.010009765625,466.3399963378906,469.239990234375,50625600,0.0033964119454403,0.0033906571651105,463.1894989013673,449.44180053710943,426.0358491516113,69.5465640721149,5.702078845533151,5.540014386922563,3.5544546124048275,53844180.0,0.0578227810014146,2
2021-11-19,441.9793701171875,468.8900146484375,470.9400024414063,468.5,469.6099853515625,57315600,-0.0017882535035962,-0.0017898543376422,463.9779998779298,449.9108007812501,426.4417492675781,67.30859460247127,5.51777115174508,5.1391670749514615,3.474850885904933,53767705.0,0.132146581966436,2
2021-11-22,440.735107421875,467.5700073242188,473.5400085449219,467.3500061035156,470.8900146484375,72762000,-0.0028151747381705,-0.0028191447952606,464.5790008544923,450.33060119628914,426.8270492553711,63.83240604835625,5.205190224460637,4.792850006846226,3.668790282726456,55145080.0,0.2694973096329796,2
2021-11-23,441.3195190429688,468.1900024414063,469.1000061035156,464.4500122070313,467.2200012207031,73206500,0.0013259941986774,0.0013251158447456,465.1905014038087,450.8110009765626,427.2167492675781,64.75317241742974,4.950430530387109,4.39934303451633,3.738876255137732,56001650.0,0.0061089579725681,2
2021-11-24,442.4978332519531,469.4400024414063,469.5700073242188,465.1900024414063,466.05999755859375,61858800,0.002669856241017,0.0026662985058638,465.9655014038087,451.2422009277345,427.61354934692383,66.59942131306747,4.794132416450452,3.607026736926207,3.784671157114501,55472690.0,-0.1550094595425269,2
2021-11-26,432.6286926269531,458.9700012207031,463.8999938964844,457.7699890136719,462.3399963378906,112669600,-0.0223031722184987,-0.0225556490482398,465.9980010986328,451.4782006835938,427.954849395752,45.22914975752639,3.7818288689345536,3.536758211045978,4.34790989073021,58534275.0,0.8213997038416523,2
2021-11-29,437.93560791015625,464.6000061035156,466.55999755859375,461.7300109863281,464.0700073242188,86268800,0.0122666075513402,0.0121919823663944,466.26550140380857,451.94220092773446,428.3146493530273,53.81173218630321,3.394732987670011,3.184272676918761,4.579487494098812,59339595.0,-0.2343205265661722,1
2021-11-30,429.4143981933594,455.55999755859375,464.0299987792969,455.2999877929688,462.0,148559600,-0.0194576160700861,-0.0196494074264313,466.0415008544922,452.3726007080079,428.63094940185545,42.33927033105503,2.331626040216406,3.75219082291961,4.916668266702241,64345895.0,0.7220547868986238,2
2021-12-01,424.6448364257813,450.5,464.6700134277344,450.2900085449219,461.6400146484375,131939200,-0.0111072034105517,-0.0111693489986255,465.471501159668,452.7100006103517,428.92149932861327,37.51776394287164,1.0684897258253727,5.054377775986894,5.5926208821386885,68497435.0,-0.1118769840521918,2
2021-12-02,431.1487731933594,457.3999938964844,459.0700073242188,450.30999755859375,450.7300109863281,127637800,0.015316301657013,0.0152001911963535,465.10550079345705,453.1008007812501,429.25489929199216,46.46979122675106,0.6171033547163916,5.367020693307627,5.818862945244858,72253835.0,-0.0326013800295893,2
2021-12-03,427.3972473144531,453.4200134277344,460.2999877929688,448.9200134277344,459.1700134277344,137331600,-0.0087013129030577,-0.0087393903697224,464.4310012817383,453.3056011962892,429.5718493652344,42.672050886558615,-0.0610707723458858,5.944872642037098,6.216085189529827,76478060.0,0.0759477208162471,2
2021-12-06,432.4591064453125,458.7900085449219,460.7900085449219,453.55999755859375,456.1300048828125,98977500,0.0118433129508153,0.0117737297780264,463.9440017700196,453.6032012939454,429.9306494140625,48.75712244069103,-0.163332135797475,5.990186500718141,6.298507327219661,78107405.0,-0.2792809520896866,2
2021-12-07,441.40435791015625,468.2799987792969,468.8800048828125,458.6499938964844,464.4100036621094,95484700,0.0206848232472913,0.020473797351641,463.9115020751953,454.1160009765626,430.334549407959,57.36905799908078,0.5154461552467637,5.963414741056642,6.579329017155979,80361380.0,-0.035288828269051,2
2021-12-08,442.5732727050781,469.5199890136719,470.0,466.8299865722656,468.7000122070313,72238800,0.002647967535678,0.0026444678463242,464.0185012817383,454.83200073242193,430.72329940795896,58.353927071728805,1.140295078262966,6.047529419487528,6.335806475054436,81415865.0,-0.2434515686806367,2
2021-12-09,439.5851745605469,466.3500061035156,469.6300048828125,466.1400146484375,468.1499938964844,61272600,-0.0067515398371333,-0.0067744345903001,464.1550018310547,455.4700006103516,431.1433995056152,54.864392656468524,1.3639781324852152,6.068833621932572,6.132533886434476,81008010.0,-0.1518048472565989,2
2021-12-10,443.7232055664063,470.739990234375,470.8999938964844,466.510009765625,469.2300109863281,77159800,0.0094134964584624,0.0093694656078313,464.5035018920898,456.3020001220704,431.5952995300293,58.56017216255935,1.8738826425855564,6.243181040710949,6.019494879758352,83123575.0,0.2592871854629965,2
2021-12-13,439.79248046875,466.5700073242188,470.55999755859375,466.2699890136719,470.1900024414063,87724700,-0.0088583570477621,-0.0088978255494879,464.4685028076172,456.9486004638673,431.9802496337891,54.03420367516064,1.9193774808274495,6.228801420665566,5.908816761254408,84836475.0,0.1369223352056381,2
2021-12-14,436.7667236328125,463.3599853515625,465.739990234375,460.25,463.0899963378906,97264100,-0.0068800435567339,-0.0069038201752757,464.26500244140624,457.64299987792975,432.3643495178223,50.78059456172426,1.6770782083454492,6.193339021008597,5.938187515751864,87350655.0,0.108742463639089,2
2021-12-15,443.5912170410156,470.6000061035156,470.8599853515625,460.739990234375,463.4200134277344,116899300,0.015625045279773,0.0155042311191254,464.3310028076172,458.39299987792975,432.8102494812012,57.06071431327486,2.0456821066040334,6.25630830491529,6.2368880587115525,90752745.0,0.2018751008851158,2
2021-12-16,439.6794128417969,466.4500122070313,472.8699951171875,464.7999877929688,472.5700073242188,116568600,-0.008818516452742,-0.0088576296858642,464.2465026855469,459.0240002441407,433.2589994812012,52.89456401042672,1.9801080738209291,6.213420545948942,6.367825149104919,94188260.0,-0.0028289305410725,2
2021-12-17,435.0,459.8699951171875,464.739990234375,458.05999755859375,461.5499877929688,135511600,-0.0141065857383305,-0.0142070293487291,463.7535018920898,459.4482000732423,433.640199432373,47.03118583678982,1.381265424743333,6.146240880664096,6.512267256200107,98432560.0,0.1625051686303171,2
2021-12-20,430.37445068359375,454.9800109863281,455.3999938964844,451.1400146484375,454.4800109863281,107134800,-0.0106334054902044,-0.0106903441405788,463.0580017089844,459.7906005859376,434.0064994812012,43.19876407525395,0.5062615903861456,6.318999052911229,6.670675342810813,100923520.0,-0.2094049513104413,2
2021-12-21,438.0174865722656,463.05999755859375,463.2099914550781,456.30999755859375,458.6099853515625,69806300,0.017758992432985,0.0176031439629836,462.8325012207032,460.3580004882813,434.3859494018554,50.39203840395962,0.4595052462655076,6.229344949470501,6.782054280377897,100775735.0,-0.3484255349335603,2
2021-12-22,442.3970947265625,467.6900024414063,467.80999755859375,462.5799865722656,462.7900085449219,58890200,0.0099987148689661,0.0099490584453944,462.8075012207031,461.0394006347657,434.7764994812012,53.98784945752214,0.7869813747570333,6.207677887184192,6.671194045088628,100059920.0,-0.1563770032217722,2
2021-12-23,445.149658203125,470.6000061035156,472.1900024414063,468.6400146484375,468.75,56439700,0.0062220779724149,0.0062028007667942,462.8655014038086,461.7478009033204,435.1618495178223,56.13970824069861,1.2667195866521297,6.277930474250323,6.516108756153726,99788965.0,-0.0416113377098397,2
2021-12-27,451.4494934082031,477.260009765625,477.30999755859375,472.010009765625,472.05999755859375,56808600,0.0141521537945845,0.0140529469640168,463.7800018310547,462.44300109863286,435.5778495788574,60.67285023529192,2.1594296506510204,6.974149781888295,6.529957520362612,96995915.0,0.0065361793205847,2
2021-12-28,451.0805358886719,476.8699951171875,478.80999755859375,476.05999755859375,477.7200012207031,47274600,-0.0008171953242616,-0.000817529410382,464.3935012817383,463.06300109863287,435.9801495361328,60.27994142917317,2.803125202904141,7.56475353245282,6.259960554622426,95046205.0,-0.167826702295075,2
2021-12-29,451.6575927734375,477.4800109863281,478.55999755859375,475.9200134277344,476.9800109863281,54503000,0.0012792079086265,0.0012783904192747,465.489501953125,463.66880126953134,436.3879995727539,60.7085299556135,3.324162867844109,7.801774504344912,6.001390810067923,90343375.0,0.1529024042509086,2
2021-12-30,450.4089965820313,476.1600036621094,479.0,475.6700134277344,477.9299926757813,55329000,-0.0027645289726202,-0.0027683573402238,466.77250213623046,464.1792010498048,436.78249954223634,59.21946035657586,3.5892013331118733,7.300824291738634,5.810576221653473,86512865.0,0.0151551290754636,2
2021-12-31,449.2738342285156,474.9599914550781,476.8599853515625,474.6700134277344,475.6400146484375,65237400,-0.0025201869073463,-0.0025233679239986,467.65050201416017,464.6302008056641,437.19989944458007,57.83072989911154,3.660222503537227,7.169056556762777,5.551961628951662,83392845.0,0.1790814943338936,2
2022-01-03,451.8750915527344,477.7099914550781,477.8500061035156,473.8500061035156,476.2999877929688,72668200,0.0057899613640617,0.0057732639583171,468.8650009155273,465.1126007080079,437.6410493469238,60.1377281983516,3.8935271526906376,6.671614801539434,5.441107226883686,80159675.0,0.1139039875899408,2
2022-01-04,451.7237854003906,477.5499877929688,479.9800109863281,475.5799865722656,479.2200012207031,71178700,-0.0003349389063895,-0.0003349950109531,469.80299987792966,465.6012005615235,438.0658493041992,59.93228397642038,4.019181190774361,6.497064607904725,5.366744168825029,78769735.0,-0.0204972739107339,2
2022-01-05,443.0497131347656,468.3800048828125,477.9800109863281,468.2799987792969,477.1600036621094,104538900,-0.0192021424867708,-0.0193888982303603,469.8080001831055,465.8578009033204,438.46024932861326,49.49611083057417,3.3403168438385364,6.495869149799942,5.676263314411187,79222445.0,0.4686823445778021,2
2022-01-06,442.6335144042969,467.9400024414063,470.8200073242188,465.4299926757813,467.8900146484375,86858900,-0.0009394133755054,-0.0009398549007886,469.7290008544922,466.09740112304695,438.862349395752,49.05471074835587,2.7352768690748235,6.509150043414509,5.655816981127352,79953450.0,-0.1691236467955947,2
2022-01-07,440.8835754394531,466.0899963378906,469.2000122070313,464.6499938964844,467.9500122070313,85111600,-0.0039535113344949,-0.0039613471198269,469.71600036621095,466.3404010009766,439.2442993164062,47.15077230393048,2.082492619972925,6.516509477177697,5.57683136180018,81145400.0,-0.0201165338267005,2
2022-01-10,440.3349609375,465.510009765625,465.739990234375,456.6000061035156,462.7000122070313,119362000,-0.0012443660598223,-0.001245140926146,469.4545013427734,466.4842010498047,439.5919493103027,46.54090344968889,1.5010531242283491,6.577902347028158,5.856342709841238,83255510.0,0.4024175318053002,2
2022-01-11,444.34564208984375,469.75,469.8500061035156,462.0499877929688,465.2300109863281,74303100,0.0091082686632446,0.0090670385517369,469.6135009765625,466.6942010498047,439.9617993164063,51.48157454218881,1.366636180455714,6.542848979072993,5.995176681320208,82584430.0,-0.377497863641695,2
2022-01-12,445.5469055175781,471.0199890136719,473.2000122070313,468.9400024414063,471.5899963378906,67605400,0.0027035423388437,0.0026998943417852,469.996501159668,466.9138006591797,440.34324920654296,52.886111178993495,1.347059223542601,6.3796821840384,5.871236187341979,81101495.0,-0.0901402498684442,2
2022-01-13,439.4078979492188,464.5299987792969,472.8800048828125,463.4400024414063,472.1900024414063,91173100,-0.0137785877154921,-0.0138743935189613,469.693000793457,466.9664007568359,440.6842492675781,45.61843572285144,0.798650030927945,6.492841123434005,6.12614806263228,79815185.0,0.3486067680984064,2
2022-01-14,439.5876770019531,464.7200012207031,465.0899963378906,459.8999938964844,461.1900024414063,95890900,0.0004090208208415,0.0004089371946281,469.6065002441407,466.9664007568359,441.0047993469239,45.85303562520583,0.3750401741377231,6.549595544391887,6.059280518258992,78781300.0,0.0517455258184704,2
2022-01-18,431.80267333984375,456.489990234375,459.9599914550781,455.30999755859375,459.739990234375,109709100,-0.0177096121636898,-0.0178683037138341,469.4375,466.75800048828125,441.2554493713379,38.17159974891055,-0.6176469453240543,6.85073532436656,6.298617885676877,77491175.0,0.1441033507871967,2
2022-01-19,427.3191223144531,451.75,459.6099853515625,451.4599914550781,458.1300048828125,109357600,-0.0103835578781067,-0.0104378431248547,469.2759994506836,466.4224005126953,441.483599395752,34.57870303962922,-1.7664734314585075,7.23669717600553,6.430859029305984,77602315.0,-0.0032039274773013,2
2022-01-20,422.5895080566406,446.75,458.739990234375,444.5,453.75,122379700,-0.0110680686220254,-0.0111297754328004,468.4604995727539,465.9788006591797,441.6843994140625,31.238507528589096,-3.045280810265126,8.737418337962197,6.988654115382343,80230985.0,0.1190781436315353,2
2022-01-21,414.2937927246094,437.9800109863281,448.05999755859375,437.9500122070313,445.55999755859375,202271200,-0.0196306413288682,-0.0198258817220074,466.975,465.39080078125,441.8316995239258,26.41814937222261,-4.712091631671342,11.08540872181324,7.211606346538065,87400035.0,0.6528166027535613,2
2022-01-24,416.0531311035156,439.8399963378906,440.3800048828125,420.760009765625,432.0299987792969,251783900,0.0042467357068962,0.0042377437734018,465.43699951171874,464.9152008056641,441.9734495544433,28.92317519841208,-5.815923596105108,12.588002409388276,8.097919830155881,97167245.0,0.2447837358951743,2
2022-01-25,410.97357177734375,434.4700012207031,439.7200012207031,427.1499938964844,433.05999755859375,167997300,-0.0122089740857995,-0.0122841158387268,463.29749908447263,464.3292010498047,442.0875994873047,26.154701975545574,-7.042846556549932,14.026892326874052,8.425925730959479,102726680.0,-0.332771873022858,2
2022-01-26,409.9425964355469,433.3800048828125,444.0400085449219,428.8599853515625,440.7200012207031,186391100,-0.0025087953939929,-0.0025119476945792,461.1229995727539,463.6514013671875,442.19019958496096,25.618674747862983,-8.010801899447529,15.138996884768703,8.908361263988043,109682505.0,0.1094886644011541,2
2022-01-27,407.9183349609375,431.239990234375,441.5899963378906,429.4500122070313,438.260009765625,149878300,-0.0049379635062216,-0.0049501955321615,458.8109985351563,462.9276013183594,442.2891494750976,24.554660604180143,-8.84859369960509,16.015010648961297,9.139191468764563,114451270.0,-0.1958934734544728,2
2022-01-28,418.049072265625,441.9500122070313,442.0,427.8200073242188,432.6799926757813,164457400,0.0248354100157444,0.0245320241023347,457.1004989624024,462.38100158691407,442.4195495605469,38.35388695327067,-8.549783884820272,15.890943234789784,9.499248697837178,119907690.0,0.0972729207630458,2
2022-01-31,425.5786437988281,449.9100036621094,450.2799987792969,439.80999755859375,441.239990234375,152251400,0.0180110673949913,0.0178507897735481,455.8479995727539,462.0164013671875,442.5827995300293,46.22616231728696,-7.583255123147069,15.388454518825297,9.568588163756177,124258390.0,-0.074219828356766,2
2022-02-01,428.4541320800781,452.9500122070313,453.6300048828125,446.9400024414063,450.6799926757813,123155400,0.0067569258744577,0.0067342001640128,454.6100006103516,461.6808013916016,442.77149963378906,48.90953691288419,-6.497076578387691,14.50786525370228,9.362974897874034,126782750.0,-0.1911049750609846,2
2022-02-02,432.61627197265625,457.3500061035156,458.1199951171875,453.0499877929688,455.5,117361000,0.0097140827418129,0.0096672043824065,453.6000015258789,461.4500012207032,442.997399597168,52.59660904979712,-5.221044569202775,13.49453609764706,9.063475470179904,129091865.0,-0.0470495000625226,2
2022-02-03,422.44769287109375,446.6000061035156,452.9700012207031,445.7099914550781,450.9500122070313,118024400,-0.0235049739948333,-0.0237856223750822,452.51100158691406,461.030601196289,443.1500495910644,44.20322939031293,-5.019355165206548,13.1124300302466,9.247513982912588,129766140.0,0.0056526444048703,2
2022-02-04,424.43402099609375,448.7000122070313,452.7799987792969,443.8299865722656,446.3500061035156,118454400,0.0047022079597305,0.0046911871145822,451.5490020751953,460.6408013916016,443.3321997070312,46.01558855955796,-4.636613918316982,12.617325840911402,9.22626385606392,131345915.0,0.0036433144332865,2
2022-02-07,423.0719299316406,447.260009765625,450.989990234375,445.8500061035156,449.510009765625,84472900,-0.0032092765817485,-0.00321443735436,450.6075027465821,460.197201538086,443.4847998046875,44.93770111826631,-4.398778504617496,12.169781032729638,8.934386732835025,131313980.0,-0.2868741051408812,2
2022-02-08,426.5528869628906,450.9400024414063,451.9200134277344,445.2200012207031,446.7300109863281,81012000,0.0082278598475855,0.0081941955394974,449.8790023803711,460.0366015625,443.6514498901368,48.27241835831214,-3.868751018270757,11.65598879779064,8.77478855242047,129396480.0,-0.0409705361127651,2
2022-02-09,432.79595947265625,457.5400085449219,457.8800048828125,455.010009765625,455.2200012207031,92589900,0.0146361069494453,0.014530032891025,449.2685028076172,459.8954016113281,443.85154998779296,53.68950927467176,-2.8829027740630977,10.85250322013446,8.643732401633736,130310820.0,0.1429158643163974,2
2022-02-10,425.0205078125,449.3200073242188,457.7099914550781,447.2000122070313,451.3399963378906,140103700,-0.0179656446806575,-0.0181289861893868,448.18350372314455,459.7706018066406,444.0111500549317,47.07701784686421,-2.733387548781991,9.572687949508085,8.7770357478061,133935735.0,0.5131639628080384,2
2022-02-11,416.6396789550781,440.4599914550781,451.6099853515625,438.9400024414063,449.4100036621094,153214600,-0.01971872101112,-0.0199157291232926,446.9800033569336,459.5698016357422,444.1131500244141,41.18858340578093,-3.2918781675526816,8.898749810179671,9.055103402259675,137037810.0,0.0935799696938768,2
2022-02-14,415.2775573730469,439.0199890136719,441.6000061035156,435.3399963378906,439.9200134277344,123006300,-0.0032693149646785,-0.0032746708514206,445.695002746582,459.20220153808594,444.2217500305176,40.30616254971231,-3.8067997511740823,8.013793990317154,8.855453856785772,138393580.0,-0.1971633251661395,2
2022-02-15,421.97467041015625,446.1000061035156,446.2799987792969,443.1799926757813,443.7300109863281,88482700,0.016126867265771,0.0159982107168349,445.1755035400391,459.0558013916016,444.36125,46.38777197831355,-3.60205832090503,7.603432994070864,8.741493564560002,137332260.0,-0.2806652992570299,2
2022-02-16,422.44769287109375,446.6000061035156,448.05999755859375,441.9400024414063,443.9299926757813,84863600,0.0011208249118113,0.0011201972565205,444.91800384521486,458.81200134277344,444.5161500549317,46.79998448808921,-3.360713230854856,7.454813897235204,8.554243675461963,136107560.0,-0.0409017808000885,2
2022-02-17,413.4234924316406,437.05999755859375,446.5700073242188,436.4200134277344,443.2200012207031,102259100,-0.0213614160648054,-0.0215928732166531,444.43350372314455,458.1876013183594,444.6227000427246,40.4149556792233,-3.894352793734015,7.642016818841018,8.670368604056199,135101530.0,0.2049818767999471,2
2022-02-18,410.7466125488281,434.2300109863281,438.6600036621094,431.8200073242188,437.3299865722656,132642900,-0.006475052825868,-0.0064961069138482,444.24600372314455,457.4818017578125,444.69850006103513,38.727036263710566,-4.493820294133684,7.851813637811932,8.539627727901511,131620115.0,0.2971256347845814,2
2022-02-22,406.338623046875,429.5700073242188,435.5,425.8599853515625,431.8900146484375,124391800,-0.0107316480763832,-0.0107896475380414,443.7325042724609,456.74620178222654,444.7357501220703,36.05660730852188,-5.284015120265906,8.466860805706583,8.618226793654083,125250510.0,-0.0622053649309537,2
2022-02-23,399.1306762695313,421.9500122070313,433.260009765625,421.3500061035156,432.6600036621094,132578000,-0.0177386572322687,-0.0178978728701241,443.1065048217773,455.77040222167966,444.75580017089845,32.152396707832835,-6.450759792592294,9.5776944751102,8.853353712829461,123479545.0,0.065809804183234,2
2022-02-24,405.13720703125,428.2999877929688,428.760009765625,410.6400146484375,411.0199890136719,213942900,0.0150491181472507,0.014937003586184,442.85250396728514,455.0050018310547,444.8262501525879,38.1614962082639,-6.784812297757924,9.910786825455007,9.515256670283607,124857135.0,0.6137134366184436,2
2022-02-25,414.0762023925781,437.75,437.8399963378906,427.8599853515625,429.6099853515625,121804500,0.0220640029800773,0.0218241150457597,443.1780044555664,454.49280212402346,444.98795013427736,45.848085818448816,-6.215367420073108,9.61171509607536,9.54845340714393,123453445.0,-0.4306681829590979,2
2022-02-28,413.0168151855469,436.6300048828125,438.2000122070313,430.7000122070313,432.0299987792969,145615000,-0.0025585268239577,-0.0025618054472031,442.9120040893555,453.8134020996094,445.11970016479495,45.1320605857886,-5.787735090265869,9.720487003773826,9.40213530663365,122511325.0,0.1954812835322177,2
2022-03-01,406.7264099121094,429.9800109863281,437.1700134277344,427.1099853515625,435.0400085449219,137785900,-0.015230272363598,-0.0153474441899679,441.9155044555664,453.0840020751953,445.1867002868652,41.03432258056967,-5.917222264178975,9.983337964654856,9.449127647314953,121788050.0,-0.0537657521546544,2
2022-03-02,414.2086791992188,437.8900146484375,439.7200012207031,431.5700073242188,432.3699951171875,117726500,0.0183962125215184,0.0182290492061456,441.1625045776367,452.6444024658203,445.2985504150391,47.17781730210155,-5.320242153724109,9.670295624830771,9.46990354639067,121516605.0,-0.1455838369528377,2
2022-03-03,412.14654541015625,435.7099914550781,441.1099853515625,433.7999877929688,440.4700012207031,105501700,-0.0049784720373439,-0.0049909059142293,440.0805038452148,452.2590020751953,445.4174003601074,45.76268574802762,-4.965798137838306,8.947383957462678,9.315624547262315,120923640.0,-0.1038406815797632,2
2022-03-04,408.7980041503906,432.1700134277344,433.3699951171875,427.8800048828125,431.75,113978200,-0.0081246198085148,-0.0081578043956918,439.35900421142577,451.6412023925781,445.5239505004883,43.48186442834826,-4.913900952213339,8.975752800801667,9.209507549048269,120721330.0,0.0803446769104194,2
2022-03-07,396.7469787597656,419.4299926757813,432.2999877929688,419.3599853515625,431.5499877929688,137896600,-0.0294791872552799,-0.0299224312194867,437.89550323486327,450.6760021972656,445.5447004699707,36.442381475698696,-5.833539844518214,9.72731638419631,9.475971469930982,121693440.0,0.2098506556516948,2
2022-03-08,393.7389831542969,416.25,427.2099914550781,415.1199951171875,419.6199951171875,164772700,-0.0075817007159987,-0.0076105879108744,436.34500274658205,449.5890020751953,445.5512504577637,34.92260437786918,-6.741250189041352,10.589333732754678,9.6626875319281,125708430.0,0.1949003818803363,2
2022-03-09,404.29541015625,427.4100036621094,429.510009765625,422.8200073242188,425.1400146484375,116990800,0.0268108196086711,0.0264577071707377,435.1685028076172,448.592001953125,445.5924504089355,43.78318679119635,-6.485339196017435,10.18172495878206,9.919639120049307,127507370.0,-0.289986751446083,2
2022-03-10,402.4698181152344,425.4800109863281,426.4299926757813,420.4400024414063,422.5199890136719,93972700,-0.0045155533544951,-0.0045257792609062,433.5655029296875,447.5642022705078,445.6286505126953,42.70040703604596,-6.364891660565206,8.919739706591495,9.708950698667431,127576510.0,-0.1967513684836757,2
2022-03-11,397.352294921875,420.0700073242188,428.7699890136719,419.5299987792969,428.1199951171875,95636300,-0.012715059514942,-0.0127965877120402,432.1030029296875,446.4160021972656,445.63365051269534,39.73405793508867,-6.62955679916189,8.592589341230457,9.675453522646546,125353140.0,0.0177030137476097,2
2022-03-14,394.4483947753906,417.0,424.5499877929688,415.7900085449219,420.8900146484375,95729200,-0.0073083230668484,-0.0073351596936434,430.9300033569336,445.23280212402346,445.6222004699707,38.115892661645255,-7.006265890317309,8.98408569720743,9.610062503032289,122478870.0,0.0009713884790607,0
2022-03-15,403.1225280761719,426.1700134277344,426.8399963378906,418.4200134277344,419.7699890136719,106219100,0.0219904398746628,0.0217521374076852,430.2875045776367,444.2570025634766,445.6528504943848,45.28378169143503,-6.490053812054953,8.833297241724456,9.626486348379313,121639510.0,0.1095788954676315,0
2022-03-16,412.0613708496094,435.6199951171875,435.6799926757813,424.7999877929688,429.8900146484375,144954800,0.0221742060485341,0.0219319332717148,429.7635040283203,443.41520263671873,445.732600402832,51.51617301059936,-5.257808729220017,8.12865102548191,9.71602338655311,124463115.0,0.3646773508719241,0
2022-03-17,417.2167053222656,441.0700073242188,441.0700073242188,433.1900024414063,433.5899963378906,102676900,0.0125109321613328,0.0124333171366459,429.4870040893555,442.68560302734375,445.8363005065918,54.71949843399079,-3.797697690777397,7.602854563339171,9.584879207714494,125353780.0,-0.2916626424237072,0
2022-03-18,421.7863464355469,444.5199890136719,444.8599853515625,437.2200012207031,438.0,106345500,0.007821846038416,0.0077914139875613,429.86000366210936,442.2084027099609,445.9650505065918,56.67107708903668,-2.3352452302659685,8.15676143401919,9.44595813079627,125558100.0,0.0357295555280692,0
2022-03-21,421.6629943847656,444.3900146484375,446.4599914550781,440.6799926757813,444.3399963378906,88349800,-0.0002923926222593,-0.0002924353773164,430.3680038452149,441.7374029541016,446.0740005493164,56.572152755192256,-1.173204987145937,8.738858639996309,9.184103891403453,123343445.0,-0.1692191959227236,0
2022-03-22,426.5970764160156,449.5899963378906,450.5799865722656,445.8599853515625,445.8599853515625,74650400,0.0117013918361035,0.0116334599687074,431.3690032958984,441.4074029541016,446.2110005187988,59.60985936044736,0.1654086143107633,9.732727089033382,8.970237322290929,120856375.0,-0.1550586418984536,0
2022-03-23,421.1032104492188,443.7999877929688,448.489990234375,443.7099914550781,446.9100036621094,79426100,-0.012878419431224,-0.01296206520101,432.4615020751953,440.9732025146485,446.3186004638672,54.99691784062709,0.7504139325031929,9.845475760286496,8.749506433756755,118198780.0,0.0639742050946814,0
2022-03-24,427.4510803222656,450.489990234375,450.5,444.760009765625,445.9400024414063,64736900,0.0150743637346089,0.0149618745731804,433.5710021972656,440.588002319336,446.46280044555664,58.94974202011045,1.7338751152161649,10.575101939905291,8.603113988990645,110738480.0,-0.1849417257047746,0
2022-03-25,429.5386047363281,452.6900024414063,452.9800109863281,448.4299926757813,451.1600036621094,77101300,0.0048835984255426,0.0048717123409531,434.318002319336,440.2214025878906,446.6082005310059,60.18814268195827,2.6601334245668795,11.38266180090324,8.313607154816086,108503320.0,0.1909946259397654,0
2022-03-28,432.5939331054688,455.9100036621094,455.9100036621094,450.05999755859375,452.05999755859375,68529800,0.0071130380687385,0.0070878597392271,435.2820022583008,440.0490026855469,446.7662005615234,61.99530898416511,3.6123856626091992,12.36297113899191,8.137635651151767,104649060.0,-0.1111719257651946,0
2022-03-29,437.9454040527344,461.5499877929688,462.0700073242188,457.1799926757813,460.0199890136719,86581500,0.0123708277632781,0.0122949343421034,436.8605010986328,439.9856024169922,446.94765045166014,64.99274720413854,4.767198706698252,13.603561517233969,7.996376223363028,102088840.0,0.2634138725051,0
2022-03-30,435.24114990234375,458.7000122070313,461.2000122070313,456.4700012207031,460.3399963378906,79666900,-0.0061747928963565,-0.0061939357728947,437.9010009765625,440.0298028564453,447.11875045776367,62.31804877600934,5.390291230605499,14.455616975118554,7.788062676856074,100185860.0,-0.0798623262475239,0
2022-03-31,428.542236328125,451.6400146484375,458.760009765625,451.1600036621094,457.8900146484375,121699900,-0.0153913175729485,-0.0155109934691582,438.69750213623047,440.02760314941406,447.266400604248,56.15307074821639,5.253850625225027,14.764117369845756,7.774630064474613,100995770.0,0.5276093333617851,0
2022-04-01,429.7567443847656,452.9200134277344,453.4599914550781,449.1400146484375,453.30999755859375,89048800,0.002834112872601,0.0028301043466709,439.7350021362305,440.1510034179688,447.4211506652832,56.983949978191525,5.189187938158852,15.008326927511773,7.527869117486472,99749300.0,-0.2682919213573717,0
2022-04-04,433.4383239746094,456.7999877929688,456.9100036621094,452.260009765625,453.1300048828125,59601000,0.0085665774313448,0.0085300925260053,441.60350189208987,440.5274029541016,447.6305505371094,59.48986529447281,5.388903868445823,14.669772296911116,7.322306601700609,95834520.0,-0.3306928335923673,0
2022-04-05,427.9634094238281,451.0299987792969,457.8299865722656,449.8200073242188,455.2200012207031,74214500,-0.0126313247982988,-0.0127117781879513,443.3425018310547,440.7512030029297,447.78140060424806,54.413281136086354,5.023680429620526,13.522726553237533,7.371426076439624,91306610.0,0.2451888391134375,0
2022-04-06,423.68408203125,446.5199890136719,448.9299926757813,443.4700012207031,446.8900146484375,106898000,-0.0099993565346678,-0.0100496858887307,444.2980010986328,440.99220275878906,447.8984506225586,50.76663077294285,4.32051393152102,13.002855729100942,7.384895468022061,90801970.0,0.440392376152908,0
2022-04-07,425.8189697265625,448.7699890136719,450.6900024414063,443.5299987792969,445.5899963378906,78097200,0.00503896814333,0.0050263150313066,445.4625,441.3000024414063,448.02930053710935,52.47773346989642,3.8998505619955495,12.249965962023966,7.368831767599731,90008195.0,-0.2694231884600273,0
2022-04-08,424.6803894042969,447.5700073242188,450.6300048828125,445.9400024414063,447.9700012207031,79272700,-0.0026739347969556,-0.0026775161462257,446.8375,441.6266027832031,448.1416505432129,51.450700014241015,3.430103222473633,10.6943715107187,7.177486815728764,89190015.0,0.015051756016861,0
2022-04-11,417.421630859375,439.9200134277344,445.0,439.3900146484375,444.1099853515625,89770500,-0.0170922844947087,-0.0172400437045894,447.9835006713867,441.5860028076172,448.20820068359376,45.35645664522304,2.4127221388270077,8.28546895927547,7.249094377161088,88892080.0,0.1324264217063377,0
2022-04-12,415.8749694824219,438.2900085449219,445.75,436.6499938964844,443.0799865722656,84363600,-0.0037052301169749,-0.0037121114853793,448.5895004272461,441.3536029052734,448.26230072021485,44.15631144263257,1.458104408693487,6.94005070291668,7.381302357614984,87799305.0,-0.0602302538138921,0
2022-04-13,420.6382751464844,443.30999755859375,444.1099853515625,437.8399963378906,438.0299987792969,74070400,0.0114535784886762,0.0113884828391237,448.9740005493164,441.1608026123047,448.34035064697264,48.66172337368044,1.0940229242527266,6.373588789507792,7.301922833047619,84255085.0,-0.1220099663836061,0
2022-04-14,415.4005126953125,437.7900085449219,444.7300109863281,437.6799926757813,443.5499877929688,97869500,-0.0124517584626371,-0.0125299312103549,448.8100006103516,440.7696026611328,448.3890007019043,44.41806714890094,0.3559653963295659,6.624915871360243,7.2839296528689905,84014715.0,0.3213037866678188,0
2022-04-18,415.57135009765625,437.9700012207031,439.75,435.6099853515625,436.80999755859375,66002500,0.0004111392957082,0.0004110548011065,448.4825012207031,440.59700256347656,448.4267007446289,44.58775850904993,-0.211982999232589,6.999462257589417,7.059364295409599,81997565.0,-0.3256070583787595,0
2022-04-19,422.27978515625,445.0400085449219,445.7999877929688,437.6799926757813,437.8599853515625,77821000,0.0161426748510475,0.0160137673002007,448.51500091552737,440.5238024902344,448.48330078125,50.92546332074048,-0.0905518644876792,6.980944555635624,7.1351236398223055,81471125.0,0.1790613991894245,0
2022-04-20,421.9666748046875,444.7099914550781,447.5700073242188,443.4800109863281,446.9200134277344,65224400,-0.0007415447679024,-0.0007418198482218,448.27100067138673,440.4728021240234,448.5422007751465,50.63434286853315,-0.0207077305926191,7.0265283422391605,6.917614546827189,80999825.0,-0.1618663342799501,0
2022-04-21,415.65673828125,438.05999755859375,450.010009765625,437.1000061035156,448.5400085449219,85417300,-0.014953551807383,-0.0150664833963355,447.984001159668,440.2152020263672,448.56020080566407,45.04622417783628,-0.4962344011283335,7.329454508163312,7.345642340775917,81299385.0,0.3095911959328103,0
2022-04-22,404.2514953613281,426.0400085449219,438.0799865722656,425.4400024414063,436.9100036621094,132471800,-0.0274391386583161,-0.0278226230912424,446.7615020751953,439.5852020263672,448.53580078125,37.08037516035622,-1.822002461457771,8.784154138831493,7.72380961149616,84686130.0,0.5508778666616716,0
2022-04-25,406.5950927734375,428.510009765625,428.6900024414063,418.8399963378906,423.6700134277344,119647700,0.0057975804411869,0.0057808391465373,445.5525024414063,439.1690020751953,448.5007508850098,39.44992654884159,-2.642908936002073,9.555384724426853,7.875680789497554,86813450.0,-0.0968062636727212,0
2022-04-26,394.8197937011719,416.1000061035156,426.0400085449219,416.0700073242188,425.8299865722656,103996300,-0.0289608256033436,-0.0293884671208387,443.5620025634765,438.6818023681641,448.395850982666,32.77199053925065,-4.245922461058399,11.275805680445746,8.201703764633885,88586775.0,-0.1308123766691712,0
2022-04-27,395.9300231933594,417.2699890136719,422.9200134277344,415.010009765625,417.239990234375,122030000,0.0028117829680232,0.002807837300803,441.3480026245117,438.2468023681641,448.3042509460449,33.90788503652658,-5.360126187730373,11.888513984453311,8.180868043024992,90359200.0,0.1734071308306159,0
2022-04-28,405.9309692382813,427.80999755859375,429.6400146484375,417.6000061035156,422.2900085449219,105449100,0.0252594454967536,0.0249456981193354,439.80350189208986,437.8810021972656,448.262100982666,43.21596528589232,-5.331195363873007,11.516291034823292,8.48009358529218,91648310.0,-0.1358756043595836,0
2022-04-29,390.9295349121094,412.0,425.8699951171875,411.2099914550781,423.5899963378906,145491100,-0.0369556523896531,-0.0376558167278943,437.821501159668,437.1890020751953,448.148350982666,35.206420045573665,-6.508970787304236,12.720144342821738,9.060087336593854,92837870.0,0.3797282290697596,0
2022-05-02,393.28265380859375,414.4800109863281,415.9200134277344,405.0199890136719,412.0700073242188,158312500,0.006019444141573,0.0060013996632985,435.8995010375976,436.73740234375,448.0640510559082,37.173460383913806,-7.159717370430087,13.21326640233144,9.1915114135559,96301055.0,0.0881249780914434,0
2022-05-03,395.08544921875,416.3800048828125,418.9299926757813,413.3599853515625,415.010009765625,100028200,0.0045840422846037,0.0045735675616204,433.8785018920898,436.3804022216797,448.02110107421873,38.70865599185116,-7.436402874066346,12.936503643735096,8.932832550031822,98322415.0,-0.3681598105013818,0
2022-05-04,407.1170349121094,429.05999755859375,429.6600036621094,413.7099914550781,417.0799865722656,144247900,0.0304529336833787,0.0299984470237861,432.7800018310547,436.3702020263672,448.01110107421874,47.864629430434,-6.556924546664163,12.321610230599036,9.434059668388924,101824085.0,0.4420723356013605,0
2022-05-05,392.64691162109375,413.80999755859375,425.0,409.4400024414063,424.5499877929688,172929100,-0.0355428147270182,-0.0361898382147171,431.1445022583008,436.20740173339846,447.9074011230469,40.1050233112693,-7.009676004720404,12.570215699883676,10.161626486160246,105125640.0,0.198832703976973,0
2022-05-06,390.30322265625,411.3399963378906,414.7999877929688,405.7300109863281,411.1000061035156,151770800,-0.0059689259207744,-0.0059868111650779,429.2730026245117,435.8682019042969,447.78680114746095,39.002150235864974,-7.481550594823773,12.594289821169886,10.083651509051704,108809320.0,-0.1223524554282651,0
2022-05-09,377.8068237304688,398.1700134277344,406.4100036621094,396.5,405.1000061035156,155586100,-0.0320172680201463,-0.032541030728462,426.8030029296875,435.0766021728516,447.57795120239257,33.68333850495955,-8.816590000474775,13.619460094480973,10.423390425397344,112624990.0,0.025138564203391,0
2022-05-10,378.67974853515625,399.0899963378906,406.0799865722656,394.8200073242188,404.489990234375,132497200,0.0023105278627999,0.0023078626978,424.7615020751953,434.3258020019532,447.3683012390137,34.356772790146124,-9.688698134570927,14.576304540717985,10.483146769872306,114761325.0,-0.1483995035546235,0
2022-05-11,372.6639404296875,392.75,404.0400085449219,391.9599914550781,398.0700073242188,142361000,-0.0158861319403327,-0.0160136690520443,422.4845016479492,433.5812017822266,447.1370011901856,31.948957385312525,-10.76731591747432,15.85281908535456,10.59720893558455,117661195.0,0.074445346769592,0
2022-05-12,372.2749938964844,392.3399963378906,395.7999877929688,385.1499938964844,389.3699951171875,125090800,-0.0010439303936584,-0.0010444756685108,419.9360015869141,432.6702014160156,446.9045512390137,31.793777165014543,-11.522389219946092,16.415683218942426,10.600979289934545,120212215.0,-0.1213127190733417,0
2022-05-13,381.17523193359375,401.7200012207031,403.1799926757813,395.6099853515625,396.7099914550781,104174400,0.023907847709552,0.02362653009661,418.1325012207032,431.99040161132814,446.7099012756348,39.083554156567416,-11.234399090547868,16.33211767752102,10.618051936217125,120527460.0,-0.1672097388457024,0
2022-05-16,379.6285705566406,400.0899963378906,403.9700012207031,397.6000061035156,399.9800109863281,78622400,-0.0040575646665822,-0.0040658189177654,416.2385009765625,431.3488012695312,446.5178012084961,38.31715672146518,-11.01076733776165,16.105383419210412,10.314619306286437,121158455.0,-0.2452809903392772,0
2022-05-17,387.437744140625,408.3200073242188,408.5700073242188,402.5799865722656,406.5299987792969,83029700,0.0205703993143022,0.0203616860077539,414.40250091552736,431.1266015625,446.3714512634277,44.26035702796531,-10.053553352050985,14.679097035088532,10.183575854860846,121418890.0,0.0560565436822075,0
2022-05-18,371.8194885253906,391.8599853515625,403.7999877929688,390.5499877929688,403.5,117674500,-0.0403115734654327,-0.0411466028930118,411.76000061035154,430.63880126953126,446.1250012207031,36.653777624955474,-10.502079151924876,13.65747679061004,10.725464688888644,124041395.0,0.4172579209608127,0
2022-05-19,369.5422058105469,389.4599914550781,394.1400146484375,387.1099853515625,388.6199951171875,98510700,-0.0061246210029104,-0.0061434534278095,409.33000030517576,429.8798010253906,445.87740112304687,35.6906294466188,-10.925258945255962,13.041450743927994,10.461505018030527,124696065.0,-0.1628543142312055,0
2022-05-20,369.70355224609375,389.6300048828125,397.0299987792969,380.5400085449219,393.25,131432200,0.0004365363104414,0.0004364410561866,407.5095001220704,429.1628009033203,445.6167510986328,35.819287409654976,-11.118743365222995,13.127091990782317,10.892111104912274,124644085.0,0.3341921232921905,0
2022-05-23,376.6207275390625,396.9200134277344,397.7300109863281,390.3800048828125,392.8299865722656,76414900,0.0187100799567898,0.0185371994866822,405.9300003051758,428.6998010253906,445.3889012145996,41.2470585089445,-10.562085253463067,12.344420790240454,10.69267503338394,122482445.0,-0.4185983343503342,0
2022-05-24,373.7457275390625,393.8900146484375,395.1499938964844,386.9599914550781,392.55999755859375,91448800,-0.0076337767731344,-0.0076630631862073,404.8195007324219,428.2376013183594,445.1477012634277,39.74262620209607,-10.247300763640965,12.38032781416676,10.640342671903392,121855070.0,0.1967404262781211,0
2022-05-25,377.0476989746094,397.3699951171875,399.4500122070313,391.8900146484375,392.30999755859375,91472900,0.0088349040070385,0.0087961046011871,403.82450103759766,427.6616009521484,444.9211512756348,42.34365873532192,-9.60629110301238,12.124047019639754,10.420318020952708,120327215.0,0.0002635354427833,0
2022-05-26,384.5816650390625,405.30999755859375,407.0400085449219,398.4500122070313,398.6700134277344,82168300,0.0199813839468796,0.0197843760971566,402.69950103759766,427.0554010009766,444.7288012695312,47.87246400765091,-8.36121164590611,10.746965209597017,10.366724835722826,119163175.0,-0.1017197443177159,0
2022-05-27,394.0227355957031,415.260009765625,415.3800048828125,407.7000122070313,407.9100036621094,84768700,0.0245491408229889,0.0242526532107174,402.8625015258789,426.5392010498047,444.5795513916016,53.845387898082414,-6.496704412046597,10.918800007527055,10.345530727758248,116127055.0,0.0316472410893251,0
2022-05-31,391.81195068359375,412.9299926757813,416.4599914550781,410.0299987792969,413.5499877929688,95937000,-0.0056109835646316,-0.0056267842656146,402.7850006103516,425.9074011230469,444.4146012878418,52.33316110429226,-5.147741937847343,10.837195701148094,10.065849438331322,113008280.0,0.1317502804690882,0
2022-06-01,388.6427307128906,409.5899963378906,416.239990234375,406.9299926757813,415.1700134277344,86585800,-0.0080885292837353,-0.0081214189092501,402.4455001831055,425.2114007568359,444.2277012634277,50.15853388326429,-4.298637235011881,10.489669147148811,10.011860018350063,112336160.0,-0.0974722995298997,0
2022-06-02,396.0438232421875,417.3900146484375,417.4400024414063,407.0400085449219,409.4200134277344,79609600,0.0190434785524211,0.0188644211933641,401.8620010375977,424.56740112304686,444.0944512939453,54.87443626749722,-2.962173260894758,9.17326675013858,10.039583866788233,109104245.0,-0.0805697931993467,0
2022-06-03,389.5441589355469,410.5400085449219,414.0400085449219,409.510009765625,412.3999938964844,71874300,-0.0164115236663849,-0.0165476845143269,401.69850158691406,423.90220153808593,443.95125137329103,50.36728095162095,-2.427768374776917,8.976126777351748,9.88532822507568,104051505.0,-0.0971654172361122,0
2022-06-06,390.730224609375,411.7900085449219,416.6099853515625,410.5499877929688,414.7799987792969,57508900,0.0030447702391549,0.0030401443137915,401.7210021972657,423.1282019042969,443.8109014892578,51.15568744390659,-1.881693112151538,9.002093770018224,9.61280312375889,99338410.0,-0.1998683813268442,0
2022-06-07,394.4782409667969,415.739990234375,416.2200012207031,407.6099853515625,408.1000061035156,59272400,0.0095922232387584,0.0095465099609198,402.5995010375976,422.3892016601562,443.6728015136719,53.66065315144473,-1.1173143173502351,9.481848178531717,9.54117546271473,94522725.0,0.0306648188367366,0
2022-06-08,390.18939208984375,411.2200012207031,415.8200073242188,410.3800048828125,413.9299926757813,64350000,-0.0108721535571396,-0.0109316873186563,403.2060012817383,421.4954016113281,443.4926014709473,50.47090872246491,-0.8662780396950325,9.632300381038585,9.248234532621272,91115365.0,0.0856655036745601,0
2022-06-09,380.9095764160156,401.4400024414063,411.739990234375,401.4400024414063,409.3399963378906,86289800,-0.0237828868981687,-0.0240702653592129,403.64050140380857,420.2932019042969,443.2599514770508,44.33060695431334,-1.4398959237587403,9.326978367699947,9.32335976550323,88311805.0,0.340944832944833,0
2022-06-10,369.8648071289063,389.7999877929688,395.7799987792969,389.75,394.8800048828125,132893900,-0.0289956520965706,-0.0294243329424136,403.5135009765625,418.9152014160156,442.9644013977051,38.35037992663113,-2.801450751618404,9.50455238309214,9.492405670924878,88701960.0,0.5400881680105876,0
2022-06-13,355.8216552734375,375.0,381.80999755859375,373.2999877929688,379.8500061035156,170004900,-0.0379681586876534,-0.0387077297869096,402.1775009155273,417.38240112304686,442.60810134887697,32.370924759418045,-5.016896429276699,11.44896910404093,9.992948123001671,91993485.0,0.2792528475723868,0
2022-06-14,354.74957275390625,373.8699951171875,377.9400024414063,370.5899963378906,376.8500061035156,104011800,-0.0030133463541666,-0.0030178956236066,400.8665008544922,415.801400756836,442.22620132446286,31.961175354613676,-6.785614698101938,13.084908469243524,9.804166550181243,93262955.0,-0.3881835170633316,0
2022-06-15,359.8069763183594,379.2000122070313,383.8999938964844,372.1199951171875,377.3599853515625,125666800,0.0142563381909617,0.0141556722256004,399.4105010986328,414.2494012451172,441.8610513305664,36.07162964900119,-7.668847138611682,13.811827557637208,9.945297423689505,95394810.0,0.2081975314339335,0
2022-06-16,347.8987731933594,366.6499938964844,370.9400024414063,364.0799865722656,370.510009765625,134473300,-0.0330960387830763,-0.0336561046793044,398.1500015258789,412.5618011474609,441.4365013122559,31.279837703701038,-9.27458515935541,15.574994111333291,10.314920867337804,96234750.0,0.0700781749833687,0
2022-06-17,348.64874267578125,365.8599853515625,369.3800048828125,362.1700134277344,365.510009765625,111113900,-0.0021546667341413,-0.0021569913683171,396.9700012207031,410.94860107421874,441.0068013000488,31.000663496536177,-10.489969359711267,17.088483725806626,10.09314019503354,96864910.0,-0.1737103201899559,0
2022-06-21,357.425537109375,375.0700073242188,376.5299987792969,371.80999755859375,371.8900146484375,76811900,0.0251736247236937,0.024861988219845,396.2420013427735,409.4746014404297,440.6162013244629,37.95320679045381,-10.58794703043668,17.7162484963091,10.134345425940742,94133895.0,-0.3087102513726906,0
2022-06-22,356.7775573730469,374.3900146484375,378.7200012207031,370.1799926757813,370.6199951171875,90059400,-0.0018129753446094,-0.0018146207734582,395.1155014038086,408.01100158691406,440.2227514648437,37.65155220993451,-10.59829422772907,18.3749161612536,10.020464220153675,94816120.0,0.1724667662172136,0
2022-06-23,360.2748718261719,378.05999755859375,378.8299865722656,372.8900146484375,376.6400146484375,79292100,0.0098025662185528,0.0097548327531278,394.3240005493164,406.7738012695313,439.85575149536135,40.40462985159505,-10.192860554965876,18.76723384308857,9.729000484701851,94208285.0,-0.1195577585460262,0
2022-06-24,371.7293701171875,390.0799865722656,390.0899963378906,381.3699951171875,381.3999938964844,98050300,0.0317938662944865,0.0312989051455815,393.9595001220703,405.8096008300781,439.5516014099121,48.43559172545329,-8.800195613049766,18.77575230366476,9.893357505744351,94537155.0,0.2365708563652622,0
2022-06-27,370.3094482421875,388.5899963378906,391.3599853515625,387.4400024414063,391.0499877929688,66009600,-0.0038197043828572,-0.0038270180837005,393.1235000610352,404.715200805664,439.2496513366699,47.579657507246,-7.727648846905538,18.61531411668429,9.46668789177377,93729220.0,-0.3267781944573347,0
2022-06-28,362.7429809570313,380.6499938964844,393.1600036621094,380.5299987792969,390.2300109863281,86548900,-0.020432853434812,-0.0206444920684129,391.39299926757815,403.5724005126953,438.9257012939453,43.19870629079667,-7.4326605628089055,18.04925878024142,9.692639105419394,93818230.0,0.3111562560597247,0
2022-06-29,362.4475708007813,380.3399963378906,382.2699890136719,378.4200134277344,381.2300109863281,65676000,-0.00081439002644,-0.0008147218221505,389.7634994506836,402.4198004150391,438.5945013427734,43.03211124562489,-7.141570851306994,17.464189681564896,9.275305996884972,92305180.0,-0.2411688652311006,0
2022-06-30,359.5029296875,377.25,380.6600036621094,372.55999755859375,376.239990234375,112508300,-0.0081243002777585,-0.0081574822476567,388.14649963378906,401.06400024414063,438.2599012756348,41.32149822275015,-7.078619123081012,17.023458157197176,9.191356004501449,93601305.0,0.71308088190511,0
2022-07-01,363.3052062988281,381.239990234375,381.7000122070313,373.7999877929688,376.55999755859375,74839700,0.0105765148691185,0.0105209748060404,386.338998413086,399.7946002197266,437.92670120239256,44.39525517101401,-6.630340125026976,15.616017272056949,9.099118033755808,93362810.0,-0.3348072986615209,0
2022-07-05,363.9913940429688,381.9599914550781,381.9800109863281,372.8999938964844,375.8800048828125,81438000,0.0018885773768393,0.0018867962567546,384.9099975585938,398.6726000976562,437.6006510925293,44.95559280141234,-6.146128959372618,14.556579006499453,9.097753680619231,93840995.0,0.0881657729787799,0
2022-07-06,365.220703125,383.25,385.8699951171875,379.6000061035156,382.1099853515625,70426200,0.0033773394433473,0.0033716490411699,383.4829971313477,397.8167999267578,437.30990112304687,46.005453960979466,-5.593813216779381,13.10981924472726,8.895770490122993,94486860.0,-0.1352169748765932,0
2022-07-07,370.6906433105469,388.989990234375,389.8299865722656,383.2699890136719,385.1199951171875,64525900,0.0149771434686889,0.0148660934901396,382.14549713134767,397.0263995361328,437.08465103149416,50.52703061217132,-4.639449089592063,10.808172093245686,8.730357353133181,94749535.0,-0.0837799000939991,0
2022-07-08,370.3857727050781,388.6700134277344,390.6400146484375,385.6600036621094,387.2699890136719,72397800,-0.0008225836516971,-0.0008229221592758,381.0179977416992,396.4777996826172,436.85985107421874,50.27428829415261,-3.864381907971108,8.557337643442965,8.462475469789963,95151925.0,0.1219959737097815,0
2022-07-11,366.1546020507813,384.2300109863281,386.8699951171875,383.5,385.8500061035156,58366900,-0.0114235785834087,-0.0114893288725731,380.1574981689453,395.8170001220704,436.5917012023926,46.77771539082296,-3.567285229286597,7.144309793809349,8.227299609643135,93755780.0,-0.1938028503628563,0
2022-07-12,362.9145202636719,380.8299865722656,386.1600036621094,378.989990234375,383.6499938964844,62219200,-0.0088489298515088,-0.0088883141426295,379.7089981079101,394.87739990234377,436.279951171875,44.24026319882161,-3.5650913718460515,6.779355948981113,8.151779168078223,90222045.0,0.0660014494516583,0
2022-07-13,361.0085754394531,378.8299865722656,381.9200134277344,374.6600036621094,375.1000061035156,84224600,-0.0052516872896521,-0.0052655258712118,379.9004974365234,394.21399963378906,435.9545510864258,42.770537745964354,-3.6822888753117695,6.692880085029199,8.088081353617278,85933030.0,0.3536753928047933,0
2022-07-14,360.13189697265625,377.9100036621094,379.0499877929688,371.0400085449219,373.6099853515625,89704800,-0.0024284849213771,-0.0024314384736241,380.1024978637696,393.4825994873047,435.63090103149415,42.078055531870575,-3.805535825272443,6.560958116044588,8.082502631790826,85217680.0,0.0650665007610602,0
2022-07-15,367.01220703125,385.1300048828125,385.25,380.5400085449219,382.5499877929688,79060400,0.0191050809736132,0.0189248705859493,380.3989974975586,392.8575994873047,435.3879510498047,49.0499488296728,-3.2827743829886917,6.651396222315773,8.02946646794081,82887360.0,-0.1186603169507094,0
2022-07-18,363.98187255859375,381.9500122070313,389.0899963378906,380.6600036621094,388.3800048828125,63203600,-0.0082569330757513,-0.0082912103615671,381.163998413086,391.9153997802735,435.1254510498047,46.40079860616954,-3.089467547552431,5.813986679189053,8.058075482786556,79323875.0,-0.2005656434827043,0
2022-07-19,373.8163146972656,392.2699890136719,392.8699951171875,385.3900146484375,386.0799865722656,78506000,0.027019181769385,0.0266606082494919,382.4844985961914,391.484599609375,434.9411009216308,54.91159473677182,-2.079562702762928,5.111916819248109,8.262497441884388,77693480.0,0.2421127910435481,0
2022-07-20,376.19873046875,394.7699890136719,396.260009765625,391.0299987792969,392.4700012207031,71843800,0.0063731615214459,0.0063529388038422,383.46949768066406,391.1531994628906,434.74375091552736,56.70506797824036,-1.065197793565858,5.491890230718196,8.045891266487512,77445075.0,-0.0848623035182024,0
2022-07-21,380.0296936035156,398.7900085449219,398.8399963378906,391.6300048828125,394.1600036621094,64903900,0.0101831943742582,0.0101316949742741,384.68949737548826,391.1655993652344,434.5945008850098,59.49510745737208,0.0623568733242905,6.050530049511504,7.986184137101127,76187300.0,-0.0965970619594175,0
2022-07-22,376.503662109375,395.0899963378906,400.1799926757813,392.75,398.9200134277344,72197300,-0.009278096561475,-0.0093214061948387,385.54099731445314,391.0855993652344,434.4044508361816,55.92300842840363,0.6499003608017802,6.263042944819236,7.946456175578283,75832560.0,0.1123722919578023,0
2022-07-25,376.9611511230469,395.5700073242188,396.4700012207031,393.2099914550781,395.75,53631500,0.001214940876199,0.0012142034327723,385.8154983520508,391.1419995117187,434.20780090332033,56.28966466735231,1.1411116577542089,6.584511465492892,7.6117100034387635,73611620.0,-0.2571536608709743,0
2022-07-26,372.5012817382813,390.8900146484375,394.05999755859375,389.9500122070313,393.8399963378906,52946400,-0.011831009907547,-0.0119015532566902,385.9304992675781,391.11299987792967,433.968950958252,51.768106767034304,1.139626942965151,6.655225117400764,7.469444654420816,72958460.0,-0.0127742091867651,0
2022-07-27,382.173828125,401.0400085449219,402.8800048828125,394.0499877929688,394.3599853515625,82342100,0.0259663678173338,0.0256349663061722,386.95,391.0994000244141,433.7848510742188,59.38756001622069,1.93516262604976,7.331167440104563,7.792340767274687,72748120.0,0.5551973316410559,0
2022-07-28,386.9671630859375,406.0700073242188,406.7999877929688,398.1499938964844,401.8900146484375,73966600,0.0125423864754719,0.0124643823079697,388.2365005493164,391.2190002441406,433.6417510986328,62.54534182824283,2.937645897173354,8.303313108757903,7.853601705075383,73162650.0,-0.1017158901703988,0
2022-07-29,392.6087036132813,411.989990234375,413.0299987792969,406.7699890136719,407.5799865722656,87003700,0.014578724858715,0.0144734769366271,389.9735000610352,391.2923999023437,433.5336010742187,65.90539363690874,4.161839166275001,9.43994005021976,7.789772401504146,71887420.0,0.1762565806728984,0
2022-08-01,391.4461059570313,410.7699890136719,413.4100036621094,408.3999938964844,409.1499938964844,69997500,-0.0029612399563617,-0.0029656331023178,391.45,391.670599975586,433.4115510559082,64.61885193107936,4.976214545643018,10.27453574915489,7.591217927512779,71645310.0,-0.1954652503284343,0
2022-08-02,388.863525390625,408.05999755859375,413.0,406.8200073242188,409.1199951171875,63435400,-0.006597345296781,-0.0066192039717902,392.75500030517577,392.04260009765625,433.2393510437012,61.735927694636224,5.341367281829491,10.656174027384443,7.490416123817666,70745180.0,-0.0937476338440658,0
2022-08-03,394.9529724121094,414.4500122070313,415.6799926757813,410.0,410.2999877929688,67820600,0.0156594978352908,0.0155381530584597,394.3150009155273,392.5390002441407,433.0822511291504,65.62974331237325,6.0763300837673455,11.445944640766683,7.49967176620123,70614900.0,0.0691285938135488,0
2022-08-04,394.6861877441406,414.1700134277344,415.0899963378906,412.4400024414063,414.3699951171875,45656600,-0.0006755911956809,-0.0006758195102501,395.5740020751953,392.8840002441406,432.91715118408206,65.31609469905233,6.560573629002533,12.190046479715749,7.153266204078593,69671435.0,-0.3268033606308408,0
2022-08-05,394.0190734863281,413.4700012207031,414.1499938964844,409.6000061035156,409.6600036621094,56814900,-0.0016901566611204,-0.0016915865873167,396.8140014648437,393.2755999755859,432.73130111694337,64.48634974623818,6.80936091853755,12.70142384645809,6.968747712660033,68892290.0,0.2443962099674526,0
2022-08-08,393.5616455078125,412.989990234375,417.6199951171875,411.8299865722656,415.25,53886100,-0.0011609330420851,-0.001161607446859,398.2520004272461,393.5879998779297,432.5342010498047,63.887018011596965,6.888388705804744,12.829132478385366,6.884552057821593,68668250.0,-0.0515498575197703,0
2022-08-09,391.9988098144531,411.3500061035156,412.75,410.2200012207031,412.2200012207031,44931800,-0.0039710021299272,-0.0039789074939703,399.7780014038086,393.70880004882815,432.3230010986328,61.77458724720107,6.740979962246911,12.457514682299172,6.590654697525184,67803880.0,-0.1661708678119218,0
2022-08-10,400.23236083984375,419.989990234375,420.1400146484375,416.7200012207031,418.7799987792969,68665700,0.0210039722928438,0.0207864297654047,401.8360015869141,393.8033996582032,432.1573510742188,67.8128308633251,7.237898000243092,12.212163136905255,6.747751400910661,67025935.0,0.5282205475854518,0
2022-08-11,400.23236083984375,419.989990234375,424.9500122070313,419.2099914550781,422.989990234375,59489700,0.0,0.0,403.9400009155273,393.944599609375,431.9795510864258,67.8128308633251,7.5447380812914275,11.475785272485174,6.675770640270841,65515180.0,-0.1336329492017121,0
2022-08-12,407.00787353515625,427.1000061035156,427.2099914550781,421.0299987792969,422.0299987792969,61694500,0.0169290126775947,0.0167873139199102,406.0385009765625,394.2947998046875,431.835251159668,72.02963621332763,8.266340686132082,11.690471027872707,6.714644253158861,64646885.0,0.0370618779385338,0
2022-08-15,408.6850280761719,428.8599853515625,429.4100036621094,424.7099914550781,424.7699890136719,54048300,0.0041207661505402,0.0041122990463738,408.3839996337891,394.52419921875,431.7098510742188,72.97350612312707,8.877892744627786,11.302567763855851,6.570741964149746,64189120.0,-0.1239364935285965,0
2022-08-16,409.4855651855469,429.7000122070313,431.7300109863281,426.8800048828125,427.7300109863281,59289000,0.0019587438421893,0.0019568280048181,410.255500793457,394.9073992919922,431.5667510986328,73.43429885032978,9.322867095228672,11.589181536468107,6.447832259818737,63228270.0,0.0969632717402768,0
2022-08-17,406.5789794921875,426.6499938964844,429.5,424.5400085449219,425.9100036621094,63563400,-0.0070980177423811,-0.0071233285122934,411.8495010375976,395.20459899902346,431.4037510681152,68.84464401984506,9.321943919556418,11.539486074654908,6.355844502839501,62814250.0,0.0720943176643222,0
2022-08-18,407.76068115234375,427.8900146484375,428.6099853515625,425.5,426.8599853515625,49023200,0.0029064122106936,0.0029021967606395,413.3045013427735,395.4475994873047,431.2430010986328,69.67449535910666,9.313906688976886,11.640316177311773,6.123997420605429,62020215.0,-0.2287511366604052,0
2022-08-19,402.2812194824219,422.1400146484375,425.260009765625,421.2200012207031,424.9800109863281,68016900,-0.0134380326793189,-0.0135291401646634,414.6570022583008,395.6659997558594,431.04420120239257,61.49492599889635,8.742778867993138,10.964428565808207,6.162998563971782,61811195.0,0.3874430881704989,0
2022-08-22,393.9046936035156,413.3500061035156,417.2300109863281,412.3999938964844,417.0499877929688,77695600,-0.0208224954752093,-0.0210423408082371,415.5460021972656,395.9041998291016,430.78735122680666,51.534828713415365,7.494483980527946,10.015103402847547,6.418500148827592,63014400.0,0.1422984581773059,0
2022-08-23,392.9517822265625,412.3500061035156,415.4200134277344,411.7699890136719,412.8999938964844,49105200,-0.0024192572522898,-0.0024221883835108,416.6190017700195,396.3552001953125,430.51455123901366,50.53209189740897,6.351295860940866,8.223886053459736,6.220751882058657,62822340.0,-0.3679796539314968,0
2022-08-24,394.2096252441406,413.6700134277344,415.1099853515625,411.3900146484375,412.1099853515625,49177800,0.0032011817744155,0.0031960689006255,417.2505020141601,397.1286004638672,430.2402513122559,51.86353121009319,5.488555942843789,7.409202619764518,6.042124654991968,61164125.0,0.0014784584931941,0
2022-08-25,399.77490234375,419.510009765625,419.55999755859375,414.0899963378906,415.239990234375,50942300,0.0141175239885036,0.0140187998222796,417.9225021362305,398.0414007568359,429.9931513977051,57.33485005296459,5.215941117239424,6.936173737578623,6.031257474696782,60012910.0,0.0358800108992269,0
2022-08-26,386.2429504394531,405.30999755859375,419.9599914550781,405.25,419.3900146484375,103087000,-0.0338490426365859,-0.034435186416051,417.58850250244143,398.5636004638672,429.682801361084,44.18423739527996,3.810148572205094,7.383299345883213,6.651167044724021,60817075.0,1.023603174572016,0
2022-08-29,383.6890563964844,402.6300048828125,405.8399963378906,401.2000122070313,402.2000122070313,65370800,-0.0066122047122556,-0.0066341621828838,417.1815032958984,399.28320068359375,429.3778514099121,42.21618843887166,2.4515350705096357,7.979251492216888,6.507511122305114,60585740.0,-0.3658676651760163,0
2022-08-30,379.4768981933594,398.2099914550781,404.1000061035156,396.0,403.8500061035156,85652400,-0.0109778540449831,-0.0110385553401414,416.68900299072266,399.9302008056641,429.0500514221192,39.1212241993849,1.0065629074758249,8.830467284362161,6.621260763820151,61696590.0,0.3102547314703201,0
2022-08-31,376.5894470214844,395.1799926757813,401.239990234375,395.0400085449219,399.9299926757813,76029700,-0.0076090475987934,-0.0076381440931858,415.72550201416016,400.3324005126953,428.68960144042967,37.11258747785335,-0.3787178967535283,10.054126304279547,6.591169401365363,62107045.0,-0.1123459471071447,0
2022-09-01,377.7711181640625,396.4200134277344,396.7799987792969,390.0400085449219,392.8900146484375,78740100,0.0031378631887633,0.0031329503705523,414.83800201416017,400.7730004882813,428.3345515441895,38.50416011965565,-1.3608169523699305,10.942800755035869,6.601799460866052,63761220.0,0.0356492265522552,0
2022-09-02,373.7877807617188,392.239990234375,401.55999755859375,390.3299865722656,400.2799987792969,99632100,-0.0105444302804388,-0.0106004166964315,413.77650146484376,401.05660034179687,427.9493515014648,35.641117030537444,-2.4482090375526013,12.055607825555535,6.932385998399057,65902080.0,0.2653285936898735,0
2022-09-06,372.3774108886719,390.760009765625,394.1199951171875,388.4200134277344,393.1300048828125,76637400,-0.0037731503813919,-0.0037802866698074,412.6650024414063,401.07020080566406,427.5624514770508,34.65848309966381,-3.3903157053590007,13.110557436201566,6.844357119188634,67039645.0,-0.2307960988476605,0
2022-09-07,379.067138671875,397.7799987792969,398.5899963378906,390.2000122070313,390.4299926757813,70964200,0.0179649627347548,0.0178054997902064,411.9865020751953,401.2540008544922,427.2027014160156,42.72474978640694,-3.5297982650241693,13.526726902466413,6.954759048593682,68341265.0,-0.0740265196888203,0
2022-09-08,381.54486083984375,400.3800048828125,400.8599853515625,394.1199951171875,395.3900146484375,80821700,0.0065362916976583,0.0065150227727049,411.0060028076172,401.64860107421873,426.8601513671875,45.41256065011383,-3.391445957187728,13.626409828117508,6.939418419006634,68949065.0,0.1389080691390869,0
2022-09-09,387.4722900390625,406.6000061035156,407.510009765625,402.4599914550781,402.739990234375,76706900,0.0155352443799576,0.0154158078663363,410.33650360107424,402.1738012695312,426.555301361084,51.30042344011299,-2.7482188840724007,13.49003149384512,6.95303173784991,69809925.0,-0.0509120694071022,0
2022-09-12,391.63665771484375,410.9700012207031,411.7300109863281,408.4599914550781,408.7799987792969,69256300,0.010747651381183,0.0106903058963532,409.5300033569336,402.8482012939453,426.26920135498045,54.974894745151936,-1.8643437161970269,12.90453917406074,6.822815533918666,70188015.0,-0.0971307665933572,0
2022-09-13,374.6073303222656,393.1000061035156,403.1000061035156,391.9200134277344,401.8299865722656,122947100,-0.0434824806290198,-0.0444561741472673,407.7420043945313,403.0854016113281,425.887501373291,41.26392017645618,-2.5761295203301984,12.55801965331142,7.696184980993672,73632955.0,0.7752478835860419,0
2022-09-14,376.0367126464844,394.6000061035156,396.2000122070313,391.1199951171875,394.4700012207031,85023700,0.0038158228865685,0.0038085611016787,405.9870040893555,403.33820190429685,425.5656513977051,42.55894424757037,-2.98478073986098,11.754799210737,7.509315845911538,74919690.0,-0.3084529850643082,0
2022-09-15,371.7674865722656,390.1199951171875,395.9599914550781,388.7799987792969,392.9599914550781,87633800,-0.0113532967993743,-0.0114182374684833,404.1605041503906,403.4756018066406,425.1932513427735,39.74068624351844,-3.628314272706291,11.200121170920555,7.485792762330803,76123210.0,0.0306984993595902,0
2022-09-16,368.9313049316406,385.55999755859375,386.25,382.1099853515625,384.1400146484375,103084800,-0.0116887050540026,-0.0117575550039705,402.0440032958985,403.407001953125,424.84325134277344,37.051240018722666,-4.4549193897498185,10.454687264763267,7.523236833994674,78826290.0,0.1763132489975329,0
2022-09-19,371.7923889160156,388.5499877929688,388.5499877929688,382.1799926757813,382.260009765625,73278500,0.0077549285540718,0.0077250136547015,400.364501953125,403.4046014404297,424.5335012817383,39.92222667395752,-4.813258429822383,9.72931954449914,7.440862425651304,79089370.0,-0.2891435012727386,0
2022-09-20,367.5247497558594,384.0899963378906,386.1199951171875,381.2000122070313,385.05999755859375,77274900,-0.0114785525548763,-0.0115449396466755,398.90150146484376,403.40180114746096,424.1669512939453,37.19701041762052,-5.394939236212281,9.872775761730344,7.43437050852889,79068335.0,0.0545371425452212,0
2022-09-21,361.11370849609375,377.3900146484375,389.30999755859375,377.3800048828125,386.1099853515625,106746600,-0.0174437807631913,-0.0175977162784959,397.1535018920898,403.3330017089844,423.7868013000488,33.49766394272069,-6.323662746517243,10.444676461936137,7.755486377618345,81950405.0,0.3813877468621764,0
2022-09-22,358.0804138183594,374.2200012207031,378.2999877929688,373.4400024414063,376.5799865722656,89472600,-0.0083998338713,-0.0084353112851132,395.1810012817383,403.2408020019531,423.3639512634277,31.88205783311531,-7.232109157697835,10.877473555536843,7.548664875757213,83965145.0,-0.1618224842758457,0
2022-09-23,352.08074951171875,367.9500122070313,370.6199951171875,363.2900085449219,370.5799865722656,122346900,-0.0167548206755896,-0.0168967704796837,392.6030014038087,403.0416021728516,422.8623013305664,28.911847706077708,-8.361607786833588,10.917811697170077,7.790188290044645,87535375.0,0.3674230993622629,0
2022-09-26,348.5977783203125,364.30999755859375,370.2099914550781,363.0299987792969,366.4100036621094,92581200,-0.009892687940419,-0.0099419457081467,390.5530014038087,402.6252020263672,422.336251373291,27.320550465845145,-9.441625171509545,12.1822777840558,7.746602889025831,87010085.0,-0.2432893681817847,0
2022-09-27,347.7078857421875,363.3800048828125,370.3999938964844,360.8699951171875,368.0199890136719,108294100,-0.0025527509044867,-0.0025560147287469,388.5905014038086,402.2538018798828,421.8214013671875,26.912984044393298,-10.254383220004511,13.249110297931509,7.873988309759476,89156250.0,0.1697202023737001,0
2022-09-28,354.549560546875,370.5299987792969,372.2999877929688,362.6000061035156,364.3800048828125,110802200,0.0196763547812439,0.0194852777120522,387.2065017700196,401.8190020751953,421.3203514099121,34.947896038461835,-10.203930517310823,13.63157637817303,8.004416408309027,90413740.0,0.0231600798196762,0
2022-09-29,347.1433410644531,362.7900085449219,367.1099853515625,359.70001220703125,366.80999755859375,112952300,-0.0208889705553511,-0.0211102318049051,385.58700256347663,401.1794024658203,420.80145141601565,30.97771996084309,-10.665553056491715,14.528937815909048,8.206242848591641,92259870.0,0.0194048493621967,0
2022-09-30,341.7752990722656,357.17999267578125,365.9100036621094,357.0400085449219,361.7999877929688,153711200,-0.0154635346536727,-0.0155843421309755,383.6250015258789,400.3472021484375,420.2705514526367,28.45453767443442,-11.35320100630571,15.599132519835411,8.253653724919916,96008425.0,0.3608505537293176,0
2022-10-03,350.7986145019531,366.6099853515625,368.5499877929688,359.2099914550781,361.0799865722656,89756500,0.0264012343052513,0.0260587368762938,382.3435012817383,399.77760192871096,419.75060134887696,37.64804454388557,-11.010325186510158,15.903944660476483,8.476249538653319,95514645.0,-0.4160705270663426,0
2022-10-04,361.668701171875,377.9700012207031,378.0,366.5700073242188,372.3999938964844,103602800,0.030986651545366,0.0305162578563102,381.7040008544922,399.4256018066406,419.3082012939453,46.557271093198,-9.710004401536535,15.8045368757836,8.68723119130531,96862915.0,0.1542651507133188,0
2022-10-05,360.82666015625,377.0899963378906,379.4599914550781,370.9500122070313,373.3900146484375,88065700,-0.0023282400189708,-0.0023309545840216,380.6695007324219,399.1496014404297,418.8943013000488,46.00884004208629,-8.6507790546558,15.367997934278412,8.674570338215418,97717990.0,-0.1499679545340473,0
2022-10-06,357.1044006347656,373.2000122070313,378.7200012207031,372.6799926757813,375.6199951171875,82333500,-0.0103157977369776,-0.0103693743539807,379.31050109863287,398.5928015136719,418.4854013061524,43.56581566896469,-8.03262939383876,14.721419293932096,8.486387352980161,97793580.0,-0.0650900407309542,0
2022-10-07,347.1433410644531,362.7900085449219,373.2900085449219,360.9400024414063,368.9700012207031,107789500,-0.0278938995755834,-0.0282903236636262,377.1200012207032,397.7272015380859,417.984051361084,37.78379282759735,-8.287211810474105,13.668880004611571,8.762360120875547,99347710.0,0.3091815603612138,0
2022-10-10,344.4928283691406,360.0199890136719,364.2099914550781,357.6700134277344,363.9599914550781,76042800,-0.0076353247498739,-0.0076646230719739,374.5725006103516,396.6878015136719,417.4457012939453,36.3994446192315,-8.613200027590494,11.622845156969271,8.603618542766133,99687035.0,-0.294524976922613,0
2022-10-11,342.3111572265625,357.739990234375,363.0299987792969,355.7099914550781,358.239990234375,92482800,-0.0063329783036305,-0.0063531166796834,372.8044998168946,395.627201538086,416.8814012145996,35.25448381774211,-8.952328020231391,11.342209176253032,8.511932027155606,98163820.0,0.2161940380943363,0
2022-10-12,341.1820678710937,356.5599975585937,359.82000732421875,356.29998779296875,358.1700134277344,76991800,-0.0032984645496529,-0.0033039164758035,370.9024993896485,394.5972015380859,416.27790115356447,34.64706025713781,-9.210136227687826,10.664145826046871,8.155366848876634,97762225.0,-0.1675014164796048,0
2022-10-13,350.1861877441406,365.9700012207031,367.510009765625,348.1099853515625,349.2099914550781,147254500,0.0263910806779805,0.0260488443730954,369.6949996948243,393.6276013183594,415.7234011840821,43.07084354933399,-8.556508334812293,9.69702179910317,8.958556674961338,100743260.0,0.912599783353552,0
2022-10-14,342.2059631347656,357.6300048828125,370.260009765625,356.9599914550781,368.5499877929688,123737000,-0.0227887430938938,-0.0230524201130119,368.2985000610352,392.4968011474609,415.12415115356447,38.35243297740027,-8.612195496011509,9.2948036465385,9.268661077503165,101775870.0,-0.1597064945383672,0
2022-10-17,350.9996032714844,366.8200073242188,367.9800109863281,357.2799987792969,364.010009765625,93168200,0.0256969558368507,0.025372338438407,367.2120010375976,391.56380126953127,414.577451171875,45.44468079150417,-7.824574752382887,7.980000344888476,9.370900443898028,102770355.0,-0.2470465584263397,0
2022-10-18,355.12371826171875,371.1300048828125,375.4500122070313,367.5199890136719,375.1300048828125,97162900,0.0117496250818844,0.0116811342097805,366.5640014648437,390.7266015625,414.0583012390136,48.440546532118205,-6.774506561077999,7.003809731825379,9.317979332391916,103764755.0,0.0428762174218242,0
2022-10-19,352.60711669921875,368.5,371.8500061035156,365.5499877929688,368.989990234375,79746900,-0.007086478722309,-0.007111707070068,366.1195007324219,389.8696014404297,413.5122512817383,46.75336304863782,-6.084402167532687,6.547830397149841,9.102410687974409,102414770.0,-0.179245370403724,0
2022-10-20,349.6504211425781,365.4100036621094,372.6700134277344,364.6099853515625,368.0299987792969,88283100,-0.0083853360594047,-0.0084206907692964,365.6790008544922,388.7780017089844,412.951551361084,44.77992831342414,-5.720879605042228,6.264402564742848,9.027954787131373,102355295.0,0.1070411514428775,0
2022-10-21,358.1474304199219,374.2900085449219,374.7999877929688,363.5400085449219,365.1199951171875,131038400,0.0243014827011243,0.0240108999855409,365.9960006713867,387.8640020751953,412.48110137939454,51.15999911999232,-4.662496813521386,6.539733752720744,9.187385105768197,102789870.0,0.4842976741867923,0
2022-10-24,362.5298461914063,378.8699951171875,380.05999755859375,373.1099853515625,375.8900146484375,85436900,0.0122364649541959,0.0121622045927216,366.7240005493164,386.8994018554688,412.03575134277344,54.10528141811883,-3.414790605698784,7.12627341758669,9.027572755858415,102432655.0,-0.3480010439687908,0
2022-10-25,368.3189697265625,384.9200134277344,385.25,378.6700134277344,378.7900085449219,78846300,0.0159685865561234,0.0158424299343229,367.8010009765625,386.0206024169922,411.6299014282226,57.73143301235245,-1.915705471028275,8.148637803080335,8.852745171316073,100960265.0,-0.0771399711365932,0
2022-10-26,365.5439758300781,382.0199890136719,387.5799865722656,381.3500061035156,381.6199951171875,104087300,-0.0075340962093335,-0.0075626208742074,368.37550048828126,385.067001953125,411.2124513244629,55.46906256220279,-0.9507181481657768,8.735098170396492,8.665404835418496,100624520.0,0.3201291626874056,0
2022-10-27,363.5920104980469,379.9800109863281,385.0,379.3299865722656,383.0700073242188,81971800,-0.0053399771897033,-0.0053542858291678,369.2350006103516,384.1336022949219,410.7636013793945,53.86985187911037,-0.3465728444215301,8.998330240824977,8.451448306298202,99075495.0,-0.2124706856648217,0
2022-10-28,372.2420654296875,389.0199890136719,389.5199890136719,379.6799926757813,379.8699951171875,100302000,0.0237906673139947,0.0235120792682039,370.8270004272461,383.35620178222655,410.35360137939455,59.44917053969359,0.8518477671823348,9.552795889473876,8.5506303085548,96405035.0,0.2236159264527557,0
2022-10-31,369.5533142089844,386.2099914550781,388.3999938964844,385.260009765625,386.4400024414063,96631300,-0.007223272936998,-0.007249487083864,371.8070007324219,382.6376013183594,409.9620013427734,57.13588866392545,1.5569142785262784,10.087792157548192,8.208440947089947,96748775.0,-0.0365964786345237,0
2022-11-01,367.9361877441406,384.5199890136719,390.3900146484375,383.2900085449219,390.1400146484375,85407600,-0.0043758641122645,-0.0043854662275687,372.1345001220704,382.0610009765625,409.5610012817383,55.73130364967694,1.9567591934724649,10.399898381791392,8.12926702969178,95839015.0,-0.1161497361620924,0
2022-11-02,358.7024230957031,374.8699951171875,388.6300048828125,374.760009765625,383.8999938964844,126990400,-0.0250962087074783,-0.0254164884504605,372.0235000610352,381.311400756836,409.15290130615233,48.412780363099415,1.477928668500283,10.355978213808037,8.539319035941475,97785250.0,0.4868747043588626,0
2022-11-03,355.00885009765625,371.010009765625,374.2000122070313,368.7900085449219,371.4700012207031,87100100,-0.0102968639844216,-0.0103502434318106,371.9139999389648,380.45820068359376,408.74920135498047,45.820808367646094,0.7780149964629004,10.354461501530878,8.3636524313932,98023580.0,-0.3141205949426098,0
2022-11-04,360.1185302734375,376.3500061035156,378.8699951171875,370.0,377.0,103505200,0.0143931327924655,0.0142905349543939,372.59199981689454,379.5950006103516,408.397201385498,49.82314575987272,0.6467659299808588,10.167853993399993,8.399819766092794,97809365.0,0.1883476597615847,0
2022-11-07,363.5633239746094,379.9500122070313,380.5700073242188,375.5299987792969,377.7099914550781,68286900,0.009565580032236,0.0095201195455884,373.5885009765625,379.0878009033203,408.1070513916016,52.37727226505618,0.8237448869493846,9.84229445132089,8.159833250294875,97421570.0,-0.3402563349474229,0
2022-11-08,365.5248718261719,382.0,385.1199951171875,377.7200012207031,381.1099853515625,84641100,0.0053954144679739,0.0053809113627878,374.8015014648437,378.6752008056641,407.8178514099121,53.81884476047669,1.116547997552459,9.264235307006546,8.105559010736982,97029485.0,0.2394924941679883,0
2022-11-09,357.9942932128906,374.1300048828125,381.1400146484375,373.6099853515625,379.9299926757813,78495500,-0.0206020814586059,-0.0208172649546978,375.6800018310547,378.1936010742188,407.51615142822266,47.832604780719976,0.7054220720378339,8.217306018005399,8.125877270572733,97104670.0,-0.072607752025907,0
2022-11-10,377.6675415039063,394.6900024414063,395.0400085449219,385.6400146484375,388.0499877929688,141455800,0.0549541530758372,0.0534973091836014,377.11600189208986,378.1838012695313,407.3227014160156,60.2665577911173,2.015389632824053,8.911294824470449,9.039029155682494,96814735.0,0.8020880177844589,0
2022-11-11,381.3228759765625,398.510009765625,399.3500061035156,393.6099853515625,395.5899963378906,93839900,0.0096785003435342,0.0096319636881696,379.1600021362305,378.22560119628906,407.1590515136719,62.07522594430796,3.323480019613441,8.894862760428673,8.803385698273253,95319880.0,-0.336613274252452,0
2022-11-14,378.0789794921875,395.1199951171875,400.1799926757813,394.8299865722656,396.6600036621094,71903500,-0.0085067239601616,-0.0085431126490754,380.5750015258789,378.2832012939453,406.92490142822265,59.48731612218872,4.040034225118745,9.077602644183104,8.55671572721914,94256645.0,-0.233764102476665,0
2022-11-15,381.30364990234375,398.489990234375,402.30999755859375,394.489990234375,401.1499938964844,93194500,0.0085290422120702,0.0084928754313735,381.943000793457,378.4378009033203,406.667801361084,61.218212360204994,4.824228335929888,9.62443421293728,8.504093698433397,94058225.0,0.2961051965481514,0
2022-11-16,378.394775390625,395.4500122070313,397.7799987792969,394.7900085449219,396.7799987792969,68508500,-0.0076287437623105,-0.0076579914718109,383.2905014038086,378.391201171875,406.380301361084,58.77857687304703,5.141143100498937,9.529386332369691,8.160942840649092,93496305.0,-0.2648868763714597,0
2022-11-17,377.2369995117188,394.239990234375,394.9500122070313,390.1400146484375,390.4599914550781,74496300,-0.0030598607543418,-0.003064551699797,384.73200073242185,378.2684008789063,406.0647512817383,57.79135521886148,5.234323649274245,8.837705029055961,7.957303891930857,92806965.0,0.087402293146106,0
2022-11-18,378.9497985839844,396.0299987792969,397.80999755859375,393.0400085449219,397.739990234375,92922500,0.0045404032803919,0.0045301267440892,385.8190002441406,378.0570007324219,405.8119012451172,58.89131232476718,5.3904706452112805,8.822739083232683,7.729638543483786,90901170.0,0.2473438278142672,0
2022-11-21,377.5718383789063,394.5899963378906,395.8200073242188,392.6600036621094,394.6400146484375,51243200,-0.0036360943510462,-0.0036427210104271,386.6050003051758,377.7294006347656,405.54135116577146,57.5910758623543,5.336506180659967,8.87118206088033,7.41823544160548,89191485.0,-0.448538298044069,0
2022-11-22,382.6528930664063,399.8999938964844,400.0700073242188,395.1499938964844,396.6300048828125,60429000,0.0134569999439284,0.013367258722167,387.35399932861327,377.865400390625,405.30455108642576,61.00964287783364,5.6570009930997,9.34135467202294,7.279790837657102,88270620.0,0.1792589065476004,0
2022-11-23,385.0641784667969,402.4200134277344,402.9299926757813,399.30999755859375,399.5499877929688,68261600,0.0063016243303628,0.0062818521169953,388.3740005493164,378.02180053710936,405.06195114135744,62.55242572763338,6.044660868665346,9.829285726719217,7.018376857623563,86479335.0,0.1296165748233464,0
2022-11-25,384.9780883789063,402.3299865722656,402.9100036621094,401.5400085449219,401.8299865722656,30545400,-0.0002237136634978,-0.0002237386911321,389.49149932861326,378.26600036621096,404.7859010314941,62.45734686479087,6.272316339755832,10.091728542948838,6.614921019020987,83908015.0,-0.5525244061082659,0
2022-11-28,378.8349609375,395.9100036621094,400.80999755859375,395.1099853515625,399.0899963378906,67881600,-0.01595700823807,-0.0160856920693299,389.8360000610352,378.4730004882812,404.5188510131836,55.9287290248303,5.867064110999365,10.191890417891887,6.658141033426854,82286995.0,1.2223182541397395,0
2022-11-29,378.1842956542969,395.2300109863281,397.2999877929688,393.2999877929688,396.0499877929688,52310000,-0.0017175435565947,-0.0017190202256002,390.2870010375976,378.6066009521484,404.2927011108399,55.26973699825403,5.428453244122181,10.222517336872448,6.468273816753507,80070930.0,-0.2293935322679489,0
2022-11-30,390.0972900390625,407.6799926757813,407.6799926757813,393.4800109863281,395.489990234375,144566700,0.0315005979894675,0.0310146332570359,391.4450012207032,379.0784008789062,404.1360011291504,63.702518749438106,6.0161104690138245,10.828655442877947,7.020538664803484,83028885.0,1.7636532211814189,0
2022-12-01,389.8102722167969,407.3800048828125,410.0,404.75,408.7699890136719,76398200,-0.0007358413421267,-0.0007361122062506,393.0705017089844,379.6782006835937,403.94240112304686,63.39240132700301,6.384035360085136,10.64816335273139,6.894071617317521,80499275.0,-0.4715366678495116,0
2022-12-02,389.3605346679688,406.9100036621094,407.8599853515625,402.1400146484375,402.25,85342700,-0.0011537169597666,-0.0011543830035115,394.8655014038086,380.3320007324219,403.7439511108398,62.87594432671226,6.562050087790453,9.718973046197794,6.810207266303769,80411405.0,0.1170773656970975,0
2022-12-05,382.3562316894531,399.5899963378906,404.9299926757813,398.1700134277344,403.9500122070313,77289800,-0.0179892537866853,-0.0181530274967993,396.02750091552736,380.9648004150391,403.55660110473633,55.31712785160594,6.042806910268155,8.727460392781802,6.948048906880286,79100635.0,-0.0943595644384347,0
2022-12-06,376.8446350097656,393.8299865722656,399.989990234375,391.6400146484375,399.4200134277344,77972200,-0.0144147997157425,-0.0145197022609778,396.72149963378905,381.5552001953125,403.354600982666,50.20274610323434,5.107640600019749,7.893746608756856,7.048186526812944,79584900.0,0.0088291081099964,0
2022-12-07,376.20355224609375,393.1600036621094,395.6400146484375,391.9700012207031,392.9400024414063,65927900,-0.0017011983165312,-0.0017026469976163,397.27949981689454,382.1508001708984,403.1725509643555,49.6279876428827,4.263307781778224,7.158535181474118,6.806888448307332,78649240.0,-0.1544691569559406,0
2022-12-08,379.1507568359375,396.239990234375,397.3599853515625,393.2699890136719,395.1400146484375,60737900,0.0078339265021287,0.0078034006212687,398.3849990844727,382.665,403.0440008544922,52.32991463631717,3.798905695966028,4.670099654072284,6.620680822674888,77761360.0,-0.0787223618528726,0
2022-12-09,376.3183288574219,393.2799987792969,397.6199951171875,393.1499938964844,394.9400024414063,81447700,-0.0074701986877379,-0.0074982403604829,398.3144989013672,383.2747998046875,402.8689009094238,49.57761173175855,3.15564086085368,4.738950623389623,6.467060851105475,74760955.0,0.3409699709736424,0
2022-12-12,381.743896484375,398.9500122070313,398.9500122070313,393.4100036621094,394.1099853515625,75405800,0.0144172433007871,0.0143143030784205,398.3364990234375,384.1102001953125,402.67490097045896,54.51290246472593,3.068005484435673,4.7409269566847545,6.410128892293257,73839250.0,-0.0741813458206922,0
2022-12-13,384.6336059570313,401.9700012207031,410.489990234375,399.0700073242188,410.2200012207031,123782500,0.0075698431414124,0.0075413356532405,398.67899932861326,384.8174005126953,402.50160095214846,56.93092757668707,3.205293068282117,4.74375873300062,6.776546687654003,76433200.0,0.6415514456447646,0
2022-12-14,382.1744079589844,399.3999938964844,405.5,396.30999755859375,401.6099853515625,108111300,-0.0063935301550218,-0.0064140563054247,398.7244995117188,385.2460003662109,402.3487008666992,54.2862304224516,3.071312179981589,4.746213974912358,6.948936384350591,77179040.0,-0.126602710399289,0
2022-12-15,372.8258056640625,389.6300048828125,395.25,387.8900146484375,394.2999877929688,117705900,-0.0244616654055433,-0.0247658223108196,398.4334991455078,385.4968005371094,402.1074008178711,45.61166021783584,2.1519683469748543,5.121154968422507,7.274725160328897,79638910.0,0.0887474297321371,0
2022-12-16,368.4241638183594,383.2699890136719,386.5799865722656,381.0400085449219,385.1799926757813,119858000,-0.0163232189242035,-0.0164579104059211,397.8849990844727,385.69820007324216,401.845200805664,41.01683274095132,0.8998091680555262,6.089800844521762,7.368673101583306,81906995.0,0.0182837054047417,0
2022-12-19,365.3000183105469,380.0199890136719,383.8200073242188,378.2799987792969,383.4700012207031,79878100,-0.0084796621002435,-0.008515818978745,397.0844985961914,386.0427996826172,401.5844506835937,38.862400699216295,-0.3507407204773471,7.282023107610501,7.238054204678922,81254775.0,-0.3335605466468654,0
2022-12-20,365.7999267578125,380.5400085449219,382.2300109863281,377.8500061035156,379.2300109863281,74427200,0.0013684004691429,0.0013674650624644,396.38199920654296,386.4532000732422,401.39000076293945,39.41078746285056,-1.2850361893936793,8.160098206150785,7.033907824545606,82413975.0,-0.0682402310520655,0
2022-12-21,371.2695617675781,386.2300109863281,387.4100036621094,382.6900024414063,383.25,78167400,0.0149524420918663,0.0148417563141118,395.69850006103513,387.0230004882813,401.2399008178711,45.20261832422605,-1.5484864481829843,8.418338404913634,7.022199774020026,83300895.0,0.0502531332631082,0
2022-12-22,365.9729309082031,380.7200012207031,386.2099914550781,374.7699890136719,383.0499877929688,100120900,-0.014266135745262,-0.0143688753619368,394.6134994506836,387.5062005615234,401.0064508056641,41.104928692041234,-2.1767917154531915,8.891545859248073,7.339187073922614,84893860.0,0.2808523757986065,0
2022-12-23,368.0780944824219,382.9100036621094,383.05999755859375,378.0299987792969,379.6499938964844,59857300,0.0057522652720751,0.0057357841664521,393.64250030517576,387.8450006103516,400.793600769043,43.30480682305979,-2.4695458843366964,9.063236963688004,7.174245052877919,86359455.0,-0.4021498008907231,0
2022-12-27,366.6266174316406,381.3999938964844,383.1499938964844,379.6499938964844,382.7900085449219,51638200,-0.0039435108803203,-0.0039513070222152,392.9169998168945,388.320400390625,400.6002507019043,42.136130720547904,-2.7912253326076666,9.44489110985264,6.911798977672354,85547285.0,-0.1373115726903819,0
2022-12-28,362.07025146484375,376.6600036621094,383.3900146484375,376.4200134277344,381.3299865722656,70911500,-0.0124278718149677,-0.012505743674206,391.9884994506836,388.5172003173828,400.39855072021487,38.61340721460542,-3.3895634337660567,10.095885139287995,6.915956280745981,86477360.0,0.3732372545905937,0
2022-12-29,368.5875854492188,383.4400024414063,384.3500061035156,379.0799865722656,379.6300048828125,66970900,0.0180003151738379,0.0178402277293026,390.7764999389648,388.7634002685547,400.1849006652832,45.61704331033159,-3.278864739359165,9.553412240562556,6.971245292221714,82597570.0,-0.0555706761244649,0
2022-12-30,367.61669921875,382.4299926757813,382.5799865722656,378.4299926757813,380.6400146484375,84022200,-0.002634075107433,-0.0026375503873759,389.5289993286133,389.0420001220703,399.9189506530762,44.79710601188238,-3.2353395926872395,8.876191320908267,6.831157040321949,82978770.0,0.2546075982254978,0
2023-01-03,366.0690307617188,380.8200073242188,386.4299926757813,377.8299865722656,384.3699951171875,74850700,-0.0042098825468623,-0.0042187690519227,388.2244995117188,389.3502001953125,399.61770065307616,43.45623607891692,-3.2928006073260576,8.067679212329665,6.957503401978643,82454170.0,-0.1091556755238496,0
2023-01-04,368.8951721191406,383.760009765625,385.8800048828125,380.0,383.1799926757813,85934100,0.0077201890259488,0.0076905408618364,387.4330001831055,389.53960021972654,399.313900756836,46.59957942356352,-3.065765018257707,7.66018151644026,6.8805392220382044,82886385.0,0.1480734315109946,0
2023-01-05,364.6848449707031,379.3800048828125,381.8399963378906,378.760009765625,381.7200012207031,76970500,-0.0114133957977734,-0.0114790284719451,386.7105010986328,389.54980041503904,398.9888507080078,42.78368071391599,-3.2023527380636665,7.706382987783703,6.746214991892619,82836300.0,-0.104307835888198,0
2023-01-06,373.0478210449219,388.0799865722656,389.25,379.4100036621094,382.6099853515625,104189600,0.0229321038997309,0.0226731151674491,386.4565002441406,389.61299987792967,398.68130065917967,51.31202927864723,-2.5788562272081776,7.56504257753418,6.969342143699396,84749385.0,0.3536302869281087,0
2023-01-09,372.8363952636719,387.8599853515625,393.7000122070313,387.6700134277344,390.3699951171875,73978100,-0.0005668965891446,-0.00056705733577,386.0375,389.7297998046875,398.4016006469727,51.1045874424668,-2.0785230898451914,7.218796315920326,6.902246189099219,85411395.0,-0.2899665609619386,0
2023-01-10,375.4510498046875,390.5799865722656,390.6499938964844,386.2699890136719,387.25,65358100,0.0070128430965563,0.0069883674749136,385.9024993896484,389.9417993164063,398.1020506286621,53.60208086406467,-1.4458571658739745,7.100501380219009,6.722086095793024,84606915.0,-0.1165209703952926,0
2023-01-11,380.1996154785156,395.5199890136719,395.6000061035156,391.3800048828125,392.2300109863281,68881100,0.0126478637186706,0.0125685475766737,385.73099822998046,390.0717993164063,397.8162005615234,57.81635770679669,-0.5396274618427697,6.804006328133891,6.60050991261138,84280680.0,0.0539030357369629,0
2023-01-12,381.58392333984375,396.9599914550781,398.489990234375,392.4200134277344,396.6700134277344,90157700,0.0036407829728082,0.0036341713652401,385.4804977416992,390.2867993164063,397.5214505004883,58.98580197662514,0.2914031558647139,6.243841601620674,6.562614690756326,82599440.0,0.3088887953299235,0
2023-01-13,383.0642700195313,398.5,399.1000061035156,393.3399963378906,393.6199951171875,63903900,0.0038795056884117,0.0038719998126806,385.435498046875,390.5663995361328,397.2062005615234,60.25481070684668,1.062024370975564,6.140633292287265,6.50528576753266,80389070.0,-0.2911986441535221,0
2023-01-17,382.3624877929688,397.7699890136719,400.2300109863281,397.05999755859375,398.4800109863281,62677300,-0.0018318970798698,-0.0018335770553337,385.842497253418,391.0243994140625,396.9015504455567,59.317881097528925,1.595450094777334,6.679398728483625,6.26705202897564,77637640.0,-0.0191944466613148,0
2023-01-18,376.3257751464844,391.489990234375,400.1199951171875,391.2799987792969,399.010009765625,99632300,-0.0157880155686682,-0.0159139737992267,386.2534973144531,391.4339990234375,396.6008003234864,51.84877566785168,1.4942259006065228,6.7651231654492605,6.450833765326711,76626355.0,0.5896074017227928,0
2023-01-19,373.5862121582031,388.6400146484375,391.0799865722656,387.260009765625,389.3599853515625,86958900,-0.0072798172546666,-0.0073064444303142,386.6844985961914,391.679799194336,396.27940032958986,48.84303265835293,1.1705425005903862,6.620122969849088,6.292201386999802,76980395.0,-0.1272017207271135,0
2023-01-20,380.5457458496094,395.8800048828125,396.0400085449219,388.3800048828125,390.1000061035156,91806400,0.0186290396291906,0.0184576444171674,387.4514984130859,391.99839904785154,395.9748004150391,55.84576085100868,1.4811539580140902,6.757963482079678,6.389901549507629,77849355.0,0.0557447253817608,0
2023-01-23,385.11175537109375,400.6300048828125,402.6499938964844,395.7200012207031,396.7200012207031,84178800,0.0119985852819368,0.0119271729215465,388.17149810791017,392.3709991455078,395.72280044555663,59.739623459427705,2.086548644508298,7.361151040232682,6.428479487098602,78149925.0,-0.0830835323027588,0
2023-01-24,384.6983642578125,400.2000122070313,401.1499938964844,397.6400146484375,398.8800048828125,59524900,-0.0010732912426441,-0.0010738676321493,389.14549865722654,392.8923992919922,395.4912005615234,59.23040393784604,2.5027809786564603,7.60792921641121,6.220015184309192,76120125.0,-0.2928754033081964,0
2023-01-25,384.8425598144531,400.3500061035156,400.7000122070313,393.55999755859375,395.9500122070313,84800300,0.0003747973311072,0.0003747271121322,390.0174987792969,393.0055993652344,395.24910064697264,59.36053702611862,2.812332537282316,7.851191854873175,6.285729431746932,77367275.0,0.4246189409810013,0
2023-01-26,389.07220458984375,404.75,404.9200134277344,400.0299987792969,403.1300048828125,72287400,0.0109903680015099,0.0109304127936525,391.1849990844727,393.1303991699219,395.0350006103516,63.08308185673097,3.3738059776655973,8.229302969330096,6.186035518653401,78399735.0,-0.1475572610002559,0
2023-01-27,389.9660949707031,405.6799926757813,408.1600036621094,403.4400024414063,403.6600036621094,68346200,0.002297696543005,0.0022950608748414,392.63599853515626,393.34159912109374,394.8638005065918,63.837075455917706,3.849446339821213,8.09069796915649,6.08131878308552,78271470.0,-0.0545212581999076,0
2023-01-30,385.0732421875,400.5899963378906,405.1300048828125,400.2799987792969,402.7999877929688,74202000,-0.0125468261432321,-0.012626202210393,393.4934982299805,393.383599243164,394.6753004455566,56.97790885270716,3.772191116951035,7.97272356980936,6.03265271975687,78633025.0,0.0856785015114227,0
2023-01-31,390.7351379394531,406.4800109863281,406.5299987792969,400.7699890136719,401.1300048828125,86811800,0.0147033493154666,0.0145963030912504,394.6959991455078,393.60419921875,394.4911505126953,62.05831643019621,4.138534306122438,8.029715504815902,6.026034842731826,78772505.0,0.1699388156653458,0
2023-02-01,394.8878173828125,410.7999877929688,413.6700134277344,402.3500061035156,405.2099914550781,101459200,0.0106277718211977,0.0105716940256935,396.1949981689453,393.9353991699219,394.35620040893554,65.29533110345375,4.723006073596935,8.101025375531243,6.404175734266606,80102930.0,0.1687259105328999,0
2023-02-02,400.6361999511719,416.7799987792969,418.30999755859375,412.8800048828125,414.8599853515625,101654500,0.0145569892016204,0.0144520533749158,397.8459976196289,394.3503991699219,394.2502503967285,69.21118351939286,5.604140031939721,8.770473672556928,6.48316387936363,80888950.0,0.0019249116886392,2
2023-02-03,396.3777770996094,412.3500061035156,416.9700012207031,411.0899963378906,411.5899963378906,94736800,-0.0106290913401704,-0.0106859836329045,399.494497680664,394.7055993652344,394.0868003845215,63.49551335965461,5.877232577508437,8.196678678134308,6.440081093895692,81777265.0,-0.0680510946391945,2
2023-02-06,393.955322265625,409.8299865722656,411.2900085449219,408.1000061035156,409.7900085449219,60295300,-0.0061113604800514,-0.0061301112778001,400.5819976806641,394.90419921875,393.9124003601074,60.43787813213354,5.823189765104928,8.04396939028068,6.283646730046,79582550.0,-0.3635493282441459,2
2023-02-07,399.1077880859375,415.1900024414063,416.489990234375,407.5700073242188,408.8699951171875,90990700,0.0130786327129714,0.0129938458600824,401.94849853515626,395.1595989990234,393.7980503845215,64.36819291606622,6.142067006884304,8.090283779959131,6.471956457196727,80433180.0,0.5090844560023751,2
2023-02-08,394.74365234375,410.6499938964844,414.5299987792969,409.9299926757813,413.1300048828125,76227500,-0.0109347732802469,-0.0109949973402894,402.9519989013672,395.3259991455078,393.7211003112793,59.01982862196397,5.959738614303035,7.84700358077832,6.385388836370176,80976650.0,-0.1622495485802395,2
2023-02-09,391.3214416503906,407.0899963378906,414.5700073242188,405.80999755859375,414.4100036621094,78694900,-0.0086691771861834,-0.008706973100922,403.5304992675781,395.5495989990234,393.61400024414064,55.15015685270743,5.464983075677139,7.695278241534108,6.555004617031238,81467340.0,0.0323688957397265,2
2023-02-10,392.2347412109375,408.0400085449219,408.4400024414063,405.010009765625,405.8599853515625,70769700,0.0023336663037101,0.0023309475334816,404.0845001220703,395.8057989501953,393.5737002563477,55.97961446242513,5.090859532577554,7.5955478619860015,6.331789478370529,80497940.0,-0.1007079238934162,2
2023-02-13,396.839111328125,412.8299865722656,412.9700012207031,408.239990234375,408.7200012207031,64913500,0.0117389910965468,0.0116706236635361,404.8009994506836,395.908798828125,393.55150024414064,59.99675905719747,5.121833812585976,7.715957712599117,6.231661135328437,80548420.0,-0.0827501035047485,2
2023-02-14,396.6565856933594,412.6400146484375,415.0499877929688,408.510009765625,411.239990234375,88389300,-0.0004601698762375,-0.0004602757868875,405.54450073242185,396.0139990234375,393.4756503295898,59.76381987125063,5.0725784789242425,7.719228327317753,6.253683770472392,81834020.0,0.3616474231092146,2
2023-02-15,397.9446411132813,413.9800109863281,414.05999755859375,409.4700012207031,410.3500061035156,61555700,0.0032473737163669,0.0032421123856011,406.6690017700195,396.15539916992185,393.4855503845215,60.91649556240777,5.083075250400896,7.183613478820997,6.134848953859409,79930190.0,-0.3035842573705188,2
2023-02-16,392.4654235839844,408.2799987792969,412.9100036621094,408.1400146484375,408.7900085449219,76431500,-0.0137688102221426,-0.0138644794725205,407.6510009765625,396.32919921875,393.45455032348633,53.84958479837258,4.578670604696015,5.79812236190825,6.113788052718782,79403820.0,0.2416640538569132,2
2023-02-17,391.4848937988281,407.260009765625,407.510009765625,404.0499877929688,406.05999755859375,89257800,-0.0024982585890112,-0.002501384444215,408.2200012207031,396.5977996826172,393.4089503479004,52.67203525646131,4.049936552358645,5.098335822810171,5.979232547976587,79276390.0,0.1678143173953148,2
2023-02-21,383.6314086914063,399.0899963378906,404.1600036621094,398.8200073242188,403.05999755859375,82655900,-0.0200609272499801,-0.0202648799134402,408.143000793457,396.7163995361328,393.25910034179685,44.313262574125126,2.9377941404533203,5.228957320415993,6.155001826078702,79200245.0,-0.0739644042313388,2
2023-02-22,383.1027221679688,398.5400085449219,401.1300048828125,397.0199890136719,399.5199890136719,83742300,-0.0013781046831931,-0.0013790551427742,408.0600006103516,396.76239990234376,393.1827503967285,43.80924790593823,1.9891046873509597,5.372868048911841,6.0089314005831245,80411115.0,0.0131436473379396,2
2023-02-23,385.14056396484375,400.6600036621094,402.2000122070313,396.25,401.55999755859375,96242400,0.0053194035021166,0.0053053054486978,408.0755004882813,396.91,393.1293504333496,46.34265578281396,1.3922780347261892,5.349853145862355,6.004722886757995,80983220.0,0.1492686491772974,2
2023-02-24,381.0263977050781,396.3800048828125,397.25,393.6400146484375,395.4200134277344,108194400,-0.0106823709383938,-0.0107398370789831,407.65700073242186,396.8585998535156,393.120400390625,42.2054920649052,0.5673879850651815,5.920617268719277,6.077241895823272,82778570.0,0.124186429266103,2
2023-02-27,382.3240966796875,397.7300109863281,401.2900085449219,396.75,399.8699951171875,80444700,0.0034058380515806,0.0034000513205539,407.2595016479492,396.77380004882815,393.1136004638672,43.90651808924221,0.0223334417642604,6.314131694817139,5.993867736272279,83383495.0,-0.2564800026618753,2
2023-02-28,380.9110412597656,396.260009765625,399.2799987792969,396.1499938964844,397.2300109863281,96438600,-0.0036959776232566,-0.0037028246246683,407.0430023193359,396.71100036621095,393.1311505126953,42.4416996379663,-0.5222231603852947,6.621599439207771,5.789306103882296,84495325.0,0.1988185672890818,2
2023-03-01,379.4499206542969,394.739990234375,396.6900024414063,393.3800048828125,395.4100036621094,99706800,-0.0038359145353805,-0.0038432905240252,406.4560012817383,396.8132000732422,393.14315048217776,40.921426151840485,-1.0641739291163503,7.171661138749244,5.612212636361689,85140075.0,0.0338889199967646,2
2023-03-02,382.4009704589844,397.80999755859375,398.6900024414063,392.3299865722656,392.6799926757813,85127800,0.0077772898621089,0.0077472026406513,405.8065017700195,397.1040002441407,393.1236004638672,45.19164969609045,-1.2317510248611825,7.34369731756536,5.66562715298876,84323505.0,-0.1462187132672997,2
2023-03-03,388.5338439941406,404.1900024414063,404.4500122070313,399.0299987792969,399.7099914550781,90120000,0.0160378193659469,0.015910572248883,405.177001953125,397.5874005126953,393.1441004943848,52.82323930845189,-0.8400603140681255,6.87840996247535,5.735226259806531,83746780.0,0.0586435923399877,2
2023-03-06,388.8029479980469,404.4700012207031,407.4500122070313,404.010009765625,405.0499877929688,72795900,0.0006927404874081,0.0006925006534721,404.7830017089844,398.0660003662109,393.1248504638672,53.13167704117553,-0.5012707056787349,6.668390030080263,5.571281701349371,82649735.0,-0.192233688415446,2
2023-03-07,382.8431091308594,398.2699890136719,404.6700134277344,397.6300048828125,404.4200134277344,108310600,-0.0153287318919065,-0.0154474314742818,404.2050018310547,398.3067999267578,393.1569004821777,45.96542962510144,-0.7247126335051348,6.708779351101696,5.67619076160455,85050500.0,0.4878667617269654,2
2023-03-08,383.468017578125,398.9200134277344,399.7099914550781,396.5899963378906,398.3900146484375,74746600,0.0016321199989792,0.0016307895385843,403.3915023803711,398.6708001708984,393.204200592041,46.77595746925843,-0.8396613401276909,6.279339238378616,5.493605358431904,84238295.0,-0.3098865669657448,2
2023-03-09,376.3930358886719,391.55999755859375,401.4800109863281,390.5299987792969,399.739990234375,111945300,-0.0184498536583798,-0.0186221750357312,402.4370025634765,398.84380004882814,393.2138505554199,39.543229417638045,-1.507275850944211,6.562450334213821,5.883348704760429,86024185.0,0.4976641077988832,2
2023-03-10,370.9618835449219,385.9100036621094,393.1600036621094,384.3200073242188,390.989990234375,189253000,-0.0144294461428964,-0.0145345630117057,401.3780029296875,398.93400024414063,393.1588005065918,35.06133327674553,-2.4638704839138086,7.424394607697075,6.094537821412582,91552090.0,0.6905845980134941,2
2023-03-13,370.4331665039063,385.3599853515625,390.3900146484375,380.6499938964844,381.80999755859375,157790000,-0.0014252502016725,-0.0014262668368289,400.2440017700195,399.1079998779297,393.1161503601074,34.64961333842025,-3.22913702188049,8.05829571323996,6.354929459308336,95903105.0,-0.1662483553761367,2
2023-03-14,376.5565185546875,391.7300109863281,393.4500122070313,387.0499877929688,390.5,149752400,0.0165300650739703,0.0163949307014743,399.18900299072266,399.27380004882815,393.0879504394532,42.99816307969349,-3.283755346894395,7.696913405195549,6.478864987605512,100145050.0,-0.0509385892642119,2
2023-03-15,374.2013549804688,389.2799987792969,389.489990234375,383.7099914550781,385.8900146484375,172996900,-0.0062543388004978,-0.006273979111678,398.0210021972656,399.4108001708984,393.0078004455567,40.83727920592407,-3.484568337743724,7.311062908361215,6.588947455008689,104375430.0,0.1552195490689965,2
2023-03-16,380.7668151855469,396.1099853515625,396.4700012207031,386.2900085449219,386.8200073242188,143254200,0.0175451772340811,0.0173930375790071,397.1275009155273,399.7165997314453,392.9120503234863,48.59327783872583,-3.0573480389094243,6.276842607202015,6.845450685063872,108460355.0,-0.1719262021458187,2
2023-03-17,376.3146362304688,389.989990234375,394.3999938964844,388.5499877929688,393.2200012207031,140553400,-0.0154502419618525,-0.0155708407498144,396.2130004882813,399.8411993408203,392.7973503112793,43.13634243463797,-3.1759944461635428,5.886719838530797,6.896489747458859,111666450.0,-0.0188531994175389,2
2023-03-20,379.93310546875,393.739990234375,394.1700134277344,390.0700073242188,390.7999877929688,93055800,0.0096156314108122,0.0095696954611158,395.5369995117188,400.1283990478516,392.71810028076175,47.05941405614731,-2.933612064996055,5.298240810454013,6.702456422166039,111856350.0,-0.3379327714591038,2
2023-03-21,384.9218444824219,398.9100036621094,399.4100036621094,395.5799865722656,397.239990234375,91524200,0.0131305266316914,0.0130450685272902,395.5279998779297,400.3449993896484,392.6257002258301,51.97837510802731,-2.297857138906068,5.292037259233745,6.628710493992349,112299765.0,-0.0164589418391976,2
2023-03-22,378.36029052734375,392.1099853515625,402.489990234375,392.0700073242188,398.7300109863281,111746600,-0.0170464973255138,-0.017193461403886,395.20649871826174,400.42999938964846,392.53355010986326,45.93313171432241,-2.316023747068243,5.294738579543,6.899515666575481,113699980.0,0.2209513986464781,2
2023-03-23,379.3830871582031,393.1700134277344,399.2900085449219,390.3500061035156,395.0899963378906,119351300,0.0027033947508923,0.0026997471517574,394.83199920654295,400.4817999267578,392.4404501342773,46.96855171437272,-2.219302767363104,5.151660102227353,7.045264721920536,114855425.0,0.0680530772300902,2
2023-03-24,381.8726501464844,395.75,395.8399963378906,389.3999938964844,391.8399963378906,107682400,0.0065620125751015,0.0065405762962363,394.8004989624024,400.4864001464844,392.3405001831055,49.50329030309397,-1.912422127728405,5.143616344783469,7.002031701883801,114829825.0,-0.097769358188809,2
2023-03-27,382.5867004394531,396.489990234375,398.9200134277344,395.55999755859375,398.1199951171875,74010400,0.0018698426642451,0.0018680966845833,394.7384979248047,400.4770001220703,392.2668501281738,50.237958273076096,-1.5911640337883457,5.113832893708024,6.7418877138307165,114508110.0,-0.3126973395838132,2
2023-03-28,381.7279052734375,395.6000061035156,396.489990234375,393.6900024414063,395.7699890136719,62871700,-0.0022446572493123,-0.0022471802686452,394.7054977416992,400.4190002441407,392.2376501464844,49.30879219220282,-1.392329058561529,5.105620578029481,6.460323433769143,112829765.0,-0.1505018213656459,2
2023-03-29,387.2762756347656,401.3500061035156,401.6000061035156,398.6799926757813,399.9299926757813,77497900,0.0145348834966787,0.0144302646079901,395.0359985351562,400.4906005859375,392.29540023803713,55.08830319956092,-0.7619902140555155,5.317516012881821,6.427443188499919,111719320.0,0.2326356691484403,2
2023-03-30,389.54388427734375,403.7000122070313,404.3500061035156,401.760009765625,404.0899963378906,69840000,0.0058552536882472,0.0058381783117229,395.33049926757815,400.73480102539065,392.43890029907226,57.23435081652874,-0.0719864704833526,5.632980902423518,6.182625817892783,110954930.0,-0.0988142904517412,2
2023-03-31,395.0343322753906,409.3900146484375,409.7000122070313,404.5499877929688,404.6600036621094,112062600,0.0140946303427114,0.0139962246239757,395.5904998779297,401.1498010253906,392.6165003967285,61.972471680599085,0.9233384404101912,6.158888198557011,6.169581116614727,112052060.0,0.6045618556701031,2
2023-04-03,396.5396423339844,410.9500122070313,411.3699951171875,408.4400024414063,408.8500061035156,67391100,0.0038105412999225,0.0038032995781799,395.9145004272461,401.451201171875,392.7752503967285,63.17702515985492,1.817073279084639,6.788828752468531,5.938181942269474,111781820.0,-0.3986298729460141,2
2023-04-04,394.339599609375,408.6700134277344,411.9200134277344,407.239990234375,411.6199951171875,66601500,-0.0055481170740258,-0.0055635650401382,396.4345016479493,401.6120013427735,392.9853504943848,60.17680915897836,2.3147052497365053,7.353561546019008,5.848313460204467,109696365.0,-0.0117166806892898,2
2023-04-05,393.3070983886719,407.6000061035156,408.7000122070313,405.8800048828125,407.9100036621094,65200200,-0.0026182672793729,-0.0026217009359427,396.8685012817383,401.7600012207032,393.1940505981445,58.76635516318687,2.592852730796949,7.753254284858745,5.632005879062634,109219045.0,-0.0210400666651652,2
2023-04-06,394.8413696289063,409.1900024414063,409.4800109863281,405.6799926757813,406.7699890136719,63743300,0.0039008741758626,0.003893285494786,397.7500015258789,401.9368011474609,393.3646505737304,60.25703405310126,2.9080636818777634,8.111864000042633,5.501149624168647,106808945.0,-0.022345023481523,2
2023-04-10,395.24658203125,409.6099853515625,409.6900024414063,405.9700012207031,406.6099853515625,63681000,0.0010263762742257,0.0010258499102318,398.9350006103516,402.0340008544922,393.5407504272461,60.66158148606697,3.15538641208883,8.02179145195964,5.373924738206829,100530345.0,-0.0009773576203302,2
2023-04-11,395.352783203125,409.7200012207031,411.1799926757813,408.9200134277344,410.260009765625,59297900,0.0002685868828276,0.000268550819828,400.1530014038086,402.11480102539065,393.6990504455566,60.7742205819386,3.321975157090605,7.694831840806764,5.151500060338265,95605740.0,-0.0688290070821752,2
2023-04-12,393.7413330078125,408.0499877929688,412.1700134277344,407.4400024414063,411.8699951171875,86420400,-0.0040759870710698,-0.0040843165479697,400.9690002441407,402.26400085449217,393.78890045166014,58.056693566632255,3.281415693473946,7.619562248845874,5.121393697908965,92439140.0,0.4573939380652603,2
2023-04-13,398.9712524414063,413.4700012207031,413.8399963378906,407.989990234375,409.1799926757813,85814800,0.0132827192497901,0.0131952773938126,402.178500366211,402.4038006591797,393.9133004760742,63.72583147053987,3.644609028824618,7.586280232942018,5.173437441166583,88080035.0,-0.0070076046859306,2
2023-04-14,397.9967346191406,412.4599914550781,415.0899963378906,410.05999755859375,412.80999755859375,78161500,-0.0024427643181926,-0.0024457527346064,402.9960006713868,402.4370007324219,394.0723504638672,62.04293806830388,3.807057626171172,7.776473822843316,5.163191822461604,84825400.0,-0.0891839169933391,2
2023-04-17,399.4248352050781,413.9400024414063,413.9599914550781,411.0899963378906,412.3699951171875,66436400,0.0035882534475817,0.0035818310251141,404.1935012817384,402.38020080566406,394.2403504943848,63.56147693643534,4.009010450623691,7.507652482804445,4.999392057799168,81119550.0,-0.1500111947698035,2
2023-04-18,399.685302734375,414.2099914550781,415.7200012207031,412.7799987792969,415.5799865722656,63560000,0.0006522418999841,0.000652029282683,405.2170013427735,402.41740051269534,394.42515045166016,63.84563494422701,4.143086454340846,7.402116357840179,4.852292799485388,79644760.0,-0.0432955428048479,2
2023-04-19,399.6177978515625,414.1400146484375,415.0799865722656,412.1600036621094,412.2200012207031,55227300,-0.0001689404120717,-0.0001689546841105,405.97850189208987,402.5036010742188,394.58965057373047,63.70696614081798,4.19533490054863,7.501857629253017,4.714270664533308,77829915.0,-0.1310997482693517,2
2023-04-20,397.43701171875,411.8800048828125,413.7000122070313,410.2699890136719,411.2099914550781,75840400,-0.0054571151921736,-0.0054720596391266,406.9670028686524,402.43740112304687,394.7392506408692,59.232430319918265,4.008174529230757,6.852693641740094,4.65396744812133,76034605.0,0.3732411325558193,2
2023-04-21,397.7458190917969,412.2000122070313,412.6799926757813,410.1700134277344,412.1900024414063,73457400,0.0007769430912525,0.0007766414272094,407.9185028076173,402.4684014892578,394.8840007019043,59.66443012299997,3.841389357859782,6.117916824803635,4.500825433830301,73739910.0,-0.0314212477782289,2
2023-04-24,398.1607360839844,412.6300048828125,413.0700073242188,410.6000061035156,411.989990234375,64332100,0.0010431651214148,0.0010426214027723,408.76250305175785,402.5792016601562,395.0022007751465,60.273593564084415,3.701242108182896,5.482163817001971,4.355766561464079,71572395.0,-0.1242257417224133,2
2023-04-25,391.8403930664063,406.0799865722656,411.1600036621094,406.0199890136719,410.5799865722656,97766700,-0.0158738294186994,-0.0160011680141709,409.2420028686524,402.5400012207031,395.0892506408691,48.305867073392506,3.0267521515186218,4.718447584436059,4.5167843691552605,72760210.0,0.5197187718106513,2
2023-04-26,390.1806640625,404.3599853515625,407.8399963378906,403.7799987792969,406.7200012207031,80447000,-0.0042356217434444,-0.0042446173996722,409.6800018310547,402.370601196289,395.1899005126953,45.737663368058485,2.326604627676886,3.6771296157550095,4.484156739829438,73638975.0,-0.1771533661256848,2
2023-04-27,397.9484558105469,412.4100036621094,412.6900024414063,406.739990234375,407.0,92968400,0.0199080487737874,0.0197124749715883,410.2330017089844,402.3660009765625,395.3478005981445,57.205267631842105,2.393708687870969,3.1527119978562994,4.75886105054475,74412500.0,0.1556478178179423,1
2023-04-28,401.344970703125,415.9299926757813,415.9400024414063,411.4299926757813,411.489990234375,89433100,0.0085351688426935,0.0084989502311639,410.84450073242186,402.4050006103516,395.5333006286621,61.078656923130296,2.6998012069157085,3.0013102315746343,4.741085958764769,75392155.0,-0.038026899462613,1
2023-05-01,400.9397583007813,415.510009765625,417.6199951171875,415.2699890136719,415.4700012207031,62122300,-0.001009744229923,-0.0010102543650609,411.1505004882813,402.5496008300781,395.7213006591797,60.376484692310704,2.875347407557456,3.1533451475803824,4.570294540532688,72895140.0,-0.3053768682959664,1
2023-05-02,396.43353271484375,410.8399963378906,414.8200073242188,407.8200073242188,414.7699890136719,103998500,-0.0112392320713731,-0.0113028695134278,411.1449996948242,402.6212005615234,395.8498506164551,53.0705031489388,2.607579429123632,3.153809216249658,4.7931308191665085,74725510.0,0.674092878080818,1
2023-05-03,393.7123107910156,408.0199890136719,413.8699951171875,407.7699890136719,411.3599853515625,91531800,-0.006864003868551,-0.0068876694992639,411.1124984741211,402.79980041503904,395.9802005004883,49.1989653203345,2.1431158483146646,3.183863484127207,4.886479053762874,75972025.0,-0.1198738443342932,1
2023-05-04,390.9237365722656,405.1300048828125,407.2699890136719,403.739990234375,406.9299926757813,94901900,-0.0070829474258,-0.0071081505768249,410.98899841308594,402.93160034179687,396.044500579834,45.53301468588196,1.52425686318702,3.369759702822724,4.84315903415816,77457110.0,0.036818897913075,2
2023-05-05,398.1607360839844,412.6300048828125,413.7200012207031,408.6400146484375,408.9100036621094,87891800,0.0185125759869833,0.0183433041656685,411.1609985351562,403.1710003662109,396.1338006591797,54.920695926134414,1.620315984660408,3.360883056957274,5.11079027013905,78664535.0,-0.0738668035097295,2
2023-05-08,398.2668762207031,412.739990234375,413.239990234375,411.2799987792969,412.9700012207031,50046800,0.0002665471494098,0.0002665116320296,411.3174987792969,403.4982000732422,396.20355056762696,55.04306732826817,1.6858846009290571,3.3577317679969467,4.885733211920413,77982825.0,-0.430586243540353,2
2023-05-09,396.5202941894531,410.9299926757813,412.0899963378906,410.6900024414063,411.1300048828125,49220100,-0.0043853215133475,-0.0043949652399572,411.3779983520508,403.7621997070312,396.2827505493164,52.5165252156648,1.5736563941756572,3.338277592876945,4.683179967709576,77478935.0,-0.0165185386478255,2
2023-05-10,398.373046875,412.8500061035156,414.5400085449219,408.8699951171875,413.8800048828125,96142900,0.004672361380176,0.0046614797817512,411.6179992675781,404.09399963378905,396.36915054321287,54.88234362370519,1.6209583700806434,3.2580022309845758,4.753668071997061,77965060.0,0.953325978614428,2
2023-05-11,397.6783142089844,412.1300048828125,412.4299926757813,409.9700012207031,411.9500122070313,70157100,-0.0017439777402415,-0.0017455002398152,411.5509994506836,404.4417999267578,396.4753504943848,53.79982976354878,1.582109867840984,3.2315830503207343,4.619834987055307,77182175.0,-0.2702830890268548,2
2023-05-12,397.1571350097656,411.5899963378906,413.6400146484375,409.0700073242188,413.4200134277344,70481500,-0.0013102868961831,-0.0013111460726521,411.5074996948242,404.7173999023437,396.5281004333496,52.95616592638128,1.4905656603051511,3.224551057525993,4.616275868281264,76798175.0,0.0046239083428476,2
2023-05-15,398.52740478515625,413.010009765625,413.4299926757813,410.2300109863281,412.2200012207031,54289400,0.0034500678839837,0.0034441300531419,411.4610000610352,404.8938000488281,396.5628004455567,54.956476322979896,1.5151339117666112,3.1941894904005985,4.515111998364972,76190825.0,-0.229735462497251,1
2023-05-16,395.8641662597656,410.25,412.8200073242188,410.239990234375,411.8599853515625,57705500,-0.0066826703962725,-0.0067050994177695,411.2630004882813,405.0094000244141,396.5541004943848,50.46501237794785,1.2969443393089364,3.137041636539124,4.390462536428188,75898100.0,0.0629238856940765,1
2023-05-17,400.6695556640625,415.2300109863281,415.8599853515625,410.6400146484375,412.3500061035156,87287000,0.0121389664505255,0.0120658800649357,411.31750030517577,405.3486004638672,396.576400604248,57.2535126137262,1.5084839342778764,3.1985204768131195,4.477571308937782,77501085.0,0.5126287788858948,1
2023-05-18,404.5292663574219,419.2300109863281,419.6700134277344,414.6700134277344,414.8999938964844,97177200,0.0096332150715658,0.0095871115025162,411.6850006103516,405.7548004150391,396.6322506713867,61.783780420402834,1.9761177031648456,3.6560722090981552,4.514887644013655,78567925.0,0.1133066779703735,2
2023-05-19,403.9407043457031,418.6199951171875,420.7200012207031,417.3500061035156,420.1700134277344,103793300,-0.0014550863563069,-0.0014561460225211,412.00599975585936,406.2960003662109,396.6531005859375,60.726793488392175,2.271315342182845,3.971864992149852,4.433109606383215,80084720.0,0.0680828424774535,2
2023-05-22,404.104736328125,418.7900085449219,420.3900146484375,417.3500061035156,418.6400146484375,60745400,0.0004061283018428,0.0004060458540662,412.31399993896486,406.9536004638672,396.6762005615234,60.92742261081422,2.49027393288884,4.251777519289597,4.333602387707405,79905385.0,-0.4147464239021208,2
2023-05-23,399.5694885253906,414.0899963378906,418.7200012207031,413.6799926757813,417.0799865722656,86383500,-0.011222837486886,-0.0112862887093531,412.7145004272461,407.52820068359375,396.6793005371094,52.88429792607066,2.258513747463496,4.003668430509597,4.389060493524059,79336225.0,0.4220582957721901,2
2023-05-24,396.6747741699219,411.0899963378906,412.8200073242188,409.8800048828125,412.4200134277344,89213700,-0.0072448019187405,-0.0072711729419161,413.0510009765625,407.915400390625,396.66980056762696,48.48460089247663,1.8118809668885087,3.5178813609182096,4.376269847920778,79774560.0,0.032763201305805,2
2023-05-25,400.1098327636719,414.6499938964844,416.1600036621094,412.4100036621094,414.739990234375,90961600,0.0086598982955246,0.0086226164596036,413.1630004882812,408.4228002929688,396.6863005065918,53.43529417721996,1.7252951922872055,3.532028782656281,4.425822524799204,79674220.0,0.0195922823512533,2
2023-05-26,405.2915649414063,420.0199890136719,420.7699890136719,415.25,415.3299865722656,93830000,0.0129506697123649,0.0128675268570713,413.3675003051758,408.90100036621095,396.68645050048826,59.72303414485919,2.066171529884741,3.808266365339764,4.546834852826939,79894065.0,0.0315341858542506,2
2023-05-30,405.4459838867188,420.1799926757813,422.5799865722656,418.739990234375,422.0299987792969,72216000,0.0003809429700838,0.0003808704297325,413.6009994506836,409.5048004150391,396.6874005126953,59.896797215661394,2.3224575961492637,4.0800169631391725,4.496346387474345,80398750.0,-0.2303527656399872,2
2023-05-31,403.19769287109375,417.8500061035156,419.2200012207031,416.2200012207031,418.2799987792969,110811800,-0.0055452106546718,-0.0055606424099369,413.9514999389648,409.98700073242185,396.6411505126953,56.10119225246266,2.310916894766649,4.13112790429853,4.458035320874619,80739415.0,0.5344494294893098,2
2023-06-01,407.0284729003906,421.8200073242188,422.9200134277344,416.7900085449219,418.0899963378906,88865000,0.0095010198940135,0.0094561690664444,414.64150085449216,410.4452008056641,396.60595062255857,60.673963616767374,2.59223505351423,4.239331494085392,4.577461718155896,80606075.0,-0.1980547198042085,2
2023-06-02,412.9145812988281,427.9200134277344,428.739990234375,423.9500122070313,424.5,91426200,0.0144611587824163,0.0143575934812273,415.7810012817383,411.1614013671876,396.5970506286621,66.45583084102158,3.2697100516337514,4.596038425030057,4.744784660441632,80432290.0,0.0288212457097845,2
2023-06-05,412.1233520507813,427.1000061035156,429.6199951171875,426.3699951171875,428.2799987792969,65460200,-0.001916263083024,-0.0019181014640489,416.50450134277344,411.8400012207032,396.59930068969726,65.07084126613633,3.6978199638794536,5.176210054133292,4.638014327552944,79310710.0,-0.2840104915221239,2
2023-06-06,413.020751953125,428.0299987792969,428.5799865722656,425.989990234375,426.6700134277344,64022200,0.0021774588210983,0.0021750915933772,417.26900177001954,412.4856011962891,396.6000006103516,65.93786650378429,4.065280764260933,5.69416224222365,4.49172732829135,80009480.0,-0.021967546692494,2
2023-06-07,411.5926208496094,426.5499877929688,429.6199951171875,426.1099853515625,428.4400024414063,85373300,-0.0034577272400273,-0.00346371899475,418.0500015258789,413.086801147461,396.6220504760742,63.24722888539804,4.188785862354109,5.848079496106391,4.421604645243753,81817140.0,0.3334952563329594,2
2023-06-08,414.0821533203125,429.1300048828125,429.6000061035156,425.8200073242188,426.6199951171875,61952800,0.0060485691329943,0.0060303499683888,418.8640014648437,413.757401123047,396.7009504699707,65.86237494511406,4.443626993527346,6.208123905298195,4.375775654818972,80107635.0,-0.2743304991138916,2
2023-06-09,414.8250732421875,429.8999938964844,431.989990234375,428.8699951171875,429.9599914550781,85742800,0.0017943024372815,0.0017926945996739,419.7525009155273,414.3284008789064,396.78870040893554,66.6256229149555,4.654072849599629,6.460132960804818,4.2860770449881525,80886920.0,0.384002014436797,2
2023-06-12,418.58837890625,433.7999877929688,433.8800048828125,430.1700134277344,430.9200134277344,76104300,0.0090718631120136,0.0090309609482943,420.8630004882813,414.9304003906251,396.8893502807617,70.25334919479744,5.0770248385541095,6.878548883550367,4.264215183655294,81168060.0,-0.1124117710175082,2
2023-06-13,421.3481140136719,436.6600036621094,437.3299865722656,434.6300048828125,435.3200073242188,95899700,0.0065929367211174,0.0065712983686025,422.0455001831055,415.47580017089854,396.97510025024417,72.60504494174687,5.578689060617364,7.465302177911383,4.211771154772546,83248575.0,0.2601088243371268,2
2023-06-14,421.8499145507813,437.1799926757813,439.05999755859375,433.5899963378906,437.010009765625,100612100,0.0011908327057916,0.0011901242269225,423.39199981689455,416.0003997802735,397.1344502258301,73.02263769305222,5.949636631009753,7.65211291326005,4.301644730910445,85393905.0,0.0491388398503853,2
2023-06-15,427.0797729492188,442.6000061035156,443.8999938964844,436.2300109863281,436.3299865722656,110303100,0.0123976703383905,0.0123214485585574,424.76049957275393,416.6789996337892,397.3343002319336,76.96426308468796,6.604828686025314,8.514431776043693,4.542240315142288,86544710.0,0.0963204226926979,2
2023-06-16,425.6250305175781,439.4599914550781,443.6099853515625,438.9700012207031,443.0199890136719,114165800,-0.0070944749325265,-0.007119760382108,425.7719985961914,417.3161993408204,397.5405502319336,70.53452064307693,6.792401592660326,9.010057459407738,4.549222016264937,87394140.0,0.0350189613891178,2
2023-06-20,423.4169006347656,437.1799926757813,438.3699951171875,435.0299987792969,437.4500122070313,76160400,-0.0051881828235321,-0.0052016881764493,426.6999984741211,417.8759991455079,397.7505502319336,66.20927369229646,6.680073892186556,9.188691770758943,4.540705634801816,86012495.0,-0.3328965416963749,2
2023-06-21,421.247314453125,434.9400024414063,436.989990234375,434.3299865722656,436.1600036621094,76982300,-0.0051237254035003,-0.005136896694487,427.5074981689453,418.3825994873048,397.94315017700194,62.1753853840854,6.337252981185031,9.16658026764457,4.419941382567092,86824340.0,0.010791697522597,2
2023-06-22,422.7679748535156,436.510009765625,436.6199951171875,433.6000061035156,433.9500122070313,70637200,0.0036097101103735,0.0036032107426928,428.628498840332,418.9183996582032,398.1645002746582,63.838388482995605,6.121684441663547,8.803051778897986,4.319944784788862,86037025.0,-0.0824228426534411,2
2023-06-23,419.5718078613281,433.2099914550781,435.05999755859375,432.4700012207031,432.9299926757813,92074500,-0.0075600060404542,-0.0075887277351437,429.7344985961914,419.4215997314454,398.3767501831055,58.060142831526434,5.619779601690993,7.818018954780378,4.299949339084077,86180065.0,0.3034845662059084,2
2023-06-26,417.8576049804688,431.4400024414063,434.6099853515625,431.1900024414063,432.6199951171875,72823600,-0.0040857529802734,-0.0040941224738825,430.5739990234375,419.78099975585945,398.545050201416,55.175454425795046,5.021310536784938,6.968267281237025,4.237094594160657,85273165.0,-0.2090796040163128,2
2023-06-27,422.4387512207031,436.1700134277344,436.80999755859375,431.8800048828125,432.3500061035156,72813700,0.0109633111430609,0.0109036497092854,431.3815002441406,420.25520019531257,398.7240002441406,60.78298449582612,4.872524418895637,6.607273960729362,4.318016060091141,84222350.0,-0.0001359449409257,2
2023-06-28,422.6517639160156,436.3900146484375,437.4400024414063,434.4100036621094,435.0499877929688,75636000,0.000504393273105,0.0005042661095765,432.19200134277344,420.7042004394532,398.87295028686526,61.02719537130789,4.717976709734842,6.138483092095178,4.226014825748697,84393350.0,0.0387605629160445,2
2023-06-29,424.3175964355469,438.1099853515625,438.2799987792969,435.5400085449219,435.9599914550781,67882300,0.0039413612717758,0.0039336144560997,433.20500030517576,421.18220031738286,399.0086502075195,62.96870692850645,4.68033184600074,5.255297518222252,4.119870212079148,82246875.0,-0.1025133534295837,2
2023-06-30,429.3248291015625,443.2799987792969,444.2999877929688,441.1099853515625,441.4400024414063,104964000,0.0118007203683925,0.011731634842625,434.2779998779297,421.7650000000001,399.2595501708984,68.11118048526407,5.009923615418643,4.9926570054647,4.267736799888231,83051825.0,0.5462646374680882,2
2023-07-03,429.8187561035156,443.7900085449219,444.0799865722656,442.6300048828125,442.9200134277344,32793400,0.0011505363811348,0.001149875021383,435.0714996337891,422.4032000732423,399.5055001831055,68.57479057060971,5.251742178284019,5.186355253218557,4.066468577714295,80120185.0,-0.6875747875462064,2
2023-07-05,429.1795654296875,443.1300048828125,443.8900146484375,441.8999938964844,441.9100036621094,58418400,-0.0014871981103706,-0.0014883050871457,435.8729995727539,423.02179992675786,399.7705502319336,67.21296949121765,5.328702387787757,5.127911702485557,3.918150875874211,79768095.0,0.7814072343825282,2
2023-07-06,425.8188171386719,439.6600036621094,440.1000061035156,437.05999755859375,439.4200134277344,80658300,-0.0078306618429523,-0.0078614824781514,436.45449981689455,423.5623999023438,400.0410502624512,60.419373085844775,5.051463680900781,4.84322629522912,4.071854907898821,80599900.0,0.3807002588225627,2
2023-07-07,424.7437133789063,438.5499877929688,442.6400146484375,438.2999877929688,438.6300048828125,86134200,-0.0025247142334867,-0.0025279066989745,437.0544998168945,424.21179992675786,400.2910502624512,58.38635036586786,4.688139055677254,4.259797928336525,4.091010047010955,80637945.0,0.0678900993450146,2
2023-07-10,425.8188171386719,439.6600036621094,439.8399963378906,437.5899963378906,438.1799926757813,62443500,0.0025311045491684,0.0025279066989745,437.58099975585935,424.9178002929688,400.56890029907225,59.8415663808054,4.43860519863091,3.86086079867026,3.9595093293673154,80662480.0,-0.2750440591542036,2
2023-07-11,428.5306396484375,442.4599914550781,442.9700012207031,439.4400024414063,440.4500122070313,64463800,0.0063685297039677,0.0063483363081534,438.20899963378906,425.5188000488282,400.89425018310544,63.32548258558071,4.415879918633323,3.5551127606896404,3.92883000436228,79598530.0,0.0323540480594457,2
2023-07-12,431.9786071777344,446.0199890136719,447.4800109863281,444.9100036621094,446.3900146484375,91924500,0.0080459196929565,0.0080137238625168,438.8199996948242,426.120599975586,401.2532501220703,67.2193947393914,4.631740203438994,3.79919282474013,4.006772113425688,80389540.0,0.4259863675427138,2
2023-07-13,435.4071044921875,449.55999755859375,450.3800048828125,447.4500122070313,447.8999938964844,72425200,0.0079368831714252,0.0079055517873556,439.4649993896484,426.8015997314454,401.66130004882814,70.56604034942931,5.030471989095986,4.452113249833557,4.032003810262469,79215815.0,-0.2121229922381955,2
2023-07-14,435.1359252929688,449.2799987792969,451.3599853515625,448.489990234375,450.4800109863281,69815800,-0.000622828500795,-0.0006230225390383,440.0699996948242,427.57039978027353,402.0861500549317,69.95767476952379,5.263205286187088,4.922544193213377,3.949003189328543,77676000.0,-0.0360288960196174,2
2023-07-17,436.6467895507813,450.8399963378906,451.9299926757813,449.0799865722656,449.1300048828125,52680200,0.0034722167976146,0.0034662025706489,440.481999206543,428.4267999267579,402.52345001220704,71.43525703685842,5.510010890733895,5.460838612381883,3.870503397484767,74794855.0,-0.2454401439215765,2
2023-07-18,439.891357421875,454.1900024414063,454.8599853515625,450.0499877929688,450.5,80668200,0.0074305876380251,0.007403116820647,441.2184997558594,429.40799987792974,402.9417500305176,74.35248146991776,5.907821912346037,6.251781221208368,3.9376101232782617,73119975.0,0.5312812024251996,2
2023-07-19,440.86962890625,455.2000122070313,456.4299926757813,454.1099853515625,455.010009765625,65891700,0.0022237604531052,0.0022212915573065,442.1195007324219,430.25940002441416,403.40380004882815,75.17563772073191,6.232742187934264,6.903651574234947,3.822067066202586,72606540.0,-0.1831762702031283,2
2023-07-20,437.9446105957031,452.1799926757813,455.1000061035156,451.4400024414063,454.1700134277344,70591600,-0.0066344891262358,-0.0066565951783766,442.9815002441407,431.04820007324224,403.8788000488281,68.13405879819737,6.175367715455764,7.035081772531557,3.817634401875616,72287005.0,0.0713276482470477,2
2023-07-21,437.9446105957031,452.1799926757813,454.1700134277344,452.1700134277344,453.9599914550781,71275600,0.0,0.0,443.7649993896485,431.8732000732423,404.3066500854492,68.13405879819737,6.0600416448192505,7.148094303117994,3.687803373170215,72318925.0,0.0096895381320156,2
2023-07-24,439.9010620117188,454.2000122070313,455.0400085449219,452.2999877929688,453.3699951171875,54023400,0.0044672908221712,0.0044573420967554,444.8145004272461,432.70020019531256,404.6878001403809,70.2926575266068,6.061767316815519,7.057142863797056,3.6286756943109535,70416370.0,-0.2420491725078427,2
2023-07-25,441.10205078125,455.4400024414063,456.739990234375,453.8699951171875,453.9200134277344,55191200,0.0027300532828031,0.0027263334560185,446.0145004272461,433.56640014648445,405.0795501708984,71.56595869065247,6.09295596950551,6.694405123842516,3.574484224516422,69534750.0,0.0216165587504673,2
2023-07-26,441.1698303222656,455.510009765625,456.989990234375,453.3800048828125,454.4700012207031,71052900,0.0001537136040827,0.0001537017913572,446.9815002441407,434.4448004150392,405.4911001586914,71.63986568040713,6.053540757795702,6.593597930347713,3.577020019305427,69446710.0,0.2873954543477945,2
2023-07-27,438.244873046875,452.489990234375,459.4400024414063,451.5499877929688,459.0199890136719,92194400,-0.0066299740214356,-0.0066520499284261,447.7864990234375,435.2344000244141,405.93960006713866,63.92119097839457,5.712760435498296,6.203727970170928,3.885091064243432,70274630.0,0.2975459129746991,2
2023-07-28,442.5354309082031,456.9200134277344,457.7799987792969,452.489990234375,455.8800048828125,80011800,0.0097903230766822,0.0097427083869394,448.7270004272461,436.1678002929688,406.42410018920896,69.16877796042517,5.734056786040355,6.084206839929751,3.985442312863321,70881105.0,-0.1321403469191187,2
2023-07-31,443.3780517578125,457.7900085449219,458.1600036621094,456.0499877929688,457.4100036621094,62040400,0.0019040424836307,0.0019022320924179,449.45250091552737,437.0190002441407,406.9243502807617,70.08887924672959,5.754797904377028,6.262987157512907,3.851483281168839,68734925.0,-0.2246093701179076,2
2023-08-01,442.1092834472656,456.4800109863281,457.25,455.489990234375,456.2699890136719,55291500,-0.0028615686977475,-0.0028656708129788,450.0870010375976,437.7640002441407,407.4239503479004,66.85362643259174,5.600965096070638,6.3018185529765045,3.740664354695842,69859830.0,-0.1087823418288728,2
2023-08-02,435.959228515625,450.1300048828125,453.5199890136719,449.3500061035156,453.25,93933400,-0.0139108086897277,-0.0140084707522254,450.43700103759767,438.3942004394532,407.8447503662109,53.87244705881337,4.910058960552192,6.085779274804399,3.982760106704174,71635580.0,0.698875957425644,2
2023-08-03,434.7097473144531,448.8399963378906,450.7900085449219,447.3699951171875,448.0400085449219,64276100,-0.0028658577098359,-0.0028699721428423,450.89600067138673,438.9952001953126,408.3008003234863,51.67716179643679,4.209888982296889,5.553048553695802,3.942563915349188,70816470.0,-0.3157268873478444,2
2023-08-04,432.7437133789063,446.80999755859375,452.8999938964844,446.2699890136719,450.7200012207031,100128900,-0.0045227671238297,-0.0045330257784146,451.309001159668,439.6496002197266,408.7007502746582,48.33898266393575,3.4514095926396635,4.849040143388267,4.13452398445371,71516205.0,0.5577936433604405,2
2023-08-07,436.52093505859375,450.7099914550781,450.8699951171875,447.989990234375,448.7099914550781,58357500,0.00872852872092,0.0086906553404683,451.8615005493164,440.4420001220704,409.09865020751954,54.42941870726954,3.128937679748674,4.008577476706666,4.129200668320856,71311905.0,-0.4171762598011164,2
2023-08-08,434.6225891113281,448.75,450.7000122070313,445.2699890136719,448.0799865722656,71361300,-0.0043486754059977,-0.0043581583971775,452.1760009765625,441.1240002441407,409.49990020751954,51.16480577608436,2.684278740984496,3.4383290494460166,4.2228293663983845,71656780.0,0.2228299704408174,2
2023-08-09,431.7170715332031,445.75,449.2000122070313,444.9599914550781,449.0299987792969,78789600,-0.0066852367688022,-0.0067076830592388,452.1625015258789,441.6386004638673,409.901600189209,46.56143344959808,2.0659929201182194,3.464203310500559,4.2240573225094415,71000035.0,0.1040942359514189,2
2023-08-10,431.87200927734375,445.9100036621094,451.7000122070313,444.7000122070313,448.1900024414063,93005500,0.0003589538129207,0.0003588894044134,451.98000183105466,442.15320068359375,410.2597001647949,46.8361687059335,1.5708006982388838,3.696854757177641,4.422338942330195,72029050.0,0.1804286352513529,2
2023-08-11,431.6202087402344,445.6499938964844,446.7000122070313,443.3500061035156,443.9700012207031,68690900,-0.0005830991982453,-0.0005832692666972,451.7985015869141,442.7092004394531,410.5936001586914,46.418535092001626,1.144187201807938,3.918835111674984,4.34574373955773,71972805.0,-0.2614318508045223,2
2023-08-14,434.0027770996094,448.1099853515625,448.1099853515625,444.3800048828125,444.7000122070313,47867400,0.0055200078284967,0.0055048284199655,451.6620010375976,443.235,410.90955001831054,50.88116398944128,0.9931453226524808,4.000670178885258,4.301760648785749,71732165.0,-0.303147869659591,2
2023-08-15,428.9471130371094,442.8900146484375,446.6400146484375,442.2999877929688,446.2699890136719,75707500,-0.0116488604890822,-0.0117172400121628,451.0970016479493,443.5344000244141,411.2139001464844,42.745614276076,0.4470818532910812,4.402596982596104,4.409491856629174,71484130.0,0.5816087775814021,2
2023-08-16,425.7994384765625,439.6400146484375,444.1799926757813,439.5299987792969,442.4599914550781,80107200,-0.0073381649901947,-0.0073652217689051,450.3190017700196,443.7852001953125,411.5122001647949,38.6066475510278,-0.2450998603487164,4.976769840653967,4.426670573761692,72194905.0,0.0581144536538651,2
2023-08-17,422.5548706054688,436.2900085449219,441.4299926757813,435.75,441.1600036621094,95711300,-0.0076198844324816,-0.0076490640767176,449.5245025634766,443.950400390625,411.7485502624512,34.85975200439093,-1.0518512640751396,5.854918341219399,4.516193581048808,73450890.0,0.1947902310903388,2
2023-08-18,422.7583312988281,436.5,437.5700073242188,433.010009765625,433.3699951171875,98852000,0.0004813116297996,0.0004811958365108,448.7405029296875,444.1494006347656,412.0000003051758,35.28374975161428,-1.6551830880816285,6.4954001442253615,4.5193224365877365,74829710.0,0.0328143071925677,2
2023-08-21,425.5088195800781,439.3399963378906,440.1099853515625,435.3200073242188,437.5499877929688,68719000,0.0065062917248353,0.0064852171709036,447.9975021362305,444.3536004638672,412.2741003417969,40.88768312983668,-1.8824640618381068,6.685162347711511,4.538654978784591,75564490.0,-0.3048294419940922,2
2023-08-22,424.3563232421875,438.1499938964844,441.1799926757813,437.5700073242188,441.1799926757813,64994200,-0.0027086139466597,-0.0027122888788976,447.1330017089844,444.5186004638672,412.5905003356934,39.35009451886785,-2.1340095886047266,6.789201583378029,4.472321433983013,76054640.0,-0.054203349874125,2
2023-08-23,429.0827026367188,443.0299987792969,443.6700134277344,439.1000061035156,439.25,68441000,0.0111377495168136,0.0110761815155133,446.509001159668,444.70320068359376,412.9506002807617,47.98799735739657,-1.917482080877164,6.54797976078034,4.547157012359227,75924045.0,0.0530324244317186,2
2023-08-24,423.1360168457031,436.8900146484375,445.2200012207031,436.8599853515625,444.6900024414063,88517300,-0.0138590708254004,-0.0139560043956865,445.7290023803711,444.70780090332033,413.2533003234863,40.22535245786983,-2.2157856783571788,6.724775282027493,4.819504073557899,75740190.0,0.2933373270408088,2
2023-08-25,426.1190490722656,439.9700012207031,441.2999877929688,435.0,438.6799926757813,102325100,0.0070497985053379,0.0070250648526638,444.8815017700196,444.76360107421874,413.5534002685547,45.02905955190062,-2.1785512697250624,6.294490781149487,4.925252910658678,76855855.0,0.1559898460526925,2
2023-08-28,428.8211975097656,442.760009765625,443.3999938964844,439.9700012207031,442.239990234375,61595400,0.0063413608591063,0.0063213390295188,444.1300018310547,444.7668011474609,413.8572003173828,49.025333750247896,-1.9019874329429167,5.522050571106488,4.818448608167434,76833605.0,-0.3980421226072586,2
2023-08-29,435.0197143554688,449.1600036621094,449.4500122070313,442.4599914550781,442.6499938964844,83081900,0.0144547695259835,0.0143512952839056,443.7640014648438,444.9608013916016,414.2323503112793,56.78609517582012,-1.1530904701268696,4.86375896764204,4.97356090415213,78223125.0,0.3488328673894478,2
2023-08-30,436.8115234375,451.010009765625,451.6700134277344,448.7799987792969,449.510009765625,69053900,0.0041188130920652,0.0041103540010763,443.8080017089844,445.2374017333984,414.5139503479004,58.74152140409148,-0.4056283688352664,4.927937494043311,4.824736171601084,76979150.0,-0.1688454404629649,2
2023-08-31,436.17230224609375,450.3500061035156,452.8299865722656,450.1600036621094,451.6499938964844,66084600,-0.0014633902747576,-0.0014644620760757,443.8835021972656,445.5456018066406,414.7731503295898,57.73774811662537,0.1319627673228183,5.01980098177978,4.670825224355025,77069575.0,-0.0429997436784888,2
2023-09-01,436.9858093261719,451.1900024414063,453.6700134277344,449.6799926757813,453.1700134277344,58944100,0.0018652077861804,0.0018634704461356,444.1025024414063,445.8392016601563,415.0535003662109,58.70492179163656,0.6186568095881171,5.244701509824436,4.62219633346917,75010335.0,-0.1080508923410294,2
2023-09-05,435.09716796875,449.239990234375,451.05999755859375,449.1700134277344,450.7300109863281,55166200,-0.0043219313293284,-0.0043312978719813,444.0290023803711,446.1598016357422,415.30725036621095,55.52798642735566,0.8373630562767858,5.156793216074088,4.436324382055082,74850770.0,-0.0640929287239944,2
2023-09-06,432.1722717285156,446.2200012207031,448.510009765625,443.80999755859375,448.3999938964844,70758500,-0.0067224402976598,-0.0067451376778161,443.9025024414062,446.4554016113281,415.5611003112793,50.93104307212682,0.7582607008109221,5.065104674432721,4.507300688749808,74820630.0,0.2826422700856683,2
2023-09-07,430.8453979492188,444.8500061035156,445.5499877929688,442.75,443.1099853515625,70355400,-0.0030702234625065,-0.0030749462677503,443.8575027465821,446.6290014648437,415.814150390625,48.951251959758274,0.5783574135242588,5.051807588984262,4.433207869603616,74398920.0,-0.0056968420755103,2
2023-09-08,431.4942932128906,445.5199890136719,447.1099853515625,444.5299987792969,444.8999938964844,61659700,0.001506087222578,0.0015049542106842,443.83800201416017,446.8116009521484,416.06160034179686,49.97537013237466,0.4842625070468216,5.04421468205739,4.300834919793759,72831630.0,-0.1235967672701739,2
2023-09-11,434.33209228515625,448.4500122070313,448.7699890136719,446.4700012207031,448.239990234375,60180100,0.0065766368863631,0.0065551051626566,443.9780029296875,447.0184014892578,416.3309004211426,54.29385667696382,0.6387568093390996,5.135189494405229,4.225775282665634,72406090.0,-0.0239962244383283,2
2023-09-12,431.9494934082031,445.989990234375,448.5299987792969,445.3900146484375,446.9500122070313,67565400,-0.0054856102256511,-0.0055007114369845,443.87200317382815,447.0726013183594,416.561350402832,50.362792777436844,0.5562790049477826,5.06683409376083,4.14821877182233,73390990.0,0.1227199688933717,2
2023-09-13,432.453125,446.510009765625,447.7099914550781,445.0799865722656,446.2200012207031,60199300,0.0011659892433386,0.0011653100058186,444.0530029296875,447.12700134277344,416.7818003845215,51.16767469179676,0.5268033201830917,5.094490863576275,4.039774922607342,72615580.0,-0.1090217774186196,2
2023-09-14,436.1819763183594,450.3599853515625,451.0799865722656,447.7200012207031,449.0700073242188,83430800,0.0086223724031593,0.0085854120555252,444.58900146484376,447.2716009521485,417.021950378418,56.75818837067402,0.8048269378903683,5.1691421416332055,4.0776464857525765,72781760.0,0.385909802937908,2
2023-09-15,430.92669677734375,443.3699951171875,447.4800109863281,442.9200134277344,447.1400146484375,111848900,-0.0155208954208452,-0.0156426055272277,444.943000793457,447.34580078125,417.25925033569337,46.37693815216209,0.4558738340597301,4.800147813652171,4.3178125884722585,73588640.0,0.3406188122372073,2
2023-09-18,431.1793823242188,443.6300048828125,444.9700012207031,442.55999755859375,443.0499877929688,55752200,0.0005864396970667,0.0005862678085058,445.2995010375977,447.44740112304686,417.5012503051758,46.76697002162318,0.1980239039965567,4.387091165578716,4.181540522303481,71433650.0,-0.5015400240860661,2
2023-09-19,430.2851867675781,442.7099914550781,443.2900085449219,439.9400024414063,442.6799926757813,66514600,-0.0020738304839804,-0.002075983848075,445.468000793457,447.50840087890623,417.6764002990722,45.50571299365475,-0.0796433391940922,4.207179510666748,4.146430659382246,71323430.0,0.193039915913632,2
2023-09-20,426.3294677734375,438.6400146484375,444.4400024414063,438.4299926757813,444.010009765625,82562600,-0.0091933249422802,-0.0092358443511525,445.4925018310547,447.4320013427735,417.8327003479004,40.3246653128348,-0.6209517981873205,4.163519469594007,4.2795434526853,72201850.0,0.2412703376401572,2
2023-09-21,419.2828979492188,431.3900146484375,435.9700012207031,431.2300109863281,435.7000122070313,104095800,-0.016528359834683,-0.0166664771912313,444.9105026245117,447.1394018554688,417.955100402832,33.09600257075931,-1.6163250717780784,5.208317007833841,4.503147753358449,73984590.0,0.2608105849379742,2
2023-09-22,418.3401489257813,430.4200134277344,434.1000061035156,429.989990234375,432.4500122070313,100829700,-0.002248548153099,-0.0022510799334294,444.5870025634766,446.7566021728516,418.1092504882813,32.262692261609544,-2.4551352829747657,5.889141475387793,4.475066904485748,74600210.0,-0.031375905656136,2
2023-09-25,420.0993347167969,432.2300109863281,432.2699890136719,428.7200012207031,429.1700134277344,70874500,0.0042051891225491,0.0041963720245047,444.2000030517578,446.4156024169922,418.3012506103516,35.524914410202385,-2.939956751084708,6.437312801663159,4.408989825091676,73027680.0,-0.297087068591893,2
2023-09-26,413.9275817871094,425.8800048828125,429.8200073242188,425.0199890136719,429.0899963378906,96168400,-0.0146912660900736,-0.0148002514791248,443.3560028076172,445.9164025878906,418.4648506164551,30.056037362379072,-3.792852043461721,7.631799642998501,4.609063549917717,74756330.0,0.3568829409731284,2
2023-09-27,414.0927734375,426.0499877929688,427.6700134277344,422.2900085449219,427.0899963378906,104705800,0.0003991333432127,0.0003990537106885,442.2005020141602,445.3536022949218,418.613900604248,30.365072631767248,-4.404291575499997,8.415996792203803,4.664130787981629,75837525.0,0.0887755229368483,2
2023-09-28,416.493408203125,428.5199890136719,430.25,424.8699951171875,425.4800109863281,92258300,0.0057974446461042,0.0057807041341903,441.07600097656257,444.8200018310547,418.79010055542,34.868328548232014,-4.636111150510942,8.675464481979297,4.71526465189812,76997745.0,-0.1188807114792113,2
2023-09-29,415.482666015625,427.4800109863281,431.8500061035156,425.9100036621094,431.6700134277344,115111300,-0.0024269066881511,-0.0024298563996037,439.9325012207032,444.3260021972656,418.9327505493164,33.87500540615561,-4.847864208321823,8.893232005207349,4.802745922577272,79449080.0,0.2477067103989558,2
2023-10-02,415.3173828125,427.30999755859375,428.6000061035156,424.4599914550781,426.6199951171875,83798600,-0.000397710824752,-0.0003977899326775,438.7385009765626,443.8286022949219,419.0594505310058,33.705957484389046,-4.972083610148729,8.905307311036982,4.755407974424431,80691805.0,-0.2720210787298901,2
2023-10-03,409.7579650878906,421.5899963378906,427.3699951171875,420.1799926757813,425.05999755859375,103760600,-0.01338606925507,-0.013476470329894,437.3560012817384,443.1764019775391,419.1704005432129,28.54472011349385,-5.469040975509074,9.32554300482803,4.929307579208843,83121525.0,0.2382140035752387,2
2023-10-04,412.7417907714844,424.6600036621094,425.4299926757813,420.55999755859375,422.0700073242188,87453000,0.0072819738392422,0.0072555882829349,436.2780014038087,442.5608020019531,419.3455505371094,34.35475096195766,-5.551168914238247,9.49161813132323,4.925070974778751,83956250.0,-0.1571656293429297,2
2023-10-05,412.5862731933594,424.5,425.3699951171875,421.1700134277344,424.3599853515625,70142700,-0.0003767806262175,-0.0003768516258725,435.2605010986329,441.94060180664064,419.551700592041,34.19867765881017,-5.5650168060691385,9.61430238140886,4.873278882969777,83945615.0,-0.1979383211553634,2
2023-10-06,417.48480224609375,429.5400085449219,431.1300048828125,420.6000061035156,421.9700012207031,113273300,0.0118728116488147,0.0118028827779387,434.4615020751954,441.4816021728516,419.7993006896973,42.98517262122278,-5.1103953353323845,9.377914562617455,5.277330304135999,86526295.0,0.6148979152499119,2
2023-10-09,420.1576232910156,432.2900085449219,432.8800048828125,427.010009765625,427.5799865722656,80374400,0.0064021975725048,0.0063817905591359,433.6535018920898,440.9890020751953,420.05805068969727,47.13327578289242,-4.476599079509185,8.786772450549275,5.319663505068249,87536010.0,-0.2904382586187566,2
2023-10-10,422.3444519042969,434.5400085449219,437.2200012207031,432.5299987792969,432.9400024414063,78607300,0.0052048392410766,0.0051913408829109,433.0810028076172,440.5240020751953,420.2996006774902,50.31816183076636,-3.7495325078014616,8.300227889226145,5.291829874404892,88088105.0,-0.0219858561930166,2
2023-10-11,424.0745544433594,436.3200073242188,436.5799865722656,433.1799926757813,435.6400146484375,62451700,0.0040962828377009,0.0040879159122371,432.5715026855469,440.1208020019531,420.5776007080078,52.74362014979921,-2.995169536088781,7.725361487509596,5.15669873312485,88200725.0,-0.2055228967284209,2
2023-10-12,421.48919677734375,433.6600036621094,437.3399963378906,431.2300109863281,436.9500122070313,81154200,-0.0060964512684673,-0.0061151105028977,431.7365036010742,439.7914019775391,420.8313507080078,48.90154419154359,-2.582205453962672,6.508105236172008,5.224790634441825,88086895.0,0.2994714315222804,2
2023-10-13,419.3898315429688,431.5,436.4500122070313,429.8800048828125,435.2099914550781,95143100,-0.0049808689846166,-0.0049933148572445,431.1430038452148,439.44460205078127,421.0818507385254,45.972974573264736,-2.401539237833049,5.904620008409394,5.320877540854466,87251605.0,0.1723743195053366,2
2023-10-16,423.8024291992188,436.0400085449219,437.1400146484375,433.5700073242188,433.8200073242188,75433200,0.0105214566510356,0.0104664913333217,430.7635040283203,439.2292022705078,421.3787507629394,52.42241766425497,-1.8704577402695577,5.269581374195056,5.343673048538968,88235655.0,-0.2071605823228379,2
2023-10-17,423.782958984375,436.0199890136719,438.1400146484375,432.4500122070313,432.80999755859375,75324700,-4.591214305493807e-05,-4.5913197049638914e-05,430.42900390625,438.9354022216797,421.6416506958008,52.39271714806494,-1.434649489796584,4.64687521072105,5.368410862315199,88676160.0,-0.0014383587067763,2
2023-10-18,418.1360168457031,430.2099914550781,435.1799926757813,429.0899963378906,434.1900024414063,93559800,-0.0133250715677889,-0.0134146469561727,430.007502746582,438.5646020507813,421.88055068969726,44.5109971305339,-1.5403305860967862,4.226168724990695,5.4799524204199175,89226020.0,0.2420865931095643,2
2023-10-19,414.4621276855469,426.4299926757813,432.8200073242188,425.7300109863281,430.9500122070313,121323000,-0.0087864039756768,-0.0088252320297169,429.7595016479492,438.1782019042969,422.1086006164551,40.26678192427261,-1.907113905066808,4.28588066242951,5.594955557382115,90087380.0,0.296742831857272,2
2023-10-20,409.3692321777344,421.1900024414063,426.5400085449219,421.0799865722656,425.9800109863281,123919900,-0.0122880433467985,-0.0123641655898423,429.2980010986328,437.6838018798828,422.295750579834,35.249115369913795,-2.590751180448592,4.688996490657081,5.58531744418741,91241890.0,0.0214048449181112,2
2023-10-23,408.6596984863281,420.4599914550781,424.4500122070313,417.7999877929688,419.6099853515625,92035100,-0.001733210622514,-0.0017347143698368,428.7095001220703,437.1800018310547,422.5011505126953,34.60220772227689,-3.1550746950507573,5.0279960337266125,5.661367942035631,92299920.0,-0.257301692464245,2
2023-10-24,411.74066162109375,423.6300048828125,424.8200073242188,420.739990234375,422.6499938964844,78564200,0.0075393937405647,0.0075111145612098,428.5970001220703,436.6904022216797,422.678900604248,39.77129623308855,-3.3083746715716416,5.118985517118475,5.568414222543135,91419710.0,-0.1463669839007074,2
2023-10-25,405.8313293457031,417.5499877929688,421.9200134277344,417.0199890136719,421.8900146484375,94223200,-0.0143521870966755,-0.0144561759110544,428.1720001220703,436.1836016845703,422.8273506164551,34.1895217213557,-3.875794823630315,5.665281854648809,5.6428143401572415,90895580.0,0.1993147005888178,2
2023-10-26,400.9716491699219,412.5499877929688,417.3299865722656,411.6000061035156,416.4500122070313,115156800,-0.0119746141687809,-0.0120468874032056,427.3735000610352,435.6418011474609,422.9372006225586,30.40975225720254,-4.675046568706136,6.653005167244027,5.664754865106952,92040505.0,0.2221703359682116,2
2023-10-27,399.1541137695313,410.6799926757813,414.6000061035156,409.2099914550781,414.1900024414063,107367700,-0.0045327722034158,-0.0045430763647407,426.5334991455078,435.1296008300781,423.0130006408692,29.11340760898497,-5.397137471561621,7.627984802632844,5.645130563916276,91653325.0,-0.0676390799327525,2
2023-10-30,403.9263305664063,415.5899963378906,416.6799926757813,412.2200012207031,413.55999755859375,86562700,0.0119557897868807,0.0118848839296703,425.9474990844727,434.7114007568359,423.1061506652832,36.73893872175714,-5.509691163470279,8.00600522410296,5.670478380779399,91791530.0,-0.1937733601446245,2
2023-10-31,406.4630737304688,418.2000122070313,418.5299987792969,414.2099914550781,416.1799926757813,79665200,0.0062802663493821,0.0062606276579257,425.7779998779297,434.2886010742188,423.20465072631833,40.40867658840566,-5.326879358014651,8.13791450210615,5.574016162453638,90586760.0,-0.0796821263662062,2
2023-11-01,410.7979431152344,422.6600036621094,423.5,418.6499938964844,419.2000122070313,98068100,0.0106647329624423,0.0106082658144486,425.67799987792966,433.9788012695312,423.3291007995605,46.15654780461339,-4.7671627635002665,8.16462001981556,5.554442707490428,91117515.0,0.2310029975447247,2
2023-11-02,418.6706237792969,430.760009765625,430.9200134277344,426.55999755859375,426.5799865722656,94938900,0.0191643544062216,0.0189830311329272,425.9910003662109,433.7334014892578,423.5254508972168,54.702065882305135,-3.628157391865216,8.2367569498413,5.747697497357183,92357325.0,-0.0319084391356618,2
2023-11-03,422.49029541015625,434.6900024414063,436.2900085449219,433.010009765625,433.1400146484375,100167800,0.009123392577504,0.0090820258443754,426.2485000610352,433.6894012451172,423.7557008361816,58.17083779962503,-2.3809240537200367,8.431738885898284,5.732147588924303,91702050.0,0.0550764755016119,2
2023-11-06,423.4622192382813,435.6900024414063,436.1499938964844,433.6799926757813,435.4700012207031,67831700,0.0023004899914504,0.0022978479156202,426.4184997558594,433.6038012695312,423.9547508239746,59.03054483277071,-1.296841819518363,8.59269682766856,5.499137134051359,91074915.0,-0.3228193091991638,2
2023-11-07,424.6674499511719,436.9299926757813,437.5899963378906,434.510009765625,435.6900024414063,64256100,0.0028460378421049,0.0028419955442776,426.5379989624024,433.4872009277344,424.1362507629394,60.124943543364594,-0.3337942176776778,8.727154578970707,5.326340665352378,90357355.0,-0.0527128171636565,2
2023-11-08,424.9784240722656,437.25,438.0899963378906,434.8699951171875,437.5499877929688,61746000,0.0007323995367287,0.0007321314630714,426.5844985961914,433.2490008544922,424.3215007019043,60.41879693756361,0.4500618292026956,8.784308223009255,5.175887847877432,90322070.0,-0.0390639954805847,2
2023-11-09,421.66412353515625,433.8399963378906,438.4700012207031,433.3999938964844,438.4299926757813,83174400,-0.0077987505136863,-0.0078293198070582,426.59349822998047,432.9056005859375,424.4889506530762,55.70767801146606,0.7870420657731074,8.792027500596138,5.168324953330383,90423080.0,0.3470411038771741,2
2023-11-10,428.2441101074219,440.6099853515625,440.9299926757813,433.8299865722656,435.9800109863281,89462200,0.0156048060824691,0.0154843030964144,427.0489974975586,432.7108001708984,424.668250579834,62.03666438306622,1.5821448839400318,9.281939916930094,5.306302178343619,90139035.0,0.0755977800861804,2
2023-11-13,427.8359375,440.1900024414063,441.3299865722656,438.4200134277344,439.2300109863281,52236100,-0.0009531851844463,-0.0009536397543267,427.2564971923828,432.4908001708984,424.8408006286621,61.450045205353724,2.153555636007809,9.536413241172726,5.135135818785592,88979180.0,-0.4161098206840431,2
2023-11-14,436.1362609863281,448.7300109863281,450.05999755859375,446.0899963378906,446.3200073242188,97176900,0.0194007326326284,0.0192149376135876,427.8919982910156,432.4806005859375,425.0815007019043,68.06322395164885,3.2579544210003637,10.523547894456652,5.473340054385724,90071790.0,0.8603398798914927,2
2023-11-15,437.0595703125,449.6799926757813,451.3800048828125,448.7999877929688,450.1099853515625,77327600,0.0021170451411642,0.0021148073588669,428.8654983520508,432.54980041503904,425.2975006103516,68.70633276450057,4.161878453745828,11.595247903835729,5.271672471678484,89260180.0,-0.2042594484903305,2
2023-11-16,437.59417724609375,450.2300109863281,450.55999755859375,448.1199951171875,449.2200012207031,66665800,0.0012231327154983,0.0012223852980768,430.0554992675781,432.6574005126953,425.4946507263184,69.09437369183655,4.866528333761039,12.516797920980594,5.069410326659039,86527320.0,-0.1378783254620601,2
2023-11-17,438.1384582519531,450.7900085449219,451.4200134277344,449.2900085449219,450.239990234375,83133200,0.0012438032670611,0.001243030384587,431.5354995727539,432.76280090332034,425.66470077514646,69.50893365386592,5.407817608147809,13.147441609501032,4.859452794955715,84487985.0,0.2470142111847453,2
2023-11-20,441.510986328125,454.260009765625,455.1300048828125,450.5199890136719,450.5299987792969,69936200,0.0076976001129744,0.0076681247522863,433.2255004882812,432.8790008544922,425.874250793457,72.01399778356598,6.047086309582141,13.804773427258704,4.841635871683208,83383040.0,-0.1587452425745671,2
2023-11-21,440.5487976074219,453.2699890136719,454.1300048828125,451.9599914550781,453.1799926757813,49244600,-0.0021794142796411,-0.0021817926592202,434.7074996948242,433.0246008300781,426.09145080566407,70.24088817373567,6.400049177392475,14.302456854730318,4.66009176017347,81917060.0,-0.2958639445666192,2
2023-11-22,442.2497863769531,455.0199890136719,456.3800048828125,453.8900146484375,454.9800109863281,59394900,0.0038608335923762,0.0038533997022272,436.58099975585935,433.1948004150391,426.29060073852537,71.57325622911955,6.743253143028596,14.39053440293483,4.549372053671124,80175645.0,0.2061200618951113,2
2023-11-24,442.5218505859375,455.2999877929688,455.5,454.7300109863281,455.0700073242188,29737400,0.0006153548988119,0.0006151656456207,438.7184997558594,433.2936004638672,426.5138507080078,71.79087513976944,6.9576350341912985,13.795870815901369,4.279416122242607,75904675.0,-0.4993273833275248,2
2023-11-27,441.724853515625,454.4800109863281,455.489990234375,454.0799865722656,454.6499938964844,50506000,-0.0018009594303207,-0.0018025831074996,440.9085006713867,433.51580078125,426.75080078125,70.09845541063981,6.980897510963587,12.5289984826781,4.0744580893759474,73061590.0,0.69839999461957,2
2023-11-28,442.1622314453125,454.9299926757813,456.2699890136719,453.5,454.0799865722656,62115000,0.0009901022675928,0.0009896124396359,442.87550048828126,433.7418005371094,426.9852507019043,70.50932267100214,6.955464685816025,11.380347944340288,3.9812817268256566,71839205.0,0.2298538787470796,2
2023-11-29,441.8511657714844,454.6099853515625,458.3200073242188,454.2000122070313,457.1499938964844,63146000,-0.000703421030424,-0.0007036685470761,444.6959991455078,433.9798004150391,427.1941506958008,69.77504922155643,6.830746478588196,10.06104570587885,3.9911898261372167,71013245.0,0.0165982451903727,2
2023-11-30,443.5909729003906,456.3999938964844,456.760009765625,453.3399963378906,455.4800109863281,79752700,0.0039374598064263,0.0039297282999148,446.38299865722655,434.335,427.412950592041,71.55920543419734,6.797982223191582,8.937641341850536,3.950391511965585,70097475.0,0.262988946251544,2
2023-12-01,446.2152099609375,459.1000061035156,459.6499938964844,455.1600036621094,455.7699890136719,89183400,0.0059158901032843,0.0058984599349508,447.7999984741211,434.8891998291016,427.63855056762696,74.04770908369093,6.910227928804204,8.569327030064816,3.988934277851972,69809700.0,0.1182492881118757,2
2023-12-04,443.8728942871094,456.6900024414063,459.1199951171875,454.3399963378906,455.6000061035156,72430900,-0.0052494089088858,-0.0052632354645551,448.8999984741211,435.414599609375,427.8806005859375,68.30293956054902,6.72716968034041,8.202034804583223,4.0454388850980365,68422855.0,-0.1878432533408683,2
2023-12-05,443.7853698730469,456.6000061035156,457.5899963378906,454.8699951171875,455.260009765625,69793500,-0.0001970622028281,-0.0001970816221352,449.94549865722655,435.9019995117188,428.12730056762695,68.09049808337207,6.499905878318032,7.74976683325708,3.9507647662126857,68520945.0,-0.0364126360434565,2
2023-12-06,441.9970703125,454.760009765625,458.8399963378906,454.30999755859375,458.80999755859375,69124700,-0.0040297772958712,-0.0040379187278644,450.8369995117188,436.479599609375,428.4056506347656,63.72638491001655,6.100996856864015,7.17818141173505,3.992138624290128,68764375.0,-0.0095825542493211,2
2023-12-07,445.36962890625,458.2300109863281,458.8999938964844,456.2900085449219,456.9100036621094,66995400,0.0076304009723535,0.0076014367088416,451.88600006103513,437.1232000732422,428.7041006469727,67.9042496807086,5.995743483224089,6.597613201193499,4.002699017616503,69026845.0,-0.0308037503236904,2
2023-12-08,447.2843322753906,460.2000122070313,460.75,457.2099914550781,457.4599914550781,83194400,0.004299153642213,0.0042899386827705,453.2040008544923,437.75680053710937,429.0018006896973,70.01569153645278,6.002103547314732,5.310186461467985,3.969649698138315,69027845.0,0.2417927200972007,2
2023-12-11,449.0240783691406,461.989990234375,462.1700134277344,459.4700012207031,459.6900024414063,65002200,0.0038895653625894,0.0038820205609058,454.2730010986329,438.4470001220704,429.3298506164551,71.82911006336104,6.081476733073373,4.765515807457864,3.878961305916382,67804845.0,-0.2186709682382468,2
2023-12-12,451.0748291015625,464.1000061035156,464.2000122070313,460.6000061035156,461.6300048828125,68327600,0.0045672328702839,0.0045568347107613,455.4685012817384,439.1828002929688,429.661700592041,73.83774877382945,6.2426794780514,3.981188924124652,3.859035934316332,68609420.0,0.0511582684893741,2
2023-12-13,457.2952270507813,470.5,470.760009765625,464.1199951171875,464.489990234375,93278000,0.0137901181045381,0.01369589962701,456.557000732422,440.1610003662109,430.0329005432129,78.78000318115342,6.808377102149109,4.909654939717936,4.059105057730121,68414475.0,0.36515844256201,2
2023-12-14,458.7628479003906,472.010009765625,473.7300109863281,469.25,472.5,119026000,0.0032093725092985,0.0032042334658143,457.6735015869141,441.1080004882813,430.4192506408692,79.75189782537457,7.294455767835132,5.733375446143195,4.089169766915693,70499395.0,0.2760350779390639,2
2023-12-15,458.007568359375,469.3299865722656,470.7000122070313,467.4299926757813,469.489990234375,141553700,-0.0056778948283112,-0.0056940753497524,458.62850036621103,442.00460021972657,430.7768505859375,73.33223422216831,7.378367906234644,6.012215296447124,4.124230289981979,74243790.0,0.1892670508964427,2
2023-12-18,460.5838623046875,471.9700012207031,472.9800109863281,469.8900146484375,470.9800109863281,70375300,0.0056250713228847,0.0056093096884456,459.6875000000001,442.8532000732422,431.115750579834,75.43031987726185,7.570626529001515,6.410977465404135,4.0903584417020165,73605895.0,-0.5028367326322095,2
2023-12-19,463.3846435546875,474.8399963378906,474.9200134277344,472.4500122070313,472.5299987792969,55761800,0.0060808846108111,0.0060624706430893,460.7164993286134,443.7041998291016,431.46760055542,77.50251242548919,7.863927037338101,7.107726381000549,4.008905139225534,72897175.0,-0.2076509798182032,2
2023-12-20,456.96337890625,468.260009765625,475.8999938964844,467.8200073242188,473.9599914550781,102921000,-0.0138572711292487,-0.0139541794085509,461.466000366211,444.37859985351565,431.8175506591797,64.14509264012841,7.479204267024102,7.071420275609785,4.2996966701569646,75580995.0,0.8457259270683515,2
2023-12-21,461.2962951660156,472.7000122070313,472.9800109863281,468.8399963378906,471.3299865722656,86667500,0.0094819167744617,0.0094372455587659,462.350001525879,445.1061999511719,432.1864506530762,68.13582299359341,7.446738425015326,7.323780689782192,4.329718423767405,76944625.0,-0.157922095587878,2
2023-12-22,462.2232971191406,473.6499938964844,475.3800048828125,471.7000122070313,473.8599853515625,67160400,0.0020096925426711,0.0020076758121665,463.2675018310548,445.9059997558594,432.5969006347656,68.93257961717758,7.412221123169672,7.540307497534177,4.28330944176839,78815775.0,-0.2250797588484726,2
2023-12-26,464.1750793457031,475.6499938964844,476.5799865722656,473.989990234375,474.0700073242188,55387000,0.0042225272369307,0.0042136373851057,464.32600097656257,446.78899963378905,433.0456005859375,70.59936299672924,7.460252056217541,7.725440582133563,4.186643958483594,79059825.0,-0.1753027081434893,2
2023-12-27,465.0143127441406,476.510009765625,476.6600036621094,474.8900146484375,475.4400024414063,68000300,0.0018080855254416,0.0018064529064549,465.4050018310548,447.5983996582031,433.5013507080078,71.3121073206461,7.481471266186816,7.850063536038909,4.0140257481399,79354090.0,0.2277303338328489,2
2023-12-28,465.1899719238281,476.6900024414063,477.5499877929688,476.260009765625,476.8800048828125,77158100,0.00037773115379,0.0003776598313376,466.509002685547,448.4117999267578,433.9261506652832,71.46800591673565,7.427195461624706,7.804482359603215,3.819450910940178,80054695.0,0.1346729352664619,2
2023-12-29,463.8432922363281,475.30999755859375,477.0299987792969,473.2999877929688,476.489990234375,122283100,-0.0028949734119548,-0.0028991719525496,467.4545028686524,449.3138000488281,434.3563006591797,68.3989590383422,7.189945419402932,7.659445470029527,3.813062344896456,82181215.0,0.5848381440185801,2
2024-01-02,461.2474670410156,472.6499938964844,473.6700134277344,470.489990234375,472.1600036621094,123623700,-0.0055963553802199,-0.0056120736477625,468.1320022583009,450.2382000732422,434.7390007019043,62.80082253142089,6.7099350324295415,7.4787080069841725,3.88498698627662,83903230.0,0.0109630848416502,2
2024-01-03,457.4805908203125,468.7900085449219,471.1900024414063,468.1700134277344,470.4299926757813,103585900,-0.0081666886732423,-0.008200218753116,468.73700256347655,451.1902001953125,435.133000793457,55.67925621898091,5.949472962939126,6.976967749972579,3.927486520739005,85460980.0,-0.1620870431802316,2
2024-01-04,456.0070190429688,467.2799987792969,470.9599914550781,467.0499877929688,468.2999877929688,84232200,-0.0032210792425203,-0.0032262780851882,469.2710021972656,452.12660034179686,435.5007008361816,53.140535652987936,5.165412466075509,6.382527817488351,3.9262377451225983,86182915.0,-0.1868372046774705,2
2024-01-05,456.6315612792969,467.9200134277344,470.4400024414063,466.4299926757813,467.489990234375,86118900,0.0013696598401589,0.0013687227117205,469.9290023803711,453.0124005126953,435.84575088500975,54.09589733763742,4.543310254264839,5.412429894837789,3.93222146087277,87032625.0,0.0223987976094652,2
2024-01-08,463.15045166015625,474.6000061035156,474.75,468.2999877929688,468.4299926757813,74879100,0.0142759285435285,0.0141749870305839,470.7475021362305,454.1534008789063,436.2582009887696,62.65412595279012,4.537009529640557,4.747002317812391,4.139204683115117,87426810.0,-0.1305149043938089,2
2024-01-09,462.4477844238281,473.8800048828125,474.9299926757813,471.3500061035156,471.8699951171875,65931400,-0.0015170695563498,-0.0015182214715403,471.4315017700195,455.3800012207032,436.66175094604495,61.3269584549025,4.422933257361649,4.0869014692725045,4.099260532340157,86563660.0,-0.1194952930791102,2
2024-01-10,465.0631408691406,476.55999755859375,477.4500122070313,473.8699951171875,474.1600036621094,67310600,0.0056554246817059,0.0056394928069951,472.1600021362305,456.6976013183594,437.06580093383786,64.35370153652728,4.4969420522782,3.582836145581261,4.062171715018989,86679080.0,0.0209187124799412,2
2024-01-11,464.8582153320313,476.3500061035156,478.1199951171875,472.260009765625,477.5899963378906,77940700,-0.0004406401211891,-0.0004407372315755,472.77250213623046,457.9128015136719,437.4651010131836,63.93148550095541,4.486927492878635,3.1538368802230683,4.190586974772097,87159735.0,0.1579260918785452,1
2024-01-12,465.1802062988281,476.6799926757813,478.6000061035156,475.2300109863281,477.8399963378906,58026400,0.0006927397250708,0.0006924998916625,473.08150177001954,459.0824011230469,437.8705009460449,64.32755680222112,4.454271966431463,3.221487521381414,4.131973270658912,85397155.0,-0.2555057883750081,2
2024-01-16,463.472412109375,474.9299926757813,476.6099853515625,473.05999755859375,475.260009765625,85014900,-0.0036712260361014,-0.003677981525426,473.22750091552734,460.1278009033203,438.2384008789063,60.53133289110414,4.238325078571961,3.2365036663311413,4.095403402553815,83696600.0,0.4651072615223415,2
2024-01-17,460.8961486816406,472.2900085449219,472.7900085449219,469.8699951171875,471.8200073242188,68843900,-0.005558680587818,-0.0055741875449363,473.3755020141601,460.9584008789063,438.5813508605957,55.235647640821085,3.810238895837699,3.114265572341843,4.1643029851281,80061110.0,-0.1902137154781102,1
2024-01-18,464.9948120117188,476.489990234375,477.05999755859375,472.4200134277344,474.010009765625,91856200,0.008892802332179,0.0088534942330729,473.60150146484375,461.7944006347656,438.9168507385254,61.0707529187516,3.766463486918667,3.1704012730057487,4.207566272881227,81135155.0,0.334267814577617,1
2024-01-19,470.7915344238281,482.4299926757813,482.7200012207031,476.5400085449219,477.6499938964844,110834500,0.0124661641653469,0.0123891013318604,473.9810012817383,462.7292004394531,439.2742506408691,67.51934714630087,4.163090201901468,3.73113095381784,4.352026609556005,83888790.0,0.2066088081152932,2
2024-01-22,471.7869262695313,483.4500122070313,485.2200012207031,482.7799987792969,484.010009765625,75844900,0.0021143368918514,0.0021121048272759,474.7405014038086,463.65960083007815,439.6481506347656,68.48476676285989,4.507764084202506,4.038636044922278,4.240453890653563,82534985.0,-0.3156923160207336,2
2024-01-23,473.1628723144531,484.8599853515625,485.1099853515625,482.8900146484375,484.010009765625,49945300,0.0029164817642561,0.0029122370823378,475.3485000610352,464.6118005371094,440.03445053100586,69.82011926617622,4.838913683469912,4.59260362359921,4.096133662972951,80698875.0,-0.3414811015638493,2
2024-01-24,473.6801452636719,485.3900146484375,488.7699890136719,484.8800048828125,487.80999755859375,81765000,0.0010931594952936,0.0010925624315369,475.9355010986328,465.64280090332034,440.415450592041,70.32907522088674,5.085498599074299,5.087672616916887,4.082838662911267,81429105.0,0.6370909775294171,2
2024-01-25,476.2564392089844,488.0299987792969,488.30999755859375,485.3900146484375,487.5799865722656,72525000,0.0054388925424671,0.0054241551788977,476.5545013427735,466.591201171875,440.8075506591797,72.79041059407163,5.431334533715244,5.759824440954654,3.99977753771448,82286005.0,-0.1130067877453678,2
2024-01-26,475.6513671875,487.4100036621094,489.1199951171875,486.5400085449219,487.5899963378906,76641600,-0.0012704037021049,-0.0012712113489856,477.0995010375976,467.53560119628906,441.19600067138674,71.29462908265354,5.590934763373809,6.2502018156015575,3.898363897325276,82718070.0,0.0567611168562565,2
2024-01-29,479.4182739257813,491.2699890136719,491.4200134277344,487.1700134277344,487.7300109863281,61322800,0.0079193806498858,0.0078881869366428,477.82850036621096,468.386400756836,441.6121006774902,74.77064819116035,5.960182381454615,7.004666384244033,3.9234807618020415,81926305.0,-0.1998757854742072,2
2024-01-30,479.0474243164063,490.8900146484375,491.6199951171875,490.1099853515625,490.55999755859375,58618400,-0.0007734532410523,-0.0007737525103342,478.6075012207031,469.2106011962891,441.9992007446289,73.8229636565861,6.151245296610796,7.554591229540028,3.751089976360825,78743070.0,-0.0441010521372148,2
2024-01-31,471.2306518554688,482.8800048828125,489.0799865722656,482.8599853515625,488.6199951171875,126011100,-0.0163173206351764,-0.0164519142581447,479.1190017700195,469.8636010742188,442.3513008117676,57.32766062191675,5.591863664257517,7.475908190028599,4.056728499254694,78862440.0,1.1496850818173132,2
2024-02-01,477.3982238769531,489.2000122070313,489.2300109863281,483.7999877929688,484.6300048828125,91891600,0.0130881528750659,0.0130032430747265,480.139501953125,470.6318011474609,442.7276008605957,64.13673221607048,5.594036887972493,7.384211891673866,4.2205340424161895,78277725.0,-0.270765829359477,2
2024-02-02,482.4240112304688,494.3500061035156,496.0499877929688,489.2999877929688,489.6499938964844,99228200,0.0105273789206383,0.0104723519236237,481.4930023193359,471.4336010742188,443.12830093383786,68.54176919778722,5.942815571936308,7.383970766982797,4.408351295524854,79027525.0,0.0798397241967709,2
2024-02-05,480.6673583984375,492.5499877929688,494.3800048828125,490.2300109863281,493.7000122070313,75757100,-0.0036411819324826,-0.0036478271713353,482.7245010375976,472.2192010498047,443.52035079956056,65.51289401721894,6.00475962637222,7.047345823322082,4.389897195593391,78509435.0,-0.2365365893969657,2
2024-02-06,482.0628967285156,493.9800109863281,494.3200073242188,492.0499877929688,493.5199890136719,55918600,0.0029033057127196,0.0028990992604667,483.6935012817383,472.9984014892578,443.9308508300781,66.76926209476468,6.098936908077178,7.202106551213161,4.238477362426005,77561410.0,-0.2618698445426237,2
2024-02-07,486.0834655761719,498.1000061035156,498.5299987792969,495.3599853515625,496.2900085449219,70556500,0.0083404085703004,0.008305819554012,484.9045013427734,473.8544018554687,444.3603507995605,70.14393030696542,6.431879552287455,7.495432586010364,4.2607281074647725,77792665.0,0.2617715751109648,2
2024-02-08,486.2981872558594,498.3200073242188,498.7099914550781,497.260009765625,498.1000061035156,52343600,0.0004416808231426,0.0004415833108797,485.9925018310547,474.73120178222655,444.7888008117676,70.31727396288268,6.636984233564817,7.7937857818738845,4.059960506178227,77044315.0,-0.2581321352391346,2
2024-02-09,489.1087341308594,501.2000122070313,501.6499938964844,498.489990234375,498.8399963378906,63979400,0.00577942856093,0.0057627917338097,487.2350021362305,475.65660217285154,445.2644009399414,72.5630381516991,6.951787615718047,8.1484042586121,4.007819510898751,76346250.0,0.2222965176258415,2
2024-02-12,488.89404296875,500.9800109863281,503.5,500.239990234375,501.1700134277344,56502300,-0.0004389489532021,-0.0004390453194948,488.4500030517578,476.58400268554686,445.7475010681152,72.11419184154104,7.101655836372117,8.301952358705128,3.954404529093484,76270045.0,-0.1168673041635276,2
2024-02-13,482.1604919433594,494.0799865722656,497.0899963378906,490.7200012207031,494.5299987792969,113099200,-0.0137730533409461,-0.0138687818389182,489.40750274658205,477.3376025390625,446.1558509826661,59.65145409470541,6.58771410913738,7.746292039695849,4.404804903131449,77674260.0,1.0016742681271382,2
2024-02-14,486.5421752929688,498.5700073242188,499.0700073242188,494.3999938964844,496.7900085449219,68387800,0.0090876393984367,0.0090465952788848,490.72150268554685,478.1270025634765,446.5690510559082,64.0101373389007,6.468157840273022,6.869102188021468,4.446606035190144,77651455.0,-0.3953290562621132,2
2024-02-15,489.899169921875,502.010009765625,502.2000122070313,498.7999877929688,499.2900085449219,61683000,0.006899738032515,0.0068760437671022,491.99750366210935,479.0334027099609,447.0015510559082,66.95539361366279,6.575193347568131,6.443428345896851,4.3882773814488845,76142795.0,-0.098040878636248,2
2024-02-16,487.45947265625,499.510009765625,502.8699951171875,498.75,501.7000122070313,75532900,-0.0049799803816007,-0.0049924218064564,492.8515045166016,479.8916027832031,447.44490112304686,62.92513427695889,6.384691897755772,6.237204756931033,4.369114362573071,74377715.0,0.2245335019373247,2
2024-02-20,484.7757873535156,496.760009765625,498.4100036621094,494.4500122070313,497.7200012207031,71736700,-0.0055053951797489,-0.0055206057201699,493.5170043945312,480.73160278320313,447.88860122680666,58.73685635207476,5.943305384110715,5.881202411528462,4.4184631622888295,74172305.0,-0.0502588938065399,2
2024-02-21,485.2149353027344,497.2099914550781,497.3699951171875,493.55999755859375,495.4200134277344,59293400,0.0009058331600915,0.0009054231408219,494.134504699707,481.5112023925781,448.349001159668,59.215217962158334,5.565655738856719,5.564219983558332,4.375001333453467,74639710.0,-0.1734579371507192,2
2024-02-22,495.2567138671875,507.5,508.489990234375,503.0199890136719,504.010009765625,76402500,0.0206954983241753,0.0204842560366507,495.24000396728513,482.4572021484375,448.8233511352539,68.2731091390315,6.027205493436611,5.9204290484469935,4.868215436727995,74371585.0,0.2885498217339535,2
2024-02-23,495.5982666015625,507.8500061035156,510.1300048828125,507.1000061035156,509.2699890136719,61321800,0.0006896671990455,0.0006894294879108,496.2310043334961,483.3744024658203,449.2989012145996,68.52913404300924,6.348053161340204,6.296885056097915,4.736914246911486,73811425.0,-0.1973849023264945,2
2024-02-26,493.78314208984375,505.989990234375,508.75,505.8599853515625,508.2999877929688,50386700,-0.0036625299729965,-0.0036692534575609,497.1600036621094,484.2122021484375,449.7742012023926,65.50397596090767,6.378709718867867,6.2975827639287,4.604992847020488,72498680.0,-0.1783232064290349,2
2024-02-27,494.7004699707031,506.9299926757813,507.1600036621094,504.75,506.7000122070313,48854500,0.0018577490850577,0.001856025603427,497.9430038452148,484.9408020019531,450.2446011352539,66.31331068981947,6.405022490389285,6.497084575876152,4.448207905241122,71875265.0,-0.0304088182000409,2
2024-02-28,494.046630859375,506.260009765625,506.8599853515625,504.9599914550781,505.3299865722656,56506600,-0.0013216478011487,-0.0013225219478981,498.71150360107424,485.6258020019531,450.715251159668,65.14023009756588,6.299200270225299,6.527859910095446,4.271193142059841,71769675.0,0.1566304025217737,2
2024-02-29,495.82275390625,508.0799865722656,509.739990234375,505.3500061035156,508.0700073242188,83924800,0.0035949448337488,0.0035884984645117,499.97150268554685,486.40080200195314,451.19770111083983,66.8554735476813,6.289688700310592,5.689446891850145,4.279678212688379,69665360.0,0.4852211954001832,2
2024-03-01,500.4776306152344,512.8499755859375,513.2899780273438,508.55999755859375,508.9800109863281,76844800,0.0093882639342919,0.0093444680824013,501.1540008544922,487.2184014892578,451.69690093994143,70.89724347402895,6.591071195623954,5.789692890203535,4.34612915857336,68913020.0,-0.0843612376794463,2
2024-03-04,499.94091796875,512.2999877929688,514.2000122070312,512.0,512.030029296875,49799300,-0.0010724145835053,-0.0010729900314741,502.05149993896487,487.96760131835936,452.2071508789063,69.83973775537646,6.708211489714017,6.064213055308654,4.192835090606066,66441575.0,-0.3519496439576913,2
2024-03-05,494.9444274902344,507.1799926757813,510.7000122070313,504.9100036621094,510.239990234375,72855600,-0.0099941347631976,-0.0100444113894325,502.7830001831055,488.7460009765625,452.6669007873536,60.75455989946964,6.315108559898135,5.730985825781326,4.421202879195588,66296500.0,0.4629844194597112,2
2024-03-06,497.4524230957031,509.75,512.0700073242188,508.4200134277344,510.5499877929688,68382400,0.0050672490266421,0.0050544537267371,503.5714996337891,489.48700073242185,453.1195007324219,63.33299258408248,6.140169714140825,5.537677701301048,4.454689434141435,66919690.0,-0.0613981629414897,2
2024-03-07,502.3903503417969,514.8099975585938,515.8900146484375,509.80999755859375,513.1400146484375,58652100,0.00992642973731,0.0098774863558246,504.406999206543,490.31020080566407,453.6004507446289,67.81634236932206,6.336782449755617,5.916333393237424,4.575069806591153,66324470.0,-0.1422924612180912,2
2024-03-08,499.37493896484375,511.7200012207031,518.219970703125,511.1300048828125,515.4600219726562,86532500,-0.0060022073241476,-0.0060202929760645,505.0769989013672,491.0316009521485,454.06510070800783,62.76897910084493,6.172114287459692,5.949381002923964,4.754705236142677,68033915.0,0.4753521186794676,2
2024-03-11,498.9455261230469,511.2799987792969,511.8800048828125,508.5,510.4800109863281,62557200,-0.0008598499967885,-0.0008602198798415,505.5809982299805,491.72700073242186,454.5510507202149,62.06066090041435,5.937663375378236,6.03007125398139,4.65651235376195,67962805.0,-0.2770669979487475,2
2024-03-12,504.3128967285156,516.780029296875,517.3800048828125,510.8599853515625,513.4500122070312,73114400,0.0107573746884479,0.0106999257658461,506.3709991455078,492.5288012695312,455.0795008850098,67.06388947073378,6.125059957054077,6.418069112501463,4.789620009296811,68793410.0,0.1687607501614523,2
2024-03-13,503.5223388671875,515.969970703125,517.2899780273438,514.489990234375,517.1099853515625,55104100,-0.0015675114126452,-0.0015687412440107,507.4654983520508,493.34200073242187,455.58610076904296,65.68986344283117,6.137459328870818,6.0687001389350375,4.647503422416235,65893655.0,-0.2463304082369547,2
2024-03-14,502.5270385742188,514.9500122070312,517.1300048828125,511.8200073242188,516.969970703125,110171800,-0.0019767787933546,-0.0019787351992332,508.2844985961914,494.1880010986328,456.0607508850098,63.91422515935842,5.995867169450605,5.9081846226496495,4.694824432143196,67982855.0,0.9993394320930749,2
2024-03-15,499.0763244628906,509.8299865722656,511.7000122070313,508.1199951171875,510.2099914550781,107646300,-0.0099427624301272,-0.0099925217976219,508.6754974365234,495.0088006591797,456.5090008544922,55.765395386524354,5.408169077451191,5.727073222894052,4.847338193407522,70281020.0,-0.0229232888997003,2
2024-03-18,502.04241943359375,512.8599853515625,515.47998046875,512.4400024414062,514.0,88893300,0.0059431552852911,0.0059255644004162,509.34299621582034,495.920400390625,456.9840507507324,59.08959077423797,5.127799602267885,5.369409791959593,4.904670743627297,70949040.0,-0.1742094247549613,2
2024-03-19,504.8323669433594,515.7100219726562,516.0,511.1199951171875,512.1500244140625,60755300,0.0055571436698069,0.0055417597145077,510.2904968261719,496.8762005615234,457.4535008239746,61.98352656255632,5.077053794023357,4.656817241624175,4.90290889642624,70399970.0,-0.3165367918617039,2
2024-03-20,509.501708984375,520.47998046875,520.6199951171875,515.0800170898438,515.77001953125,69594600,0.0092493034706753,0.0092067906051959,511.4539962768555,497.7938000488281,457.9163006591797,66.28245184068487,5.35994702891594,4.089037503014706,4.948413834348919,70915030.0,0.1454901876873293,2
2024-03-21,511.1854553222656,522.2000122070312,524.1099853515625,521.9099731445312,523.3900146484375,60256100,0.0033047029719224,0.0032992544416057,512.188996887207,498.7602001953125,458.3918006896973,67.70081104074256,5.6577155193763815,4.626710666223494,4.854241766382032,70107710.0,-0.1341842614225816,2
2024-03-22,510.2163391113281,521.2100219726562,522.6099853515625,520.969970703125,522.1099853515625,79070800,-0.0018958066090249,-0.0018976059248372,512.8569976806641,499.65320068359375,458.8577008056641,65.98043049962342,5.7475609502499765,4.922291569242643,4.624654115100279,70995160.0,0.312245565179293,2
2024-03-25,508.8067321777344,519.77001953125,520.9500122070312,519.6099853515625,519.7999877929688,48512100,-0.0027628065092766,-0.0027666301033714,513.5459991455078,500.5216009521485,459.3238009643555,63.45456331265493,5.637581409879203,4.874691628725838,4.408610008385527,70901430.0,-0.3864726295927194,2
2024-03-26,507.8669128417969,518.8099975585938,521.5800170898438,518.4000244140625,521.22998046875,65463700,-0.0018470129799368,-0.0018487208116597,514.1399993896484,501.3642010498047,459.7722009277344,61.757158991843454,5.410586211942245,4.7482471165291535,4.320851627485221,71731890.0,0.349430348304856,2
2024-03-27,512.1349487304688,523.1699829101562,523.2100219726562,519.489990234375,521.7100219726562,82999800,0.0084038190707187,0.0083687035822096,514.985498046875,502.32900085449216,460.2385508728028,66.18165073642243,5.518886968532911,4.776698756691407,4.326506826526456,73056550.0,0.2678751735694744,2
2024-03-28,512.037109375,523.0700073242188,524.6099853515625,522.780029296875,523.2100219726562,96294900,-0.0001910957990773,-0.000191114060206,515.7349990844726,503.34460083007815,460.684900970459,65.99310989224485,5.532869429450443,4.812037180225776,4.148181771395102,73675055.0,0.1601823136923221,2
2024-04-01,511.1462707519531,522.1599731445312,524.3800048828125,520.969970703125,523.8300170898438,62477500,-0.0017397942282005,-0.0017413094278576,516.2004989624023,504.25800048828125,461.1124008178711,64.20022329799534,5.408176386724676,4.966103327940665,4.095456943415988,72956690.0,-0.3511857845015675,2
2024-04-02,507.8963317871094,518.8400268554688,518.97998046875,516.47998046875,518.239990234375,74230300,-0.0063581018458179,-0.0063784006623978,516.5275009155273,504.986201171875,461.52070098876953,58.00859844831439,4.984011747436284,4.910761424401015,4.208638067156364,74178240.0,0.1881125205073825,2
2024-04-03,508.4542541503906,519.4099731445312,520.9500122070312,517.6699829101562,517.719970703125,59155800,0.001098501001391,0.0010978980906576,517.1389999389648,505.705400390625,461.9047508239746,58.74419671898494,4.640356970512471,4.422728928506074,4.142308869279123,73493250.0,-0.2030774495051212,2
2024-04-04,502.2480163574219,513.0700073242188,523.8699951171875,512.760009765625,523.52001953125,96858100,-0.0122060918120806,-0.0122811979447206,517.3050003051758,506.2696008300781,462.27280090332033,48.55476709512935,3.812477954828978,4.186811063170365,4.640000046585079,74917035.0,0.6373390267733678,2
2024-04-05,507.4949035644531,518.4299926757812,520.4400024414062,514.010009765625,514.4600219726562,74546500,0.0104468888749043,0.0103926972273128,517.4860000610352,506.930400390625,462.67905090332033,55.57112299510735,3.547984931215069,4.151370741226173,4.834999694485252,75711755.0,-0.2303534758579819,2
2024-04-08,507.7787780761719,518.719970703125,520.1799926757812,517.8900146484375,519.1500244140625,48401800,0.0005593388334788,0.0005591824618205,517.8359985351562,507.5441998291016,463.0979507446289,55.921375042265794,3.323460325935571,3.9287714958946784,4.653212432546574,73805220.0,-0.3507166667784537,2
2024-04-09,508.3661804199219,519.3200073242188,520.75,514.3499755859375,520.5,68049200,0.0011567640634317,0.0011560955273918,518.2379989624023,508.1823999023438,463.5120007324219,56.6823624293755,3.1575427123601685,3.6219994935131554,4.777984716940567,74079820.0,0.4059229202219752,2
2024-04-10,503.2758483886719,514.1199951171875,516.1599731445312,512.0900268554688,513.47998046875,82652800,-0.0100131174106389,-0.0100635858510185,518.104997253418,508.6394000244141,463.9165507507324,48.81679632986212,2.5767510987433297,3.72570881508288,4.95312727064124,74556740.0,0.2146035515479976,2
2024-04-11,507.0740356445313,518.0,519.47998046875,512.0800170898438,515.6799926757812,70099000,0.0075468857847633,0.0075185505149699,518.2064987182617,509.1815997314453,464.3493507385254,53.95144402504892,2.4018663083704723,3.691981727348258,5.127901278374455,75306485.0,-0.1518859615161253,2
2024-04-12,500.0747985839844,510.8500061035156,515.8200073242188,509.0799865722656,514.3699951171875,92561100,-0.01380307702024,-0.0138992252742856,518.001498413086,509.7409997558594,464.7227507019043,44.993797576308346,1.6671067309130194,3.984553261077808,5.398766431900163,74425950.0,0.3204339576884121,2
2024-04-15,493.8098449707031,504.4500122070313,515.2999877929688,503.5799865722656,515.1300048828125,92101400,-0.0125281272781025,-0.0126072659321151,517.7324996948242,510.0459997558594,465.06305068969726,38.78616187993826,0.561901204343144,4.685243326471435,5.850283202528947,73648705.0,-0.004966449188698,2
2024-04-16,492.9092102050781,503.5299987792969,506.5,502.2099914550781,504.9400024414063,73484000,-0.0018237950351299,-0.0018254601741846,517.266000366211,510.229599609375,465.390150756836,37.97506745694996,-0.3837953785646277,5.575773721599031,5.73883501269987,72878240.0,-0.2021402497681902,2
2024-04-17,489.9920654296875,500.5499877929688,506.2200012207031,499.1199951171875,506.0499877929688,75910300,-0.0059182392182243,-0.0059358214006416,516.5079986572266,510.389599609375,465.6765007019043,35.39326161947909,-1.3580736874039303,6.712943017101429,5.83606151918671,73635990.0,0.0330180719612431,2
2024-04-18,488.9837951660156,499.5199890136719,504.1300048828125,498.55999755859375,501.9800109863281,74548100,-0.00205773410132,-0.0020598541449592,515.4599990844727,510.5003991699219,465.9551506042481,34.51969603599062,-2.1880856703141944,7.633231519290833,5.8170576481175695,73883665.0,-0.0179448638722281,2
2024-04-19,484.71575927734375,495.1600036621094,500.4599914550781,493.8599853515625,499.4400024414063,102212600,-0.0087283501110165,-0.008766665273877,514.1079986572265,510.44159912109376,466.21530059814455,31.02853990027201,-3.1612496089546767,8.697132556087873,5.872982537788859,75981490.0,0.3710959769598421,2
2024-04-22,489.1795349121094,499.7200012207031,502.3800048828125,495.4299926757813,497.8299865722656,67961000,0.0092091395202942,0.009166993946983,513.0334976196289,510.46959899902345,466.5156005859375,38.08172704292311,-3.523913862657537,9.092063817388068,5.969198157997021,75426000.0,-0.3351015432539628,2
2024-04-23,494.9844970703125,505.6499938964844,506.0899963378906,499.5299987792969,501.7799987792969,64633600,0.0118666306357473,0.0117967742711436,512.3274963378906,510.5585986328125,466.8511006164551,45.83849720830111,-3.294846111648326,9.089651456166886,6.0113981151825016,76232075.0,-0.0489604331896235,2
2024-04-24,494.7495727539063,505.4100036621094,507.3699951171875,503.1300048828125,506.55999755859375,55928100,-0.0004746172990642,-0.0004747299655049,511.6574966430664,510.64719848632814,467.1798506164551,45.58958179279115,-3.0969734922419434,9.080529776218858,5.884868980839109,75755295.0,-0.1346900064362808,2
2024-04-25,492.8700866699219,503.489990234375,504.2699890136719,497.489990234375,499.1799926757813,69122400,-0.0037989224863423,-0.0038061567197108,510.67349700927736,510.8353985595703,467.4850006103516,43.5519558324313,-3.0598154058340583,8.83018183820439,6.0302364413316285,75061425.0,0.2359153985206006,2
2024-04-26,497.5394592285156,508.260009765625,509.8800048828125,505.7000122070313,506.3500061035156,64306100,0.0094739113463397,0.0094293152930211,509.9329971313476,511.0291986083984,467.7962007141113,49.581064401509046,-2.6153188751774223,8.343465031552098,6.055934884696334,73461985.0,-0.069677846834022,2
2024-04-29,499.3014831542969,510.05999755859375,510.75,507.25,510.0899963378906,46415400,0.0035414704253415,0.0035352141854628,509.3279983520508,511.1901983642578,468.0987007141113,51.67845401037122,-2.093673634053744,7.833300985114393,5.873368107218025,72658880.0,-0.2782115538028273,2
2024-04-30,491.3919372558594,501.9800109863281,509.55999755859375,501.9800109863281,508.55999755859375,77483600,-0.0158412473256882,-0.0159680609242073,508.48499755859376,511.2395983886719,468.3622007751465,43.02595231288524,-2.3056750248748585,7.661086591429126,6.030983711864282,72821545.0,0.6693511205332714,2
2024-05-01,489.79632568359375,500.3500061035156,508.1900024414063,499.8699951171875,501.3800048828125,80242800,-0.0032471509764099,-0.0032524344116499,507.531999206543,511.3113983154297,468.6097508239746,41.51584097054516,-2.575526361328002,7.411980290494165,6.194485398461034,73875895.0,0.0356101162052358,2
2024-05-02,494.3775634765625,505.0299987792969,505.8900146484375,499.5499877929688,504.1499938964844,62550200,0.0093534378309032,0.0093099652994433,507.1299987792969,511.4677984619141,468.8639508056641,47.241338103288285,-2.38426487174803,7.313181934242189,6.204881216818724,72160500.0,-0.2204883179550065,2
2024-05-03,500.5055541992188,511.2900085449219,512.5499877929688,508.55999755859375,511.1600036621094,72756700,0.0123953226159951,0.0123191295833303,506.7729995727539,511.5435986328125,469.1444007873535,53.76195830434149,-1.7078710183035923,6.894837201174443,6.298817488022521,72071010.0,0.1631729394949976,2
2024-05-06,505.67425537109375,516.5700073242188,516.6099853515625,513.2999877929688,513.75,47264700,0.010326817835387,0.0102738605270333,506.6655014038086,511.7179986572266,469.4663508605957,58.42887844448355,-0.7372734126319642,6.713133024739432,6.228900296495242,72014155.0,-0.3503732302317175,2
2024-05-07,506.232177734375,517.1400146484375,518.5700073242188,516.4500122070312,517.5599975585938,52561300,0.0011034464179817,0.0011028380684626,506.5565017700195,511.9409991455078,469.791150970459,58.91103429810817,0.0770389528619261,6.511521102783855,5.935407069401832,71239760.0,0.1120624906113865,2
2024-05-08,506.2810668945313,517.1900024414062,517.739990234375,515.1400146484375,515.260009765625,42047200,9.666200942248793e-05,9.665733795148856e-05,506.71000213623046,512.1461993408203,470.10610092163085,58.95599298982877,0.7181426648348292,6.731668644451633,5.697161963440094,69209480.0,-0.2000350067445059,2
2024-05-09,509.1982116699219,520.1699829101562,520.2100219726562,516.7100219726562,517.3800048828125,43643700,0.0057618678912643,0.005745331819169,506.8185012817383,512.4243988037109,470.4297508239746,61.64993764155507,1.4499671755419854,6.937554101881712,5.540221823194373,67886715.0,0.0379692345744782,2
2024-05-10,509.8541259765625,520.8400268554688,522.6400146484375,519.5900268554688,521.8099975585938,52233200,0.0012881249732326,0.0012872960520189,507.318002319336,512.679599609375,470.7564009094238,62.249910295817216,2.060260914034984,7.573581520722983,5.362347963892543,65870320.0,0.1968096197160185,2
2024-05-13,509.9225463867188,520.9099731445312,522.6699829101562,519.739990234375,522.5599975585938,36716400,0.0001342951490974,0.0001342861323111,508.14100036621096,512.8407995605469,471.0985008239746,62.31618782155912,2.520512283046856,8.120128958967983,5.188608300456023,63101070.0,-0.2970677653293307,2
2024-05-14,512.2621459960938,523.2999877929688,523.8300170898438,520.5599975585938,521.1099853515625,57535900,0.0045881529854572,0.0045776594964612,509.1294998168945,513.0607995605469,471.4304006958008,64.60302387144387,3.0430407374694823,8.711107044231499,5.051566245512736,62303665.0,0.5670354392042793,2
2024-05-15,518.6055297851562,529.780029296875,530.0800170898438,525.1799926757812,525.8300170898438,59504900,0.0123830339290393,0.0123069912799785,510.5910018920898,513.5128002929688,471.7903507995605,69.93098772488477,3.934676988539991,9.602359654365426,5.175027892038612,61483395.0,0.0342221117597882,2
2024-05-16,517.5385131835938,528.6900024414062,531.52001953125,528.5399780273438,529.8800048828125,50244800,-0.0020575083906342,-0.0020596279688887,512.0495025634766,513.8916003417969,472.1514007568359,68.07478469547745,4.501459065853624,10.03772599081032,5.018243150029157,60268230.0,-0.1556191170811143,2
2024-05-17,518.282470703125,529.4500122070312,529.52001953125,527.3200073242188,528.8099975585938,59187600,0.0014375338328991,0.0014365015702952,513.7640029907227,514.1844006347657,472.54800079345705,68.69864254659954,4.954847978774865,9.928945581058304,4.81694093981502,58116980.0,0.1779845874597967,2
2024-05-20,518.8796997070312,530.0599975585938,531.5599975585938,529.1699829101562,529.5700073242188,37764200,0.0011521113183465,0.0011514481474172,515.2810028076171,514.5512005615234,472.9541007995605,69.21854971397623,5.302261508638026,9.98787404551209,4.643589061859482,56607140.0,-0.3619575721941758,2
2024-05-21,520.1522827148438,531.3599853515625,531.52001953125,529.0700073242188,529.280029296875,33437000,0.0024525295229904,0.0024495269806736,516.566502380371,514.9528002929687,473.3768507385254,70.34888732712004,5.617729693483966,10.33166337808292,4.486905000800323,55047310.0,-0.1145847125054946,2
2024-05-22,518.6546020507812,529.8300170898438,531.3800048828125,527.5999755859375,530.6500244140625,48390000,-0.0028793441431358,-0.0028834974288917,517.7875030517578,515.2138000488281,473.7724508666992,67.22030621679693,5.678822914938678,10.38662753891196,4.436413879091371,54670405.0,0.4471992104554834,2
2024-05-23,514.8661499023438,525.9600219726562,533.0700073242188,524.719970703125,532.9600219726562,57211200,-0.0073042202071599,-0.0073310266367182,518.9110046386719,515.4136010742187,474.1585009765625,59.95687461980686,5.353254484622539,9.965426225978018,4.715958360662969,54074845.0,0.1822938623682579,2
2024-05-24,518.2727661132812,529.4400024414062,530.27001953125,526.8800048828125,527.8499755859375,41291100,0.0066164353246811,0.0065946427895962,519.970004272461,515.7034008789062,474.5769509887695,63.75002569471962,5.314779034051526,9.899152478075974,4.686961160515168,52924095.0,-0.2782689403473446,2
2024-05-28,518.635009765625,529.8099975585938,530.510009765625,527.1099853515625,530.27001953125,36269600,0.0006988423909817,0.0006985983143454,520.9575042724609,516.1030010986328,474.996450958252,64.1389800868494,5.253582447835015,9.84347308653638,4.59503710719712,52416805.0,-0.121612163395986,2
2024-05-29,515.0031127929688,526.0999755859375,527.3099975585938,525.3699951171875,525.6799926757812,45190300,-0.0070025518388711,-0.0070271847679312,522.1635025024414,516.3678009033204,475.3987008666992,57.47910413617761,4.84981035029864,8.820420120297074,4.583963202497772,50802140.0,0.245955290380925,2
2024-05-30,511.5867309570313,522.6099853515625,525.2000122070312,521.3300170898438,524.52001953125,46377600,-0.0066337015706721,-0.0066558023632013,523.2765014648437,516.5058001708984,475.7712008666993,52.00832285074242,4.199792416434775,7.173752592298473,4.59724858061177,49108880.0,0.0262733374197559,2
2024-05-31,516.2462768554688,527.3699951171875,527.5,518.3599853515625,523.5900268554688,90785800,0.0091081492873177,0.0090669202532969,524.3935012817383,516.6436004638672,476.193600769043,57.89465670106257,4.022374102928325,5.788645224029359,4.921731871170751,50520660.0,0.9575355343959152,2
2024-06-03,516.6673583984375,527.7999877929688,529.3099975585938,522.5999755859375,529.02001953125,46835700,0.0008153529396106,0.0008150207199744,525.2190002441406,516.7555999755859,476.6344006347656,58.39113777856208,3.871833539668728,4.936083653073717,5.049466878419715,49224610.0,-0.4841076467905774,2
2024-06-04,517.244873046875,528.3900146484375,529.1500244140625,524.9600219726562,526.4600219726562,34632700,0.0011178985773303,0.0011172741940039,525.8100006103516,516.8991998291016,477.0949006652832,59.103735668190765,3.756832864164608,4.537551739237173,4.988076561490182,48593010.0,-0.2605491110413638,2
2024-06-05,523.3923950195312,534.6699829101562,534.6900024414062,528.72998046875,530.77001953125,47610400,0.0118851001866435,0.0118150270544425,526.6864990234375,517.1971990966797,477.585750579834,65.81448699564535,4.124885838830892,4.467212602890268,5.081784506595794,48345465.0,0.3747238881172996,2
2024-06-06,523.3826293945312,534.6599731445312,535.4199829101562,532.6799926757812,534.97998046875,30808500,-1.872139066139145e-05,-1.872156590881285e-05,527.5599975585938,517.5141986083985,478.0623504638672,65.79595433213477,4.365440685669569,4.213366129966237,4.914513487151451,47783530.0,-0.3529039873641053,2
2024-06-07,522.746337890625,534.010009765625,536.8900146484375,532.5399780273438,533.6599731445312,43224500,-0.0012156574487586,-0.0012163969596636,528.2519989013672,517.7309991455078,478.5416505432129,64.52539005414258,4.452312040451943,4.0698483907911385,4.874193711004472,47762570.0,0.4030056640212929,2
2024-06-10,524.3614501953125,535.6599731445312,535.989990234375,532.5700073242188,533.1799926757812,35686100,0.003089761144422,0.0030849976419914,528.9929962158203,517.9827984619141,479.0048004150391,66.30425358795998,4.601256054733085,3.99782088626258,4.7703215109438855,46935215.0,-0.1744010919733022,2
2024-06-11,525.6243286132812,536.9500122070312,537.010009765625,532.0499877929688,534.0700073242188,36383400,0.0024083170801936,0.002405421732293,529.7949981689453,518.2785992431641,479.50510040283206,67.6693178914258,4.768423215583198,3.8986067942760902,4.78387154392334,46918565.0,0.0195398208265964,2
2024-06-12,529.9412841796875,541.3599853515625,544.1199951171875,540.2999877929688,541.6300048828125,63251300,0.0082130050177386,0.0081794618271372,530.697998046875,518.728998413086,480.01205032348633,71.86533747269073,5.196846362074098,4.377208657234042,4.954308070082833,47204335.0,0.738465893786727,2
2024-06-13,531.0082397460938,542.4500122070312,543.3300170898438,539.5900268554688,543.1500244140625,44760900,0.0020134972753127,0.0020114729065923,531.3314971923828,519.1897991943359,480.5105003356933,72.80484468603296,5.5602359113329385,5.095301777115499,4.867571081817988,46467135.0,-0.2923323315093918,2
2024-06-14,531.3314208984375,542.780029296875,542.8099975585938,539.8499755859375,540.8800048828125,40089900,0.0006083824913212,0.0006081975017191,532.0359985351563,519.7839996337891,480.9786004638672,73.0977524537069,5.8079044609525,5.654271109367711,4.731317574020721,45959390.0,-0.1043544700843817,2
2024-06-17,535.5601196289062,547.0999755859375,548.530029296875,541.6099853515625,542.0800170898438,55839500,0.0079589263714412,0.0079274211715892,532.9184967041016,520.3573992919922,481.4590502929688,76.64396713505938,6.280370926466162,6.537764275506589,4.887655171970134,45791985.0,0.3928570537716482,2
2024-06-18,536.9208374023438,548.489990234375,548.6199951171875,546.72998046875,547.1599731445312,41376400,0.0025406958699802,0.0025374737586777,533.8399963378906,520.9527996826172,481.949750213623,77.664209828341,6.68985014147097,7.360713761931556,4.673537991717803,45972595.0,-0.2590119897205383,2
2024-06-20,535.4623413085938,547.0,550.1199951171875,545.1799926757812,549.4400024414062,70328200,-0.0027165313148892,-0.0027202277819783,534.6219970703125,521.5063995361328,482.428800201416,73.93592850720957,6.815569961977872,7.894790999536561,4.692571166695549,47817155.0,0.6997177134791814,2
2024-06-21,534.7444458007812,544.510009765625,545.6500244140625,543.02001953125,544.4000244140625,64338600,-0.0045520845235375,-0.0045624768099957,535.3559967041016,522.1141998291016,482.90515029907226,68.05623645041634,6.6377663842826,8.105428289220663,4.64167183112801,48614585.0,-0.0851664055101651,2
2024-06-24,533.0060424804688,542.739990234375,546.9500122070312,542.6199951171875,544.3300170898438,45528700,-0.0032506648170009,-0.0032559597055963,536.1949951171875,522.608999633789,483.3877502441407,64.15082840327628,6.281619386338662,7.948591533096271,4.619410778179135,48030460.0,-0.2923579313196122,2
2024-06-25,535.0587768554688,544.8300170898438,545.2000122070312,542.4400024414062,543.989990234375,37936200,0.0038508805193555,0.0038434848594231,536.9644958496094,523.2885998535156,483.8876502990723,66.58890679458378,6.097727221020136,8.004975724722696,4.486596420139554,47862715.0,-0.166762942934896,2
2024-06-26,535.7266235351562,545.510009765625,546.239990234375,543.030029296875,543.6900024414062,38550600,0.001248082254009,0.0012473040467964,537.7494964599609,524.1097998046876,484.3876004028321,67.36652936419623,5.938406823798459,8.036192911945912,4.395408171379586,47976765.0,0.0161956126338431,2
2024-06-27,536.5711059570312,546.3699951171875,546.9600219726562,544.6099853515625,545.3699951171875,35041500,0.0015764795075565,0.0015752381681971,538.7629974365234,524.9665997314453,484.8772003173828,68.36920347553368,5.814511818991036,7.76322474286779,4.249310203502026,47469325.0,-0.0910258206097959,2
2024-06-28,534.4595947265625,544.219970703125,550.280029296875,542.9500122070312,547.1599731445312,76144500,-0.0039351070396926,-0.003942869945335,539.8434967041015,525.8399993896485,485.36835021972655,63.14552834212172,5.479668921008738,6.846415482525565,4.469360695383577,48957670.0,1.172980608706819,2
2024-07-01,535.5595703125,545.3400268554688,545.8800048828125,542.52001953125,545.6300048828125,40297800,0.0020580945438233,0.0020559795686297,540.7419982910156,526.7564001464843,485.8625003051758,64.66034152350912,5.244230458434572,6.278921270326926,4.390119599396358,46433270.0,-0.4707720189902094,2
2024-07-02,539.1637573242188,549.010009765625,549.010009765625,543.6500244140625,543.7000122070312,40434800,0.0067297149107465,0.0067071714634874,541.8024993896485,527.8334002685547,486.3557504272461,69.13665784695631,5.292768983912538,5.746593134741764,4.459395724551082,46113225.0,0.0033996893130643,2
2024-07-03,541.56982421875,551.4600219726562,551.8300170898438,548.6500244140625,548.6900024414062,32789900,0.0044626002503618,0.0044526723749993,542.9559997558594,528.8682006835937,486.8962005615234,71.71262302815951,5.465923856754898,5.20225181041336,4.368009792496094,46021085.0,-0.1890673380355535,2
2024-07-05,544.6926879882812,554.6400146484375,555.0499877929688,551.1199951171875,551.77001953125,41488400,0.0057664972057374,0.0057499346023595,543.9545013427735,529.8480010986328,487.4512506103516,74.66797674642947,5.792971405263415,5.439248567206527,4.336722855587891,45714985.0,0.2652798575171013,2
2024-07-08,545.3212890625,555.280029296875,556.25,554.1900024414062,555.4400024414062,36110500,0.0011539280101222,0.001153262746924,544.9855041503906,530.8454016113282,488.0141007995605,75.22890898686747,6.034243771004299,5.538112293658208,4.17409962008831,45980085.0,-0.1296241841092932,2
2024-07-09,545.8516235351562,555.8200073242188,557.1799926757812,555.52001953125,556.260009765625,27289700,0.0009724427295314,0.0009719702134054,546.0760040283203,531.892001953125,488.6000007629394,75.71745512180053,6.197583686275948,5.408980106824948,4.011661317146734,45183345.0,-0.2442724415336259,2
2024-07-10,551.2529907226562,561.3200073242188,561.6699829101562,556.77001953125,557.0700073242188,38701200,0.0098952897116417,0.0098466519258639,547.3590057373046,532.9532019042969,489.2496507263184,80.03634219599743,6.693675258796247,5.834779207172789,4.1429694792032175,45334100.0,0.4181614308695223,2
2024-07-11,546.4996948242188,556.47998046875,562.3300170898438,555.8300170898438,561.4400024414062,53054200,-0.0086225803326357,-0.00865996986307,548.3355041503906,533.8816015625,489.87995056152346,68.49158893514817,6.619970784308293,5.631781854401837,4.3113288021172735,46167640.0,0.3708670532179881,2
2024-07-12,549.9468383789062,559.989990234375,563.6699829101562,557.1500244140625,557.6300048828125,53084400,0.0063075220831274,0.006287712919899,549.2670043945312,535.0418011474609,490.5187504577637,71.68172663616193,6.766784629938229,5.949072017541832,4.516948347780772,45659295.0,0.000569229203343,2
2024-07-15,551.4592895507812,561.530029296875,564.8400268554688,559.6300048828125,562.030029296875,40584300,0.0027501189116887,0.0027463442535965,550.2210052490234,536.2654016113281,491.197000579834,72.97462035536472,6.927547486856838,6.316835251060098,4.566453606700448,45450465.0,-0.2354759590388137,2
2024-07-16,554.7294311523438,564.8599853515625,565.1599731445312,562.0999755859375,562.8699951171875,36475300,0.0059301477765261,0.0059126336569689,551.3250030517578,537.4620013427734,491.89105056762696,75.57167557478988,7.240192402060529,6.854507301365036,4.499560052483005,45269735.0,-0.1012460483487457,2
2024-07-17,546.9514770507812,556.9400024414062,560.510009765625,556.6099853515625,558.7999877929688,57119000,-0.0140211434966966,-0.0141203683180385,551.8170043945313,538.3750012207031,492.5331506347656,60.64467694671964,6.770839298323722,6.888347105907589,4.76744862016279,45333710.0,0.5659638166101444,2
2024-07-18,542.748291015625,552.6599731445312,559.52001953125,550.4299926757812,558.510009765625,56270400,-0.0076849019250063,-0.0077145829454094,552.025503540039,539.0968005371094,493.1590504455567,54.39213352564747,5.984525107345348,6.845318517043837,5.07620420839893,46078410.0,-0.0148567026733661,2
2024-07-19,539.1441040039062,548.989990234375,554.0800170898438,547.9099731445312,552.4199829101562,65509100,-0.0066405802636198,-0.0066627270160458,552.1250030517579,539.7338000488281,493.76745040893553,49.66382131136138,5.007505094716294,6.782601498017014,5.154335618178471,45837455.0,0.1641840114873893,2
2024-07-22,544.7026977539062,554.6500244140625,555.27001953125,551.02001953125,553.0,43346700,0.0103099041519338,0.0102571195826869,552.6320037841797,540.4830004882813,494.4327505493164,56.0144890043202,4.636480687819926,6.558708930301219,5.234742309513938,44787860.0,-0.3383102500263322,2
2024-07-23,543.8482055664062,553.780029296875,556.739990234375,553.280029296875,554.5399780273438,34439600,-0.0015685478750434,-0.0015697793341651,553.1840057373047,541.1552014160156,495.0783506774902,54.86859245980859,4.223553343292679,6.133121902720733,5.107972211512943,44233405.0,-0.2054850772953881,2
2024-07-24,531.5232543945312,541.22998046875,549.1699829101562,540.2899780273438,548.8599853515625,74515300,-0.0226625160969773,-0.0229232578215259,553.00400390625,541.5630004882812,495.662000579834,41.63640743949202,2.850759610228124,6.436532581635731,5.706692144228535,46062360.0,1.1636517265008886,2
2024-07-25,528.7538452148438,538.4099731445312,547.4600219726562,537.4500122070312,541.3499755859375,61158300,-0.0052103679137959,-0.0052239892159594,552.6490020751953,541.9130004882812,496.206350402832,39.34058616476575,1.5177638264339066,7.039196057221134,6.014071974328282,47192745.0,-0.1792517778228095,2
2024-07-26,534.6756591796875,544.4400024414062,547.1900024414062,541.489990234375,542.280029296875,53763800,0.0111996983667617,0.0111374461180476,552.5525024414062,542.33580078125,496.7671003723145,46.17502040859115,0.9371254345916212,7.142279027882115,6.21164035451019,48128860.0,-0.1209075464818348,2
2024-07-29,534.989990234375,544.760009765625,547.0499877929688,542.719970703125,546.02001953125,39515800,0.0005877733502015,0.0005876006791036,552.5795043945312,542.635400390625,497.31820037841794,46.51939086394527,0.4970574732900559,7.1100674338113725,6.077238692748302,46297425.0,-0.2650110297263214,2
2024-07-30,532.2794799804688,542.0,547.3400268554688,538.52001953125,546.260009765625,46853600,-0.0050664691169465,-0.0050793471875824,552.4125030517578,542.9016003417969,497.8466003417969,43.909990390960736,-0.0735613092986113,7.325033531732544,6.273150737853334,46625215.0,0.1856928114830016,2
2024-07-31,540.9314575195312,550.8099975585938,553.5,547.5800170898438,548.97998046875,65663400,0.0162546080416858,0.0161239162279656,552.5025024414062,543.3288000488282,498.4323503112793,52.97704948373912,0.1830028265017063,7.292011757900459,6.646497113720954,47886645.0,0.4014590127546229,2
2024-08-01,533.2714233398438,543.010009765625,554.8699951171875,539.4299926757812,552.5700073242188,76428700,-0.0141609408462833,-0.014262163712746,552.0800018310547,543.5878002929687,498.9899003601074,45.90219934746444,-0.240292136928474,7.594131357508966,7.274604637127046,50068585.0,0.163946734406077,2
2024-08-02,523.3427124023438,532.9000244140625,536.989990234375,528.5999755859375,535.75,82789100,-0.018618414338119,-0.0187939188385394,550.9930023193359,543.6186010742188,499.4742004394531,38.68997519603991,-1.3756896760718291,8.685839352067614,7.784278175881364,52133620.0,0.0832200469195472,2
2024-08-05,508.10101318359375,517.3800048828125,523.5800170898438,510.2699890136719,511.6400146484375,146267400,-0.0291236982927795,-0.0295562114864632,549.0980010986328,543.3696008300781,499.8810005187988,30.712327230195317,-3.4876330134939053,11.40883015263305,8.844689406203454,57641465.0,0.7667470717763569,2
2024-08-06,512.7855224609375,522.1500244140625,529.75,517.8699951171875,519.219970703125,84826300,0.0092195668294727,0.0091773260524924,547.414501953125,543.2934008789063,500.34070068359375,35.13895434398407,-4.7220299903091245,12.767952058959455,9.096496956988029,60518295.0,-0.420060109087876,2
2024-08-07,509.3580932617188,518.6599731445312,531.5900268554688,518.0499877929688,528.469970703125,70698300,-0.0066840009697359,-0.0067064389437346,545.2815002441406,543.0778002929687,500.8018505859375,33.45483748738798,-5.913746469539319,13.840933413508,9.413892821667456,62118150.0,-0.1665521188593631,2
2024-08-08,521.133056640625,530.6500244140625,531.2899780273438,521.8400268554688,523.9099731445312,63276600,0.0231173637650077,0.0228542054770539,543.9900024414062,543.0946008300781,501.3491506958008,43.47741299392938,-5.823563023280826,13.945706963495372,9.643615111749243,62629270.0,-0.1049770645121593,2
2024-08-09,523.4310913085938,532.989990234375,534.510009765625,528.5599975585938,529.8099975585938,45619600,0.0044096216200051,0.0043999277257457,542.6400024414063,543.2324011230469,501.91180068969726,45.21171106531208,-5.499877146406334,13.618336653014136,9.379786332840816,62256030.0,-0.2790447021489777,2
2024-08-12,523.7060546875,533.27001953125,535.72998046875,530.9500122070312,534.2100219726562,42542100,0.0005253931631095,0.0005252551924453,541.227001953125,543.4456018066406,502.4600007629394,45.42751238719661,-5.161261918375999,13.007598646136431,9.05122789918924,62353920.0,-0.0674600391059982,2
2024-08-13,532.3187255859375,542.0399780273438,542.280029296875,536.280029296875,536.530029296875,52333100,0.0164456244958279,0.016311859783682,540.0860015869141,543.7390014648438,503.0824507141113,51.827046892235394,-4.137549458910257,11.767171589936249,9.048283746791794,63146810.0,0.2301484882034501,2
2024-08-14,533.998046875,543.75,544.9600219726562,540.1199951171875,542.8499755859375,42446900,0.0031547893918812,0.003149823485346,539.4265014648438,544.0580017089844,503.7384507751465,52.98476306259044,-3.1519319676765463,11.12495759580503,8.747693968840148,62413205.0,-0.1889091225247501,2
2024-08-15,543.1509399414062,553.0700073242188,553.3599853515625,548.8800048828125,549.5,60846800,0.017140243354885,0.0169950066299035,539.4470031738281,544.5516015625,504.4504008483887,58.79680769141358,-1.6003287111575446,11.150975934860742,8.809286210463172,62642025.0,0.433480419064761,2
2024-08-16,544.36865234375,554.3099975585938,555.02001953125,551.260009765625,551.4199829101562,44430700,0.0022420131591913,0.0022395035979679,539.713003540039,544.9444018554688,505.14400085449216,59.51391279302365,-0.2675311699899794,11.450042284096448,8.448623607260446,61588105.0,-0.2697939743749876,2
2024-08-19,549.5736694335938,559.6099853515625,559.6099853515625,553.8599853515625,554.72998046875,39121800,0.0095614147612563,0.009515993731818,539.9610015869141,545.4434020996093,505.85105072021486,62.51674158757064,1.2025232650646558,11.837743227838144,8.255864778170414,61376860.0,-0.1194872014170381,2
2024-08-20,548.679931640625,558.7000122070312,560.8400268554688,557.3300170898438,559.1500244140625,33732300,-0.0016260845380726,-0.0016274080484896,540.2070007324219,545.9372021484374,506.53125076293946,61.67098759198472,2.2679808962125207,12.18602696451253,7.91687513441717,61341495.0,-0.1377620661625999,2
2024-08-21,550.5654907226562,560.6199951171875,562.1099853515625,554.72998046875,559.77001953125,41514600,0.0034365184682416,0.0034306271319162,541.1765014648438,546.4364025878906,507.18055068969727,62.81407587658869,3.2300562422670964,13.014831679411524,7.878527259302551,59691460.0,0.2307076600172535,2
2024-08-22,546.244384765625,556.219970703125,563.1799926757812,554.97998046875,562.5599975585938,56121500,-0.0078484971145967,-0.0078794586756252,542.0670013427734,546.8218017578125,507.7882005310059,58.507740242233474,3.596010121475615,13.418611419942842,7.901490469854601,59439620.0,0.351849710704186,2
2024-08-23,552.0484619140625,562.1300048828125,563.0900268554688,557.2899780273438,559.530029296875,50639400,0.0106253541601832,0.0105693017859652,542.9515014648438,547.2372021484375,508.4204005432129,62.25120370154041,4.313201669417822,14.14654446157604,7.827816590032397,59283400.0,-0.0976827062712151,2
2024-08-26,550.732421875,560.7899780273438,563.9099731445312,559.0499877929688,563.1799926757812,35788600,-0.002383837980234,-0.0023866838456129,543.7529998779297,547.6040014648438,509.0397004699707,60.90936965172328,4.719053854754975,14.69776609151496,7.615828644427404,59097040.0,-0.2932657179982385,2
2024-08-27,551.4886474609375,561.5599975585938,562.0599975585938,558.3200073242188,559.489990234375,32693900,0.0013730978823098,0.0013721560454702,544.7309997558593,547.9796008300781,509.6612504577637,61.42393659606629,5.044676881603095,15.216591907207476,7.338983043709375,58389055.0,-0.086471669749585,2
2024-08-28,548.287109375,558.2999877929688,561.6500244140625,555.0399780273438,561.2100219726562,41066000,-0.0058052742000819,-0.0058221903045377,545.1054992675781,548.2036010742188,510.2835504150391,57.94620506770971,4.982247683367518,15.464231974257562,7.286916139638616,57159185.0,0.2560752923328204,2
2024-08-29,548.336181640625,558.3499755859375,563.6799926757812,557.1799926757812,560.3099975585938,38715200,8.953572284031708e-05,8.953171475672746e-05,545.8724975585938,548.40080078125,510.87225036621095,57.98548651583206,4.88054579719892,15.732912685205465,7.230707843950143,55273510.0,-0.0572444357862952,2
2024-08-30,553.5706176757812,563.6799926757812,564.2000122070312,557.1400146484375,560.77001953125,62700100,0.0095460147271437,0.0095007394329253,547.4114959716796,548.7344006347656,511.4897003173828,62.05536971139917,5.170432625206104,15.901700985146318,7.218514252138973,54269060.0,0.6195215315948257,2
2024-09-03,542.1787109375,552.0800170898438,560.8099975585938,549.510009765625,560.469970703125,60600100,-0.0205790088998415,-0.0207937073316302,549.1464965820312,548.88580078125,512.0064503479003,50.573367285676646,4.413275447983551,14.26094755885275,7.715047727711635,49985695.0,-0.0334927695490119,2
2024-09-04,541.0689086914062,550.9500122070312,554.4299926757812,549.4600219726562,550.2000122070312,47224900,-0.0020468135919301,-0.0020489111776035,550.5864959716797,549.0500012207032,512.5128004455566,49.610383924766566,3.6796245583913114,12.767328934887107,7.518970797384019,48105625.0,-0.2207125070750708,2
2024-09-05,539.7529907226562,549.6099853515625,553.7999877929688,547.0999755859375,550.8900146484375,44264300,-0.0024322113182296,-0.0024351739489822,552.1339965820313,549.1456005859375,513.0097003173828,48.43263457915959,2.955997080258612,10.338595610823,7.460473755215964,46783925.0,-0.0626915038464878,2
2024-09-06,530.6688842773438,540.3599853515625,551.5999755859375,539.4400024414062,549.9400024414062,68493800,-0.016830116348929,-0.0169733521483191,552.6194946289063,549.0426000976563,513.457550201416,41.16744272184611,1.6174741605791496,9.4679424156888,7.796152283024199,47044785.0,0.5473824278255841,2
2024-09-09,536.6103515625,546.4099731445312,547.7100219726562,542.6799926757812,544.6500244140625,40445800,0.011196217256969,0.0111340035578982,553.290493774414,549.0433996582032,513.9183000183106,46.78959971428856,1.0329612222569722,8.421253361439929,7.764286878600595,46786095.0,-0.4094969179692176,2
2024-09-10,538.9476928710938,548.7899780273438,549.1500244140625,543.3800048828125,548.3599853515625,36394600,0.0043557127427886,0.0043462540822322,554.0664916992188,549.1347998046875,514.395899963379,48.85999853449053,0.753095791462556,7.08899982870452,7.621839210932696,46478720.0,-0.1001636758328429,2
2024-09-11,544.4766845703125,554.4199829101562,555.3599853515625,539.9600219726562,548.7000122070312,75248600,0.0102589425977672,0.0102066768034078,554.6854919433594,549.3163989257813,514.8928999328614,53.471981068194175,0.9743629142102463,6.499591694655861,8.177419508645093,47624495.0,1.0675759590708511,2
2024-09-12,549.06298828125,559.0900268554688,559.4000244140625,552.739990234375,555.010009765625,51819600,0.0084232965788848,0.0083880185825045,555.4524932861328,549.5179992675781,515.4118501281738,56.94086004326563,1.5091556138328317,6.02930682190141,8.069034842290979,48093130.0,-0.3113546298535786,2
2024-09-13,551.9305419921875,562.010009765625,563.030029296875,559.4500122070312,559.7100219726562,39310500,0.0052227419018351,0.0052091506870809,555.8994934082032,549.7289990234375,515.9495001220703,58.99917219247953,2.1438874982352445,6.173060637869118,7.774103956513498,47016315.0,-0.2413970775536669,2
2024-09-16,552.7456665039062,562.8400268554688,563.1099853515625,559.9000244140625,561.739990234375,36656100,0.001476872431845,0.0014757829283282,556.3259948730469,549.8929992675781,516.4890502929687,59.59048989375323,2.6829649818059806,6.349609654905725,7.448093740869676,46627585.0,-0.0675239439844316,2
2024-09-17,552.9715576171875,563.0700073242188,566.5800170898438,560.7899780273438,565.0999755859375,49321000,0.0004086071668265,0.0004085237096515,556.4989959716797,550.048798828125,517.031350402832,59.763645074024936,3.093090056392157,6.489391486758171,7.3296612638432705,47137545.0,0.3455059321640872,2
2024-09-18,551.3316040039062,561.4000244140625,568.6900024414062,560.8300170898438,563.739990234375,59044900,-0.0029658530705484,-0.0029702599283185,556.6339965820313,550.1603991699219,517.55635055542,57.82597158551871,3.2459462210680385,6.565231144079484,7.367541555823215,48403175.0,0.1971553699235619,2
2024-09-19,560.7396850585938,570.97998046875,572.8800048828125,568.0800170898438,571.010009765625,75315500,0.0170644026328394,0.0169204411507317,557.1519958496094,550.3535986328125,518.1157504272461,64.86374341742732,4.092927502927978,7.267431110821225,7.661287192460842,50093220.0,0.2755631731106327,2
2024-09-20,559.7703857421875,568.25,569.3099975585938,565.1699829101562,567.8400268554688,77503100,-0.0047812192408371,-0.004792685833681,557.7534973144532,550.5889990234375,518.673550415039,61.70377641547597,4.492097558126829,7.672769653865533,7.529052218613193,51162300.0,0.029045813942681,2
2024-09-23,561.1691284179688,569.6699829101562,570.3300170898438,568.0999755859375,569.3400268554688,44116900,0.0024988700574681,0.0024957530732319,558.1304962158204,550.7825988769531,519.2389002990723,62.7210835267409,4.866920624883505,8.073878400477861,7.150551453276983,50836175.0,-0.4307724465214939,2
2024-09-24,562.7748413085938,571.2999877929688,571.3599853515625,567.5999755859375,570.47998046875,46805700,0.0028613143253319,0.0028572285574197,558.6559967041015,550.977998046875,519.821600189209,63.90635371034189,5.235150817411295,8.58211845310512,6.908369904158984,51387030.0,0.0609471653720004,2
2024-09-25,561.53369140625,570.0399780273438,571.8900146484375,568.9099731445312,571.1400146484375,38428600,-0.0022055133774685,-0.0022079491041084,559.0799957275391,551.0815979003906,520.3806500244141,62.25848607721267,5.363476818089339,8.935348760863178,6.627775018426646,51673765.0,-0.1789760648809867,2
2024-09-26,563.7599487304688,572.2999877929688,574.7100219726562,569.9000244140625,574.3800048828125,48336000,0.0039646513450615,0.0039568128260835,559.779995727539,551.3887976074219,520.9411499023438,64.04912821020804,5.583180568378907,9.406964021457526,6.497933771295725,52037265.0,0.2578131912169581,2
2024-09-27,562.9423217773438,571.469970703125,574.219970703125,570.4199829101562,573.3900146484375,42100900,-0.0014503182029491,-0.0014513709323789,560.4359954833984,551.7649975585938,521.4885498046875,62.86937804163167,5.625474957383062,9.75308942591929,6.3052233442723695,52206550.0,-0.1289949520026481,2
2024-09-30,565.1981811523438,573.760009765625,574.3800048828125,568.0800170898438,570.4199829101562,63557400,0.0040072780371684,0.0039992702842677,560.9399963378906,552.2603979492187,522.0368498229981,64.79605413685532,5.777184788997374,10.180626118765694,6.304849376322111,52249415.0,0.5096446869306832,2
2024-10-01,560.1348876953125,568.6199951171875,574.0599975585938,566.0,573.4000244140625,72668800,-0.0089584749040581,-0.0089988433141375,561.7669952392578,552.5397973632812,522.527449798584,57.5747639005094,5.420179245925169,10.09445501917472,6.430217103627228,52852850.0,0.1433570284498737,2
2024-10-02,560.371337890625,568.8599853515625,569.9000244140625,565.27001953125,567.7100219726562,38097800,0.0004220573255175,0.0004219682843773,562.6624938964844,552.841396484375,523.0116996765137,57.81118025337935,5.097850144027689,9.87641382406788,6.301630516426177,52396495.0,-0.4757337399269012,2
2024-10-03,559.3468627929688,567.8200073242188,569.7999877929688,565.489990234375,567.3599853515625,40846500,-0.0018281792604923,-0.0018298524197309,563.5729949951171,553.3731970214844,523.5041497802735,56.34586663607878,4.704256729886538,9.43950035165856,6.159371019438146,52225605.0,0.0721485230118275,2
2024-10-04,564.4297485351562,572.97998046875,573.3599853515625,568.0999755859375,572.3499755859375,42939100,0.0090873394349857,0.0090462980167999,565.2039947509766,554.0645971679687,524.0091996765136,61.552899341254,4.753897847375242,7.912094425648976,6.115128662859975,50947870.0,0.0512308276106887,2
2024-10-07,559.3271484375,567.7999877929688,571.9600219726562,566.6300048828125,571.2999877929688,49964700,-0.0090404426897141,-0.0090815554644288,566.2734954833984,554.531796875,524.473999633789,54.52211155876582,4.325396197796977,6.569750540825281,6.131903443079799,51423815.0,0.1636177749417198,2
2024-10-08,564.616943359375,573.1699829101562,573.780029296875,569.530029296875,570.4199829101562,37398700,0.009457547081078,0.009413104474973,567.4924957275391,555.0999963378906,524.9985494995117,59.66562874037728,4.368758946674461,5.292694794126627,6.12105616171026,51474020.0,-0.2514975572754364,2
2024-10-09,568.5277709960938,577.1400146484375,577.7100219726562,572.5499877929688,573.1599731445312,37912200,0.0069264474006893,0.0069025697586391,568.6284973144532,555.8027966308593,525.5207495117188,62.99755299199459,4.669643872106121,4.749591579952282,6.052411734422919,49607200.0,0.0137304237847839,2
2024-10-10,567.5327758789062,576.1300048828125,577.5800170898438,574.489990234375,575.77001953125,44138100,-0.0017500255397128,-0.0017515586232923,569.4804962158203,556.3091967773438,526.0331495666504,61.603304715806665,4.771594030418896,4.468521113495271,5.840812814497622,49223125.0,0.1642189057875829,2
2024-10-11,570.931396484375,579.5800170898438,580.3300170898438,575.9099731445312,576.0499877929688,42268000,0.0059882529599077,0.0059703946311481,570.3589965820313,557.0405969238282,526.5527996826172,64.49397299602839,5.072307019624645,4.646123648052742,5.739329323841543,49371000.0,-0.0423692909300581,2
2024-10-14,575.6005859375,584.3200073242188,585.27001953125,580.72998046875,581.219970703125,36217200,0.0081783189458035,0.0081450577196346,571.4329956054687,558.0689965820312,527.0918496704102,68.05259231486575,5.628223174939649,5.258818514770058,5.735805975096165,49349055.0,-0.1431532128324028,2
2024-10-15,571.1283569335938,579.780029296875,584.9000244140625,578.5399780273438,584.5900268554688,54203600,-0.0077696775233381,-0.0078000187308598,572.2684967041016,559.3169970703125,527.6072998046875,61.67642595572485,5.63746723547024,5.187131993243423,5.7803945759263495,49593185.0,0.4966259125498382,2
2024-10-16,573.6107788085938,582.2999877929688,582.8300170898438,578.9600219726562,579.780029296875,30725400,0.0043464044443715,0.0043369861093082,573.3134948730469,560.5199963378906,528.1422497558593,63.70896386497366,5.781487422349642,4.983589533215437,5.643937471730717,48177210.0,-0.4331483517699931,2
2024-10-17,573.659912109375,582.3499755859375,586.1199951171875,582.1599731445312,585.9099731445312,34393700,8.584543021927793e-05,8.58417457111971e-05,573.8819946289062,561.7937963867188,528.6907496643066,63.75003488611768,5.8324254847585735,5.339209397550955,5.523657793225397,46131120.0,0.1193898207997292,2
2024-10-18,575.8665771484375,584.5900268554688,585.3900146484375,582.5800170898438,584.0700073242188,37416800,0.0038465722734466,0.0038391931312019,574.6989959716797,562.8725964355468,529.2697497558594,65.62731168315743,5.984561384389053,5.671854563545374,5.346256455316441,44126805.0,0.0878969113529513,2
2024-10-21,574.9208984375,583.6300048828125,584.8499755859375,580.5999755859375,583.8499755859375,36439000,-0.0016422140791901,-0.0016435639908294,575.3969970703125,563.8853967285156,529.851499786377,64.09532506450545,5.958973098424622,5.87571535055444,5.267952422793838,43742910.0,-0.0261326462979196,2
2024-10-22,574.6155395507812,583.3200073242188,584.5,580.3800048828125,581.0499877929688,34183800,-0.000531154251838,-0.0005312953642281,575.997998046875,564.886396484375,530.4284997558593,63.57920913594511,5.8462876207194086,6.046839756270868,5.185955472393386,43111815.0,-0.0618897335272647,2
2024-10-23,569.3650512695312,577.989990234375,581.7100219726562,574.4199829101562,581.260009765625,49314600,-0.009137380893711,-0.0091793828126418,576.3954986572265,565.6053967285156,530.9454496765137,55.32959871387791,5.266190368960224,5.893935533284038,5.451246111084037,43656115.0,0.4426307198146491,2
2024-10-24,570.5963745117188,579.239990234375,580.0599975585938,576.5700073242188,579.97998046875,34979900,0.0021626672107126,0.0021603320122126,576.7424987792969,566.3151965332031,531.4722496032715,56.74702473195078,4.851399754402905,5.844208949840515,5.31115640560482,42988310.0,-0.2906786225580254,2
2024-10-25,570.3993530273438,579.0399780273438,584.4600219726562,578.0800170898438,581.510009765625,47268200,-0.0003453011021395,-0.0003453607322924,577.1209991455078,566.8345959472656,531.9846495056153,56.43843131792863,4.4551793560617625,5.72875661523447,5.387502725405369,43246675.0,0.3512960300058032,2
2024-10-28,572.1627807617188,580.8300170898438,582.7100219726562,580.52001953125,582.5800170898438,30174700,0.0030913911481522,0.0030866226235923,577.4744995117187,567.3649963378906,532.5070495605469,58.60789203506805,4.236774133218319,5.728578904776456,5.264827098255879,41577540.0,-0.3616279020567738,2
2024-10-29,573.088623046875,581.77001953125,582.9099731445312,578.4299926757812,579.8499755859375,42899700,0.0016183778622804,0.0016170697000382,578.1320007324218,567.8081970214844,533.0324996948242,59.74173901505571,4.092362553573139,5.404280935457433,5.208766624719744,40089085.0,0.4217109035052544,2
2024-10-30,571.3549194335938,580.010009765625,583.3200073242188,579.2899780273438,581.2899780273438,41435800,-0.0030252672130528,-0.0030298525842253,578.689501953125,568.2343969726562,533.5578997802735,56.61467548100397,3.792183328347392,4.953782672929942,5.124571101302263,40255985.0,-0.0341237817513875,2
2024-10-31,560.1546630859375,568.6400146484375,575.6300048828125,568.4400024414062,575.5599975585938,60182500,-0.0196031015426474,-0.0197977908813755,578.730502319336,568.3947973632812,534.039649810791,41.50158169191256,2.60677625275855,4.86162174393246,5.584959402939155,41222785.0,0.4524276109065108,2
2024-11-01,562.5187377929688,571.0399780273438,575.5499877929688,570.6199951171875,571.3200073242188,45667500,0.0042205320010586,0.0042116505367727,578.6335021972657,568.6911975097656,534.5123997497559,44.84825001189725,1.83978173370258,4.999786498065308,5.679603241624305,41359205.0,-0.2411830681676566,2
2024-11-04,561.3070678710938,569.8099975585938,572.5,567.8900146484375,571.1799926757812,38217000,-0.0021539305759273,-0.0021562536207746,578.7340026855469,568.8447973632813,534.94929977417,43.47550011670158,1.1197758282889936,4.786200714423124,5.603201963762747,40771820.0,-0.1631466579077024,2
2024-11-05,568.0943603515625,576.7000122070312,576.739990234375,570.52001953125,570.739990234375,39478300,0.0120917756409302,0.0120192541456443,578.9105041503906,569.162998046875,535.4155497741699,52.28596245631533,1.0925384575037924,4.632848243848388,5.697972728906926,40875800.0,0.0330036371248396,2
2024-11-06,582.2203369140625,591.0399780273438,591.9299926757812,585.3900146484375,589.2000122070312,68182000,0.0248655549103136,0.0245614380462097,579.605502319336,569.75259765625,535.9464497375488,64.63953547558913,2.2026769537225164,5.341650782288029,6.378830424610003,42389290.0,0.7270753806521557,2
2024-11-07,586.7221069335938,595.6099853515625,596.6500244140625,593.0,593.0800170898438,47233200,0.0077321458684938,0.0077024060320894,580.5795013427735,570.4987976074219,536.4975495910644,67.52520321375158,3.411900838974361,6.354535641914288,6.323917279046342,42544045.0,-0.3072482473380071,2
2024-11-08,589.2636108398438,598.1900024414062,599.6400146484375,596.1699829101562,596.1699829101562,46444900,0.0043317223574095,0.0043223674536198,581.5100006103515,571.2955981445313,537.048349609375,69.06029686226216,4.526229738130951,7.465839903032797,6.160068137462675,42752890.0,-0.0166895319393985,2
2024-11-11,589.8250732421875,598.760009765625,600.1699829101562,597.0,599.8099975585938,37586800,0.0009528867448342,0.0009524330364589,582.2320007324219,571.9971984863281,537.6050996398926,69.40440102724038,5.393169149509049,8.392595540732835,5.946490621226502,42821370.0,-0.1907227704225867,2
2024-11-12,587.992919921875,596.9000244140625,599.2899780273438,594.3699951171875,598.6799926757812,43006100,-0.003106395419244,-0.0031112302807517,583.0880004882813,572.8935986328125,538.1332498168945,66.79389715579153,5.862559667136225,8.981740487350244,5.873168641864341,42261495.0,0.1441809358604615,2
2024-11-13,588.2785034179688,597.1900024414062,599.22998046875,594.9600219726562,597.3699951171875,47388600,0.000485806693723,0.0004856887278553,583.8325012207031,573.8183984375,538.6647497558594,67.00227978701227,6.186638124243245,9.514314560941814,5.758653631452156,43094655.0,0.1019041484812619,2
2024-11-14,584.495849609375,593.3499755859375,597.8099975585938,592.6500244140625,597.3200073242188,38904100,-0.0064301593123965,-0.0064509218388801,584.3825012207031,574.6931982421875,539.217099609375,61.498489101615135,6.063715820124457,9.739382574620434,5.715890739529234,43320175.0,-0.1790409507771911,2
2024-11-15,577.00927734375,585.75,590.2000122070312,583.8599853515625,589.719970703125,75988800,-0.0128085883519797,-0.0128913255771016,584.4404998779297,575.6009985351562,539.6998495483399,52.33560493951644,5.292041138302807,9.744136144636649,5.985469274875361,45248775.0,0.9532337208674664,2
2024-11-18,579.3734741210938,588.1500244140625,589.489990234375,585.3400268554688,586.219970703125,37001700,0.0040973528195689,0.0040889815284696,584.6665008544921,576.4357995605469,540.1688496398925,54.634310829779565,4.818599490267388,9.776711685423376,5.854361710877567,45276910.0,-0.513063767292022,2
2024-11-19,581.4913940429688,590.2999877929688,591.0399780273438,584.030029296875,584.7100219726562,49412000,0.0036554676352316,0.0036488026509003,585.0154998779296,577.2659997558594,540.6575996398926,56.65113101932217,4.564263659608059,9.850420402756232,5.9369036408483655,46038320.0,0.3353981033303874,2
2024-11-20,581.6883544921875,590.5,590.7899780273438,584.6300048828125,590.3800048828125,50032600,0.0003388314605579,0.0003387740701419,585.641000366211,577.9876000976562,541.1401995849609,56.84335054905789,4.328938684471723,9.777745404556487,5.952837176825715,46074220.0,0.0125597020966565,2
2024-11-21,584.81103515625,593.6699829101562,595.1199951171875,587.4500122070312,593.4000244140625,46750300,0.0053683029807896,0.0053539450047312,586.3625,578.67919921875,541.6180494689942,59.87981219046505,4.348110760209579,9.81288678562432,6.075490443492181,46662740.0,-0.0656032266961941,2
2024-11-22,586.6236572265625,595.510009765625,596.1500244140625,593.1500244140625,593.6599731445312,38226400,0.0030994102926493,0.0030946170222222,587.186001586914,579.34919921875,542.1039994812012,61.57002767102602,4.460363266591912,9.857021819578488,5.855812554671311,46210650.0,-0.1823282417439032,2
2024-11-25,588.613525390625,597.530029296875,600.8599853515625,595.2000122070312,599.52001953125,42441400,0.0033920832532186,0.0033863431158401,588.0210021972656,580.0429992675781,542.5856495666504,63.39331698490479,4.658621195548562,9.996611409643704,5.841824025375592,46823985.0,0.1102641106669735,2
2024-11-26,591.6868896484375,600.6500244140625,601.3300170898438,598.0700073242188,598.7999877929688,45621300,0.0052214867273847,0.0052079020332436,588.9650024414062,580.794599609375,543.0839996337891,66.0708882241755,5.009750280910794,10.26313597933401,5.695978580203675,46960065.0,0.0749244841122112,2
2024-11-27,589.8941040039062,598.8300170898438,600.8499755859375,597.280029296875,600.4600219726562,34000200,-0.0030300628489846,-0.0030346627838302,589.9060028076171,581.5431994628906,543.607749786377,63.16831072968216,5.0825744754203015,10.261640960602772,5.544119130836448,46588285.0,-0.2547296986276147,2
2024-11-29,593.55859375,602.5499877929688,603.3499755859375,599.3800048828125,599.6599731445312,30177400,0.0062120645207517,0.0061928491848251,591.6015014648438,582.174599609375,544.1276496887207,66.41588201322486,5.378459191306206,9.321333818245934,5.470964799783397,45088030.0,-0.1124346327374544,2
2024-12-02,594.6224365234375,603.6300048828125,604.3200073242188,602.469970703125,602.969970703125,31746000,0.0017924107737512,0.001790806322498,593.2310028076172,582.8821997070313,544.6357496643067,67.31690530583188,5.635139928112494,8.3340177167391,5.212327072734136,44391955.0,0.0519792957643798,2
2024-12-03,594.8982543945312,603.9099731445312,604.1599731445312,602.3400268554688,603.3900146484375,26906600,0.0004638077289962,0.0004637002034376,594.936001586914,583.5669995117188,545.1577494812012,67.55987241214709,5.794358601153476,6.597518188041732,4.970014159614734,43826435.0,-0.1524412524412524,2
2024-12-04,598.59228515625,607.6599731445312,607.9099731445312,604.9500122070312,605.6300048828125,42787600,0.006209534809425,0.0061903350880498,596.483999633789,584.29419921875,545.7122492980957,70.70164467443053,6.152215298252258,5.658900130546695,4.900727433927967,43991900.0,0.5902269331688137,2
2024-12-05,597.607177734375,606.6599731445312,608.47998046875,606.2999877929688,607.6599731445312,28762200,-0.0016456571836139,-0.0016470127648157,597.2649993896484,585.0265991210938,546.259499206543,68.78844175566283,6.282704558961996,5.938960197531233,4.706389236917488,42020910.0,-0.3277912292346381,2
2024-12-06,598.7401123046875,607.8099975585938,609.0700073242188,607.02001953125,607.4400024414062,31241500,0.0018956655539701,0.001893871047522,597.875,585.7367993164063,546.7610491943359,69.80053947596369,6.405081801278584,6.370861366010354,4.542363875686775,41221325.0,0.0861999429807176,2
2024-12-09,595.65673828125,604.6799926757812,607.8599853515625,604.0800170898438,607.6900024414062,34742700,-0.0051496436310439,-0.0051629487431873,598.1994995117187,586.4009997558594,547.2451991271972,63.74216080269817,6.178282022683675,6.550501453166395,4.48790704611763,40636215.0,0.1120688827361042,2
2024-12-10,593.8048706054688,602.7999877929688,605.7999877929688,602.1300048828125,605.3699951171875,37234500,-0.0031090906026065,-0.0031139338661629,598.401498413086,586.9817993164063,547.7292491149902,60.35371688032623,5.780210216635055,6.63049798093657,4.42948389354896,40618600.0,0.0717215415036827,2
2024-12-11,598.395263671875,607.4600219726562,608.4299926757812,605.5,605.780029296875,28677700,0.0077306474353944,0.0077009190950897,598.9294982910156,587.7585998535156,548.2318992614746,65.28048357534622,5.7741998733339415,6.918827530413448,4.51523539278207,39902180.0,-0.2298083766399441,2
2024-12-12,595.3120727539062,604.3300170898438,607.1599731445312,604.3300170898438,606.5800170898438,31543800,-0.0051526104922068,-0.0051659309661596,599.2864990234375,588.4680004882813,548.7222492980957,59.89652463263263,5.4540010681490685,7.007980715784037,4.416290356355672,39109940.0,0.0999417665991344,2
2024-12-13,595.1937866210938,604.2100219726562,607.1300048828125,602.8099975585938,606.4000244140625,35904700,-0.0001985589227643,-0.000198578638197,599.8295013427735,589.19580078125,549.2028994750976,59.693266951293545,5.1314069400018525,6.944235844719357,4.409412996917321,38959970.0,0.138249037845789,2
2024-12-16,597.7352905273438,606.7899780273438,607.780029296875,605.2100219726562,606.0,43695200,0.0042699656756177,0.0042608752402266,600.8815002441406,589.8720007324218,549.6725994873046,62.62960748406178,5.025993140944138,6.258920630505261,4.349455448867423,37345290.0,0.216977164549488,2
2024-12-17,595.2726440429688,604.2899780273438,605.1699829101562,602.8900146484375,604.1900024414062,55773500,-0.0041200416792106,-0.0041285524354204,601.6884979248047,590.6018005371094,550.1325494384765,58.204746730691205,4.686697507597614,5.528919189017744,4.317348872441625,38283880.0,0.2764216664530659,2
2024-12-18,577.5313720703125,586.280029296875,606.4099731445312,585.8900146484375,603.97998046875,108248700,-0.0298034873741589,-0.0302566376674408,601.4875,590.8640014648438,550.528049621582,37.597007544593545,2.930766870407183,6.016314397643411,5.474678131273919,41225715.0,0.9408625960357516,2
2024-12-19,577.3539428710938,586.0999755859375,593.0,585.8499755859375,591.3599853515625,85919500,-0.0003071121340316,-0.0003071593026207,601.2674987792968,591.0432006835938,550.9097994995117,37.45423419430325,1.5072754270588575,6.500232709582077,5.594345722901674,43020060.0,-0.2062768421237391,2
2024-12-20,584.2886352539062,591.1500244140625,595.75,580.9099731445312,581.77001953125,125716700,0.0086163607549656,0.0085794517811215,601.1415008544922,591.3436010742188,551.291499633789,43.8901607519923,0.7776803232369502,6.677263112919398,6.254751518085037,46968380.0,0.4631917085178567,2
2024-12-23,587.7875366210938,594.6900024414062,595.2999877929688,587.6599731445312,590.8900146484375,57635800,0.0059882904189212,0.0059704318671821,601.1005004882812,591.64580078125,551.7063496398926,47.934545825338,0.4795891834125996,6.716066871369375,6.353698884538785,47938850.0,-0.5415422135643078,2
2024-12-24,594.32080078125,601.2999877929688,601.3400268554688,595.469970703125,596.0599975585938,33160100,0.0111150100462866,0.0110536922688843,601.2889984130859,591.985400390625,552.1564495849609,54.52573500223868,0.7678688690489253,6.663278912684728,6.374864993790479,47474785.0,-0.4246614083607758,2
2024-12-26,594.3603515625,601.3400268554688,602.47998046875,598.0800170898438,599.5,41219100,6.658749927290764e-05,6.658528242378701e-05,601.3234985351562,592.4166003417969,552.579249572754,54.56325729708872,0.9881723785184704,6.661582483315872,6.23380059272732,47254675.0,0.2430330427230316,2
2024-12-27,588.1038208007812,595.010009765625,597.780029296875,590.760009765625,597.5399780273438,64969300,-0.0105265187866251,-0.0105823144872536,601.1324981689453,592.67080078125,552.9744497680664,47.84216046055605,0.6445549912660908,6.790356979940186,6.544244628235637,48803130.0,0.5761940459641284,2
2024-12-30,581.392578125,588.219970703125,591.739990234375,584.4099731445312,587.8900146484375,56578800,-0.011411638377604,-0.0114772507636494,600.4159973144531,592.7882006835938,553.3407995605469,41.88246375285717,-0.173661804202311,7.364661816000394,6.8339440562969305,50123200.0,-0.1291456118505202,2
